roll,status,marks,total,percentage,grade,name,source_page
800001,PASS,610,1100,55.45,C,,29
800002,PASS,576,1100,52.36,C,,29
800003,PASS,636,1100,57.82,C,,29
800004,PASS,709,1100,64.45,B,,29
800011,PASS,443,1100,40.27,D,,29
800012,PASS,478,1100,43.45,D,,29
800015,PASS,546,1100,49.64,D,,29
800016,PASS,439,1100,39.91,E,,29
800022,PASS,533,1100,48.45,D,,29
800023,PASS,738,1100,67.09,B,,29
800025,PASS,471,1100,42.82,D,,29
800027,PASS,421,1100,38.27,E,,29
800028,PASS,457,1100,41.55,D,,29
800031,PASS,405,1100,36.82,E,,29
800035,PASS,528,1100,48.0,D,,29
800036,PASS,504,1100,45.82,D,,29
800037,WITHHELD — COMPUTERIZED ENROLMENT CARD,,,,,,124
800038,PASS,466,1100,42.36,D,,29
800040,PASS,518,1100,47.09,D,,29
800042,PASS,502,1100,45.64,D,,29
800043,PASS,443,1100,40.27,D,,29
800044,PASS,865,1100,78.64,A,,29
800045,WITHHELD — COMPUTERIZED ENROLMENT CARD,,,,,,124
800049,PASS,473,1100,43.0,D,,29
800051,PASS,557,1100,50.64,C,,29
800055,PASS,446,1100,40.55,D,,29
800058,PASS,459,1100,41.73,D,,29
800059,PASS,601,1100,54.64,C,,29
800065,PASS,490,1100,44.55,D,,29
800067,PASS,418,1100,38.0,E,,29
800071,PASS,468,1100,42.55,D,,29
800083,WITHHELD — COMPUTERIZED ENROLMENT CARD,,,,,,124
800085,PASS,805,1100,73.18,A,,29
800094,WITHHELD — COMPUTERIZED ENROLMENT CARD,,,,,,124
800130,PASS,566,1100,51.45,C,,30
800132,PASS,459,1100,41.73,D,,30
800133,PASS,614,1100,55.82,C,,30
800135,PASS,611,1100,55.55,C,,30
800136,PASS,894,1100,81.27,A-1,,29
800137,PASS,780,1100,70.91,A,,30
800142,PASS,507,1100,46.09,D,,30
800145,PASS,928,1100,84.36,A-1,,29
800153,PASS,479,1100,43.55,D,,30
800159,PASS,531,1100,48.27,D,,30
800161,PASS,708,1100,64.36,B,,30
800166,PASS,595,1100,54.09,C,,30
800172,PASS,802,1100,72.91,A,,30
800175,PASS,765,1100,69.55,B,,30
800180,PASS,816,1100,74.18,A,,30
800187,PASS,612,1100,55.64,C,,30
800195,PASS,630,1100,57.27,C,,30
800197,PASS,726,1100,66.0,B,,30
800200,PASS,900,1100,81.82,A-1,,29
800209,PASS,618,1100,56.18,C,,30
800220,PASS,794,1100,72.18,A,,30
800234,PASS,557,1100,50.64,C,,30
800236,PASS,586,1100,53.27,C,,30
800237,PASS,555,1100,50.45,C,,30
800240,PASS,880,1100,80.0,A-1,,29
800249,PASS,571,1100,51.91,C,,30
800250,PASS,904,1100,82.18,A-1,,29
800251,PASS,486,1100,44.18,D,,30
800255,PASS,793,1100,72.09,A,,30
800260,PASS,476,1100,43.27,D,,30
800262,PASS,496,1100,45.09,D,,30
800274,PASS,504,1100,45.82,D,,30
800277,PASS,760,1100,69.09,B,,30
800282,PASS,498,1100,45.27,D,,30
800283,PASS,556,1100,50.55,C,,30
800284,PASS,628,1100,57.09,C,,30
800285,PASS,525,1100,47.73,D,,30
800287,PASS,571,1100,51.91,C,,30
800289,PASS,583,1100,53.0,C,,30
800290,PASS,527,1100,47.91,D,,30
800294,PASS,518,1100,47.09,D,,30
800296,PASS,745,1100,67.73,B,,30
800305,PASS,918,1100,83.45,A-1,,29
800307,PASS,493,1100,44.82,D,,30
800315,PASS,535,1100,48.64,D,,30
800318,PASS,603,1100,54.82,C,,30
800324,PASS,629,1100,57.18,C,,30
800325,PASS,523,1100,47.55,D,,30
800331,PASS,668,1100,60.73,B,,30
800332,PASS,541,1100,49.18,D,,30
800336,PASS,553,1100,50.27,C,,30
800346,PASS,490,1100,44.55,D,,30
800351,PASS,569,1100,51.73,C,,30
800356,PASS,681,1100,61.91,B,,30
800357,PASS,496,1100,45.09,D,,30
800358,PASS,565,1100,51.36,C,,30
800359,PASS,629,1100,57.18,C,,30
800365,PASS,551,1100,50.09,C,,30
800366,PASS,572,1100,52.0,C,,30
800367,PASS,648,1100,58.91,C,,30
800369,PASS,488,1100,44.36,D,,30
800371,PASS,531,1100,48.27,D,,30
800372,PASS,460,1100,41.82,D,,30
800374,PASS,484,1100,44.0,D,,30
800375,PASS,541,1100,49.18,D,,30
800377,PASS,637,1100,57.91,C,,30
800378,PASS,672,1100,61.09,B,,30
800388,PASS,469,1100,42.64,D,,30
800392,PASS,684,1100,62.18,B,,30
800393,PASS,607,1100,55.18,C,,30
800405,PASS,455,1100,41.36,D,,30
800406,PASS,710,1100,64.55,B,,30
800409,PASS,483,1100,43.91,D,,30
800410,WITHHELD — VERIFICATION OF ENROLMENT CARD,,,,,,125
800414,WITHHELD — VERIFICATION OF ENROLMENT CARD,,,,,,125
800416,PASS,623,1100,56.64,C,,30
800420,WITHHELD — VERIFICATION OF ENROLMENT CARD,,,,,,125
800423,PASS,722,1100,65.64,B,,30
800425,WITHHELD — COMPUTERIZED ENROLMENT CARD,,,,,,124
800430,PASS,774,1100,70.36,A,,30
800435,PASS,458,1100,41.64,D,,30
800440,PASS,490,1100,44.55,D,,30
800442,PASS,519,1100,47.18,D,,30
800445,WITHHELD — COMPUTERIZED ENROLMENT CARD,,,,,,124
800446,WITHHELD — VERIFICATION OF ENROLMENT CARD,,,,,,125
800448,WITHHELD — COMPUTERIZED ENROLMENT CARD,,,,,,124
800449,WITHHELD — VERIFICATION OF ENROLMENT CARD,,,,,,125
800521,PASS,519,1100,47.18,D,,30
800522,PASS,674,1100,61.27,B,,30
800524,PASS,504,1100,45.82,D,,30
800526,PASS,744,1100,67.64,B,,30
800527,PASS,560,1100,50.91,C,,30
800528,PASS,625,1100,56.82,C,,30
800529,PASS,566,1100,51.45,C,,30
800541,PASS,567,1100,51.55,C,,31
800542,PASS,783,1100,71.18,A,,31
800543,PASS,697,1100,63.36,B,,31
800551,PASS,752,1100,68.36,B,,31
800552,PASS,586,1100,53.27,C,,31
800553,PASS,719,1100,65.36,B,,31
800554,PASS,541,1100,49.18,D,,31
800555,PASS,590,1100,53.64,C,,31
800557,PASS,672,1100,61.09,B,,31
800558,PASS,564,1100,51.27,C,,31
800559,PASS,582,1100,52.91,C,,31
800560,PASS,538,1100,48.91,D,,31
800561,PASS,629,1100,57.18,C,,31
800562,PASS,483,1100,43.91,D,,31
800563,PASS,517,1100,47.0,D,,31
800564,PASS,608,1100,55.27,C,,31
800565,PASS,532,1100,48.36,D,,31
800566,PASS,714,1100,64.91,B,,31
800567,PASS,624,1100,56.73,C,,31
800570,PASS,537,1100,48.82,D,,31
800571,PASS,560,1100,50.91,C,,31
800572,PASS,489,1100,44.45,D,,31
800601,PASS,928,1100,84.36,A-1,,32
800602,PASS,753,1100,68.45,B,,32
800603,PASS,743,1100,67.55,B,,32
800604,PASS,800,1100,72.73,A,,32
800605,PASS,734,1100,66.73,B,,32
800606,PASS,716,1100,65.09,B,,32
800607,PASS,797,1100,72.45,A,,32
800609,PASS,682,1100,62.0,B,,32
800610,PASS,771,1100,70.09,A,,32
800611,PASS,745,1100,67.73,B,,32
800612,PASS,902,1100,82.0,A-1,,32
800613,PASS,913,1100,83.0,A-1,,32
800614,PASS,667,1100,60.64,B,,32
800615,PASS,670,1100,60.91,B,,32
800616,PASS,735,1100,66.82,B,,32
800621,PASS,869,1100,79.0,A,,33
800622,PASS,857,1100,77.91,A,,33
800623,PASS,847,1100,77.0,A,,33
800624,PASS,778,1100,70.73,A,,33
800625,PASS,594,1100,54.0,C,,33
800626,PASS,871,1100,79.18,A,,33
800627,PASS,692,1100,62.91,B,,33
800628,PASS,599,1100,54.45,C,,33
800630,PASS,504,1100,45.82,D,,33
800631,PASS,522,1100,47.45,D,,33
800634,PASS,470,1100,42.73,D,,33
800635,PASS,834,1100,75.82,A,,33
800636,PASS,646,1100,58.73,C,,33
800637,PASS,469,1100,42.64,D,,33
800639,PASS,471,1100,42.82,D,,33
800640,PASS,690,1100,62.73,B,,33
800642,PASS,590,1100,53.64,C,,33
800643,PASS,542,1100,49.27,D,,33
800644,PASS,683,1100,62.09,B,,33
800646,PASS,789,1100,71.73,A,,33
800647,PASS,665,1100,60.45,B,,33
800648,PASS,544,1100,49.45,D,,33
800652,PASS,626,1100,56.91,C,,33
800653,PASS,621,1100,56.45,C,,33
800654,PASS,659,1100,59.91,C,,33
800656,PASS,554,1100,50.36,C,,33
800660,PASS,508,1100,46.18,D,,33
800661,PASS,553,1100,50.27,C,,33
800662,PASS,558,1100,50.73,C,,33
800663,PASS,629,1100,57.18,C,,33
800664,PASS,512,1100,46.55,D,,33
800665,PASS,548,1100,49.82,D,,33
800667,PASS,594,1100,54.0,C,,33
800668,PASS,620,1100,56.36,C,,33
800669,PASS,628,1100,57.09,C,,33
800672,PASS,684,1100,62.18,B,,33
800673,PASS,564,1100,51.27,C,,33
800674,PASS,663,1100,60.27,B,,33
800675,PASS,612,1100,55.64,C,,33
800677,PASS,619,1100,56.27,C,,33
800678,PASS,579,1100,52.64,C,,33
800680,PASS,690,1100,62.73,B,,33
800682,PASS,505,1100,45.91,D,,33
800683,PASS,569,1100,51.73,C,,33
800687,PASS,620,1100,56.36,C,,33
800689,PASS,547,1100,49.73,D,,33
800690,PASS,529,1100,48.09,D,,33
800692,PASS,546,1100,49.64,D,,33
800694,PASS,658,1100,59.82,C,,33
800697,PASS,523,1100,47.55,D,,33
800698,PASS,625,1100,56.82,C,,33
800699,PASS,779,1100,70.82,A,,33
800700,PASS,850,1100,77.27,A,,33
800701,PASS,512,1100,46.55,D,,33
800702,PASS,641,1100,58.27,C,,33
800703,PASS,530,1100,48.18,D,,33
800704,PASS,621,1100,56.45,C,,33
800706,PASS,540,1100,49.09,D,,33
800707,PASS,555,1100,50.45,C,,33
800708,PASS,720,1100,65.45,B,,33
800709,PASS,761,1100,69.18,B,,33
800710,PASS,485,1100,44.09,D,,33
800711,PASS,562,1100,51.09,C,,33
800715,PASS,704,1100,64.0,B,,33
800716,PASS,493,1100,44.82,D,,33
800717,PASS,795,1100,72.27,A,,33
800718,PASS,580,1100,52.73,C,,33
800721,PASS,865,1100,78.64,A,,33
800722,PASS,737,1100,67.0,B,,33
800723,PASS,514,1100,46.73,D,,33
800724,PASS,662,1100,60.18,B,,33
800726,PASS,593,1100,53.91,C,,33
800730,PASS,670,1100,60.91,B,,33
800731,PASS,507,1100,46.09,D,,33
800733,PASS,563,1100,51.18,C,,33
800735,PASS,504,1100,45.82,D,,33
800736,PASS,572,1100,52.0,C,,33
800737,PASS,492,1100,44.73,D,,33
800739,PASS,513,1100,46.64,D,,33
800740,PASS,601,1100,54.64,C,,33
800742,PASS,566,1100,51.45,C,,33
800743,PASS,601,1100,54.64,C,,33
800745,PASS,640,1100,58.18,C,,33
800746,PASS,546,1100,49.64,D,,33
800748,PASS,530,1100,48.18,D,,33
800753,PASS,541,1100,49.18,D,,33
800794,PASS,617,1100,56.09,C,,34
800795,PASS,655,1100,59.55,C,,34
800798,PASS,518,1100,47.09,D,,34
800800,PASS,539,1100,49.0,D,,34
800803,PASS,700,1100,63.64,B,,34
800804,PASS,567,1100,51.55,C,,34
800806,PASS,562,1100,51.09,C,,34
800810,PASS,566,1100,51.45,C,,34
800813,PASS,611,1100,55.55,C,,34
800815,PASS,630,1100,57.27,C,,34
800816,PASS,527,1100,47.91,D,,34
800821,PASS,480,1100,43.64,D,,34
800822,PASS,669,1100,60.82,B,,34
800829,PASS,547,1100,49.73,D,,34
800831,PASS,659,1100,59.91,C,,34
800832,PASS,549,1100,49.91,D,,34
800833,PASS,621,1100,56.45,C,,34
800834,PASS,604,1100,54.91,C,,34
800835,PASS,705,1100,64.09,B,,34
800836,PASS,594,1100,54.0,C,,34
800837,PASS,639,1100,58.09,C,,34
800841,PASS,469,1100,42.64,D,,34
800844,PASS,650,1100,59.09,C,,34
800845,PASS,563,1100,51.18,C,,34
800846,PASS,659,1100,59.91,C,,34
800847,PASS,662,1100,60.18,B,,34
800848,PASS,590,1100,53.64,C,,34
800849,PASS,730,1100,66.36,B,,34
800850,PASS,516,1100,46.91,D,,34
800851,PASS,571,1100,51.91,C,,34
800852,PASS,677,1100,61.55,B,,34
800853,PASS,632,1100,57.45,C,,34
800854,PASS,586,1100,53.27,C,,34
800855,PASS,758,1100,68.91,B,,34
800856,PASS,698,1100,63.45,B,,34
800857,PASS,606,1100,55.09,C,,34
800858,PASS,557,1100,50.64,C,,34
800859,PASS,484,1100,44.0,D,,34
800863,PASS,527,1100,47.91,D,,34
800864,PASS,643,1100,58.45,C,,34
800865,PASS,493,1100,44.82,D,,34
800867,PASS,589,1100,53.55,C,,34
800868,PASS,587,1100,53.36,C,,34
800872,PASS,543,1100,49.36,D,,34
800875,PASS,534,1100,48.55,D,,34
800877,PASS,584,1100,53.09,C,,34
800878,PASS,790,1100,71.82,A,,34
800879,PASS,614,1100,55.82,C,,34
800880,PASS,641,1100,58.27,C,,34
800882,PASS,815,1100,74.09,A,,34
800890,PASS,545,1100,49.55,D,,34
800891,PASS,663,1100,60.27,B,,34
800892,PASS,511,1100,46.45,D,,34
800893,PASS,751,1100,68.27,B,,34
800894,PASS,464,1100,42.18,D,,34
800896,PASS,759,1100,69.0,B,,34
800897,PASS,510,1100,46.36,D,,34
800898,PASS,488,1100,44.36,D,,34
800899,PASS,677,1100,61.55,B,,34
800901,PASS,640,1100,58.18,C,,34
800903,PASS,574,1100,52.18,C,,34
800904,PASS,464,1100,42.18,D,,34
800905,PASS,525,1100,47.73,D,,34
800913,PASS,553,1100,50.27,C,,34
800915,PASS,770,1100,70.0,A,,34
800916,PASS,472,1100,42.91,D,,34
800919,PASS,524,1100,47.64,D,,34
800920,PASS,548,1100,49.82,D,,34
800921,PASS,549,1100,49.91,D,,34
800922,PASS,657,1100,59.73,C,,34
800923,PASS,611,1100,55.55,C,,34
800927,PASS,482,1100,43.82,D,,34
800928,PASS,455,1100,41.36,D,,34
800930,PASS,469,1100,42.64,D,,34
800931,PASS,672,1100,61.09,B,,34
800934,PASS,727,1100,66.09,B,,34
800935,PASS,648,1100,58.91,C,,34
800936,PASS,645,1100,58.64,C,,34
800937,PASS,789,1100,71.73,A,,34
800938,PASS,604,1100,54.91,C,,34
800939,PASS,587,1100,53.36,C,,34
800940,PASS,785,1100,71.36,A,,34
800941,PASS,516,1100,46.91,D,,34
800942,PASS,823,1100,74.82,A,,34
800944,PASS,537,1100,48.82,D,,34
800945,PASS,527,1100,47.91,D,,34
800946,PASS,513,1100,46.64,D,,34
800948,PASS,648,1100,58.91,C,,34
800949,PASS,619,1100,56.27,C,,34
800950,PASS,663,1100,60.27,B,,34
800951,PASS,592,1100,53.82,C,,34
800952,PASS,480,1100,43.64,D,,34
800953,PASS,592,1100,53.82,C,,34
800957,PASS,695,1100,63.18,B,,34
800958,PASS,557,1100,50.64,C,,34
800960,PASS,679,1100,61.73,B,,34
800961,PASS,645,1100,58.64,C,,34
800962,PASS,632,1100,57.45,C,,34
800964,PASS,537,1100,48.82,D,,34
800966,PASS,518,1100,47.09,D,,34
800968,PASS,793,1100,72.09,A,,34
800973,PASS,538,1100,48.91,D,,34
800974,PASS,526,1100,47.82,D,,34
800975,PASS,536,1100,48.73,D,,34
800977,PASS,493,1100,44.82,D,,34
800978,WITHHELD — VERIFICATION OF ENROLMENT CARD,,,,,,125
801021,PASS,530,1100,48.18,D,,35
801023,PASS,694,1100,63.09,B,,34
801024,PASS,674,1100,61.27,B,,34
801025,PASS,656,1100,59.64,C,,34
801026,PASS,508,1100,46.18,D,,35
801027,PASS,757,1100,68.82,B,,34
801028,PASS,581,1100,52.82,C,,35
801029,PASS,614,1100,55.82,C,,35
801030,PASS,866,1100,78.73,A,,34
801031,WITHHELD — COMPUTERIZED ENROLMENT CARD,,,,,,124
801032,PASS,580,1100,52.73,C,,35
801033,PASS,510,1100,46.36,D,,35
801034,PASS,480,1100,43.64,D,,35
801041,PASS,581,1100,52.82,C,,35
801042,PASS,473,1100,43.0,D,,35
801046,PASS,703,1100,63.91,B,,34
801047,PASS,604,1100,54.91,C,,35
801048,PASS,832,1100,75.64,A,,34
801051,PASS,469,1100,42.64,D,,35
801052,PASS,480,1100,43.64,D,,35
801053,PASS,915,1100,83.18,A-1,,34
801055,PASS,908,1100,82.55,A-1,,34
801056,PASS,657,1100,59.73,C,,34
801060,PASS,514,1100,46.73,D,,35
801061,PASS,541,1100,49.18,D,,35
801062,PASS,674,1100,61.27,B,,34
801066,PASS,649,1100,59.0,C,,35
801067,PASS,590,1100,53.64,C,,35
801068,PASS,447,1100,40.64,D,,35
801069,PASS,786,1100,71.45,A,,34
801071,PASS,493,1100,44.82,D,,35
801072,PASS,506,1100,46.0,D,,35
801073,PASS,881,1100,80.09,A-1,,34
801079,PASS,554,1100,50.36,C,,35
801082,PASS,540,1100,49.09,D,,35
801085,PASS,488,1100,44.36,D,,35
801087,PASS,501,1100,45.55,D,,35
801088,PASS,563,1100,51.18,C,,35
801090,PASS,681,1100,61.91,B,,34
801092,PASS,685,1100,62.27,B,,34
801093,PASS,561,1100,51.0,C,,35
801098,PASS,511,1100,46.45,D,,35
801099,PASS,648,1100,58.91,C,,35
801100,PASS,530,1100,48.18,D,,35
801101,PASS,470,1100,42.73,D,,35
801104,PASS,689,1100,62.64,B,,34
801106,PASS,481,1100,43.73,D,,35
801108,PASS,612,1100,55.64,C,,35
801109,PASS,465,1100,42.27,D,,35
801110,PASS,684,1100,62.18,B,,34
801111,PASS,524,1100,47.64,D,,35
801113,PASS,580,1100,52.73,C,,35
801115,PASS,483,1100,43.91,D,,35
801116,PASS,495,1100,45.0,D,,35
801119,PASS,520,1100,47.27,D,,35
801120,PASS,714,1100,64.91,B,,34
801124,PASS,792,1100,72.0,A,,34
801125,PASS,919,1100,83.55,A-1,,34
801126,PASS,596,1100,54.18,C,,35
801127,PASS,674,1100,61.27,B,,34
801128,PASS,806,1100,73.27,A,,34
801132,PASS,531,1100,48.27,D,,35
801133,PASS,542,1100,49.27,D,,35
801137,PASS,651,1100,59.18,C,,35
801138,PASS,594,1100,54.0,C,,35
801139,PASS,513,1100,46.64,D,,35
801140,PASS,527,1100,47.91,D,,35
801141,PASS,662,1100,60.18,B,,34
801142,PASS,919,1100,83.55,A-1,,34
801143,PASS,593,1100,53.91,C,,35
801144,PASS,712,1100,64.73,B,,34
801145,PASS,492,1100,44.73,D,,35
801146,PASS,530,1100,48.18,D,,35
801147,PASS,552,1100,50.18,C,,35
801149,PASS,486,1100,44.18,D,,35
801150,PASS,586,1100,53.27,C,,35
801151,PASS,559,1100,50.82,C,,35
801153,PASS,551,1100,50.09,C,,35
801154,PASS,739,1100,67.18,B,,35
801157,PASS,680,1100,61.82,B,,35
801158,PASS,512,1100,46.55,D,,35
801159,PASS,754,1100,68.55,B,,35
801160,PASS,516,1100,46.91,D,,35
801161,PASS,583,1100,53.0,C,,35
801162,PASS,550,1100,50.0,C,,35
801163,PASS,520,1100,47.27,D,,35
801165,PASS,465,1100,42.27,D,,35
801166,PASS,475,1100,43.18,D,,35
801168,PASS,501,1100,45.55,D,,35
801169,PASS,506,1100,46.0,D,,35
801170,PASS,620,1100,56.36,C,,35
801171,PASS,579,1100,52.64,C,,35
801172,PASS,499,1100,45.36,D,,35
801174,PASS,462,1100,42.0,D,,35
801176,PASS,633,1100,57.55,C,,35
801177,PASS,530,1100,48.18,D,,35
801178,PASS,467,1100,42.45,D,,35
801179,PASS,512,1100,46.55,D,,35
801181,PASS,686,1100,62.36,B,,35
801182,PASS,558,1100,50.73,C,,35
801183,PASS,641,1100,58.27,C,,35
801184,PASS,612,1100,55.64,C,,35
801185,PASS,505,1100,45.91,D,,35
801186,PASS,594,1100,54.0,C,,35
801188,PASS,597,1100,54.27,C,,35
801189,PASS,470,1100,42.73,D,,35
801190,PASS,660,1100,60.0,B,,35
801191,PASS,566,1100,51.45,C,,35
801193,PASS,616,1100,56.0,C,,35
801194,PASS,588,1100,53.45,C,,35
801195,PASS,617,1100,56.09,C,,35
801198,PASS,536,1100,48.73,D,,35
801201,PASS,552,1100,50.18,C,,35
801203,PASS,825,1100,75.0,A,,34
801206,PASS,515,1100,46.82,D,,35
801211,WITHHELD — COMPUTERIZED ENROLMENT CARD,,,,,,124
801213,WITHHELD — VERIFICATION OF ENROLMENT CARD,,,,,,125
801219,PASS,537,1100,48.82,D,,35
801225,PASS,716,1100,65.09,B,,35
801226,PASS,514,1100,46.73,D,,35
801227,PASS,659,1100,59.91,C,,35
801230,PASS,502,1100,45.64,D,,35
801238,WITHHELD — COMPUTERIZED ENROLMENT CARD,,,,,,124
801271,PASS,692,1100,62.91,B,,35
801272,PASS,767,1100,69.73,B,,35
801281,PASS,627,1100,57.0,C,,36
801282,PASS,541,1100,49.18,D,,36
801283,PASS,724,1100,65.82,B,,36
801287,PASS,722,1100,65.64,B,,36
801288,PASS,662,1100,60.18,B,,36
801292,PASS,594,1100,54.0,C,,36
801293,PASS,822,1100,74.73,A,,36
801295,PASS,684,1100,62.18,B,,36
801296,PASS,566,1100,51.45,C,,36
801297,PASS,568,1100,51.64,C,,36
801298,PASS,727,1100,66.09,B,,36
801299,PASS,671,1100,61.0,B,,36
801301,PASS,925,1100,84.09,A-1,,35
801304,PASS,698,1100,63.45,B,,36
801310,PASS,763,1100,69.36,B,,36
801311,PASS,577,1100,52.45,C,,36
801312,PASS,631,1100,57.36,C,,36
801313,PASS,581,1100,52.82,C,,36
801314,PASS,809,1100,73.55,A,,36
801316,PASS,723,1100,65.73,B,,36
801325,PASS,478,1100,43.45,D,,36
801327,PASS,523,1100,47.55,D,,36
801334,PASS,556,1100,50.55,C,,36
801335,PASS,767,1100,69.73,B,,36
801336,PASS,616,1100,56.0,C,,36
801341,PASS,593,1100,53.91,C,,36
801344,PASS,671,1100,61.0,B,,36
801350,PASS,882,1100,80.18,A-1,,35
801351,PASS,718,1100,65.27,B,,36
801352,PASS,691,1100,62.82,B,,36
801355,PASS,614,1100,55.82,C,,36
801361,PASS,539,1100,49.0,D,,36
801362,PASS,584,1100,53.09,C,,36
801363,PASS,889,1100,80.82,A-1,,35
801365,PASS,587,1100,53.36,C,,36
801366,PASS,849,1100,77.18,A,,36
801367,PASS,801,1100,72.82,A,,36
801369,PASS,577,1100,52.45,C,,36
801370,PASS,683,1100,62.09,B,,36
801371,PASS,841,1100,76.45,A,,36
801373,PASS,552,1100,50.18,C,,36
801378,PASS,847,1100,77.0,A,,36
801379,PASS,910,1100,82.73,A-1,,35
801380,PASS,543,1100,49.36,D,,36
801382,PASS,874,1100,79.45,A,,36
801386,PASS,755,1100,68.64,B,,36
801388,PASS,744,1100,67.64,B,,36
801389,PASS,641,1100,58.27,C,,36
801390,PASS,771,1100,70.09,A,,36
801391,PASS,641,1100,58.27,C,,36
801394,PASS,561,1100,51.0,C,,36
801396,PASS,638,1100,58.0,C,,36
801398,PASS,598,1100,54.36,C,,36
801400,PASS,946,1100,86.0,A-1,,35
801402,PASS,813,1100,73.91,A,,36
801403,PASS,530,1100,48.18,D,,36
801405,PASS,686,1100,62.36,B,,36
801406,PASS,623,1100,56.64,C,,36
801407,PASS,646,1100,58.73,C,,36
801409,PASS,505,1100,45.91,D,,36
801410,PASS,497,1100,45.18,D,,36
801411,PASS,714,1100,64.91,B,,36
801412,PASS,706,1100,64.18,B,,36
801413,PASS,853,1100,77.55,A,,36
801414,PASS,905,1100,82.27,A-1,,36
801417,PASS,443,1100,40.27,D,,36
801418,PASS,635,1100,57.73,C,,36
801419,PASS,517,1100,47.0,D,,36
801420,PASS,489,1100,44.45,D,,36
801421,PASS,663,1100,60.27,B,,36
801422,PASS,601,1100,54.64,C,,36
801424,PASS,615,1100,55.91,C,,36
801425,PASS,494,1100,44.91,D,,36
801430,PASS,721,1100,65.55,B,,36
801432,WITHHELD — COMPUTERIZED ENROLMENT CARD,,,,,,124
801434,PASS,660,1100,60.0,B,,36
801436,PASS,838,1100,76.18,A,,36
801437,PASS,742,1100,67.45,B,,36
801438,PASS,516,1100,46.91,D,,36
801444,PASS,948,1100,86.18,A-1,,36
801451,PASS,600,1100,54.55,C,,36
801551,PASS,646,1100,58.73,C,,37
801554,PASS,593,1100,53.91,C,,37
801555,PASS,853,1100,77.55,A,,36
801556,PASS,556,1100,50.55,C,,37
801557,PASS,551,1100,50.09,C,,37
801558,PASS,722,1100,65.64,B,,36
801559,PASS,473,1100,43.0,D,,37
801561,PASS,569,1100,51.73,C,,37
801562,PASS,647,1100,58.82,C,,37
801563,PASS,530,1100,48.18,D,,37
801568,PASS,555,1100,50.45,C,,37
801571,PASS,828,1100,75.27,A,,36
801572,PASS,625,1100,56.82,C,,37
801576,PASS,604,1100,54.91,C,,37
801580,PASS,739,1100,67.18,B,,36
801581,PASS,822,1100,74.73,A,,36
801582,PASS,511,1100,46.45,D,,37
801584,PASS,659,1100,59.91,C,,36
801586,PASS,586,1100,53.27,C,,37
801588,PASS,655,1100,59.55,C,,36
801589,PASS,774,1100,70.36,A,,36
801590,PASS,858,1100,78.0,A,,36
801595,PASS,690,1100,62.73,B,,36
801597,PASS,688,1100,62.55,B,,36
801598,PASS,497,1100,45.18,D,,37
801602,PASS,599,1100,54.45,C,,37
801603,PASS,856,1100,77.82,A,,36
801604,PASS,666,1100,60.55,B,,36
801607,PASS,612,1100,55.64,C,,37
801608,PASS,571,1100,51.91,C,,37
801612,PASS,601,1100,54.64,C,,37
801613,PASS,776,1100,70.55,A,,36
801617,PASS,765,1100,69.55,B,,36
801619,PASS,548,1100,49.82,D,,37
801620,PASS,775,1100,70.45,A,,36
801621,PASS,642,1100,58.36,C,,37
801622,PASS,584,1100,53.09,C,,37
801623,PASS,611,1100,55.55,C,,37
801624,PASS,479,1100,43.55,D,,37
801627,PASS,749,1100,68.09,B,,36
801691,PASS,881,1100,80.09,A-1,,37
801692,PASS,966,1100,87.82,A-1,,37
801693,PASS,866,1100,78.73,A,,37
801694,PASS,808,1100,73.45,A,,37
801695,PASS,642,1100,58.36,C,,37
801696,PASS,942,1100,85.64,A-1,,37
801697,PASS,611,1100,55.55,C,,37
801698,PASS,695,1100,63.18,B,,37
801699,PASS,773,1100,70.27,A,,37
801700,PASS,930,1100,84.55,A-1,,37
801701,PASS,791,1100,71.91,A,,37
801702,PASS,874,1100,79.45,A,,37
801703,PASS,847,1100,77.0,A,,37
801704,PASS,754,1100,68.55,B,,37
801705,PASS,873,1100,79.36,A,,37
801706,PASS,818,1100,74.36,A,,37
801707,PASS,737,1100,67.0,B,,37
801708,PASS,650,1100,59.09,C,,37
801709,PASS,689,1100,62.64,B,,37
801710,PASS,704,1100,64.0,B,,37
801711,PASS,705,1100,64.09,B,,37
801712,PASS,803,1100,73.0,A,,37
801713,PASS,776,1100,70.55,A,,37
801714,PASS,824,1100,74.91,A,,37
801715,PASS,674,1100,61.27,B,,37
801716,PASS,770,1100,70.0,A,,37
801717,PASS,843,1100,76.64,A,,37
801718,PASS,596,1100,54.18,C,,37
801719,PASS,627,1100,57.0,C,,37
801720,PASS,827,1100,75.18,A,,37
801721,PASS,823,1100,74.82,A,,37
801722,PASS,815,1100,74.09,A,,37
801723,PASS,866,1100,78.73,A,,37
801724,PASS,906,1100,82.36,A-1,,37
801742,PASS,498,1100,45.27,D,,37
801745,PASS,806,1100,73.27,A,,37
801751,PASS,463,1100,42.09,D,,37
801758,PASS,576,1100,52.36,C,,37
801788,PASS,494,1100,44.91,D,,38
801791,PASS,502,1100,45.64,D,,38
801816,PASS,500,1100,45.45,D,,38
801818,PASS,453,1100,41.18,D,,38
801821,PASS,633,1100,57.55,C,,38
801822,PASS,484,1100,44.0,D,,38
801823,PASS,589,1100,53.55,C,,38
801825,PASS,545,1100,49.55,D,,38
801827,PASS,625,1100,56.82,C,,38
801830,PASS,513,1100,46.64,D,,38
801832,PASS,472,1100,42.91,D,,38
801836,WITHHELD — VERIFICATION OF ENROLMENT CARD,,,,,,125
801861,PASS,568,1100,51.64,C,,38
801862,PASS,504,1100,45.82,D,,38
801871,PASS,616,1100,56.0,C,,39
801872,PASS,671,1100,61.0,B,,39
801873,PASS,586,1100,53.27,C,,39
801891,PASS,581,1100,52.82,C,,39
801892,PASS,556,1100,50.55,C,,39
801893,PASS,573,1100,52.09,C,,39
801894,PASS,595,1100,54.09,C,,39
801895,PASS,618,1100,56.18,C,,39
801896,PASS,602,1100,54.73,C,,39
801897,PASS,554,1100,50.36,C,,39
801911,PASS,559,1100,50.82,C,,39
801913,PASS,735,1100,66.82,B,,39
801914,PASS,574,1100,52.18,C,,39
801915,PASS,603,1100,54.82,C,,39
801916,PASS,617,1100,56.09,C,,39
801917,PASS,613,1100,55.73,C,,39
801919,PASS,558,1100,50.73,C,,39
801920,PASS,656,1100,59.64,C,,39
801921,PASS,656,1100,59.64,C,,39
801922,PASS,848,1100,77.09,A,,39
801924,PASS,732,1100,66.55,B,,39
801925,PASS,624,1100,56.73,C,,39
801926,PASS,774,1100,70.36,A,,39
801927,PASS,612,1100,55.64,C,,39
801928,PASS,695,1100,63.18,B,,39
801941,PASS,591,1100,53.73,C,,40
801942,PASS,504,1100,45.82,D,,40
801944,PASS,614,1100,55.82,C,,40
801945,PASS,691,1100,62.82,B,,40
801946,PASS,879,1100,79.91,A,,39
801947,PASS,760,1100,69.09,B,,40
801948,PASS,628,1100,57.09,C,,40
801949,PASS,684,1100,62.18,B,,40
801950,PASS,758,1100,68.91,B,,40
801951,PASS,680,1100,61.82,B,,40
801952,PASS,814,1100,74.0,A,,40
801953,PASS,689,1100,62.64,B,,40
801954,PASS,558,1100,50.73,C,,40
801955,PASS,907,1100,82.45,A-1,,39
801956,PASS,735,1100,66.82,B,,40
801957,PASS,790,1100,71.82,A,,40
801958,PASS,767,1100,69.73,B,,40
801959,PASS,813,1100,73.91,A,,40
801962,PASS,628,1100,57.09,C,,40
801963,PASS,661,1100,60.09,B,,40
801965,PASS,753,1100,68.45,B,,40
801966,PASS,618,1100,56.18,C,,40
801967,PASS,595,1100,54.09,C,,40
801969,PASS,723,1100,65.73,B,,40
801970,PASS,706,1100,64.18,B,,40
802004,WITHHELD — VERIFICATION OF ENROLMENT CARD,,,,,,125
802009,PASS,535,1100,48.64,D,,40
802041,PASS,454,1100,41.27,D,,40
802043,PASS,463,1100,42.09,D,,40
802048,PASS,512,1100,46.55,D,,40
802050,PASS,539,1100,49.0,D,,40
802057,PASS,424,1100,38.55,E,,41
802060,PASS,507,1100,46.09,D,,40
802082,PASS,795,1100,72.27,A,,40
802086,PASS,587,1100,53.36,C,,40
802090,PASS,574,1100,52.18,C,,40
802099,PASS,807,1100,73.36,A,,40
802102,PASS,850,1100,77.27,A,,40
802104,PASS,445,1100,40.45,D,,40
802110,PASS,430,1100,39.09,E,,41
802113,PASS,746,1100,67.82,B,,40
802114,WITHHELD — COMPUTERIZED ENROLMENT CARD,,,,,,124
802272,PASS,537,1100,48.82,D,,41
802273,PASS,498,1100,45.27,D,,41
802275,PASS,431,1100,39.18,E,,41
802276,PASS,791,1100,71.91,A,,41
802278,PASS,554,1100,50.36,C,,41
802289,PASS,534,1100,48.55,D,,41
802291,PASS,752,1100,68.36,B,,41
802294,PASS,518,1100,47.09,D,,41
802299,PASS,464,1100,42.18,D,,41
802300,WITHHELD — COMPUTERIZED ENROLMENT CARD,,,,,,124
802302,PASS,495,1100,45.0,D,,41
802321,PASS,769,1100,69.91,B,,41
802334,PASS,751,1100,68.27,B,,41
802335,PASS,837,1100,76.09,A,,41
802336,PASS,562,1100,51.09,C,,41
802337,PASS,564,1100,51.27,C,,41
802340,PASS,503,1100,45.73,D,,41
802341,PASS,525,1100,47.73,D,,41
802343,PASS,556,1100,50.55,C,,41
802347,PASS,899,1100,81.73,A-1,,41
802353,PASS,480,1100,43.64,D,,41
802380,PASS,485,1100,44.09,D,,41
802382,PASS,545,1100,49.55,D,,41
802385,PASS,449,1100,40.82,D,,41
802388,PASS,899,1100,81.73,A-1,,41
802389,PASS,820,1100,74.55,A,,41
802391,PASS,554,1100,50.36,C,,41
802392,PASS,513,1100,46.64,D,,41
802402,PASS,483,1100,43.91,D,,41
802403,PASS,553,1100,50.27,C,,41
802406,PASS,494,1100,44.91,D,,41
802409,PASS,596,1100,54.18,C,,41
802411,PASS,500,1100,45.45,D,,41
802413,PASS,496,1100,45.09,D,,41
802416,PASS,490,1100,44.55,D,,42
802417,PASS,524,1100,47.64,D,,42
802419,PASS,487,1100,44.27,D,,42
802420,PASS,460,1100,41.82,D,,42
802424,PASS,485,1100,44.09,D,,42
802426,PASS,549,1100,49.91,D,,41
802428,PASS,604,1100,54.91,C,,41
802430,PASS,445,1100,40.45,D,,42
802432,PASS,476,1100,43.27,D,,42
802433,PASS,497,1100,45.18,D,,42
802437,PASS,486,1100,44.18,D,,42
802438,PASS,498,1100,45.27,D,,42
802440,PASS,494,1100,44.91,D,,42
802441,PASS,510,1100,46.36,D,,42
802442,PASS,637,1100,57.91,C,,41
802443,PASS,487,1100,44.27,D,,42
802444,PASS,917,1100,83.36,A-1,,41
802445,PASS,544,1100,49.45,D,,42
802447,PASS,483,1100,43.91,D,,42
802448,PASS,555,1100,50.45,C,,41
802449,PASS,535,1100,48.64,D,,42
802451,PASS,431,1100,39.18,E,,42
802452,PASS,478,1100,43.45,D,,42
802453,PASS,466,1100,42.36,D,,42
802455,PASS,545,1100,49.55,D,,41
802458,PASS,523,1100,47.55,D,,42
802459,PASS,522,1100,47.45,D,,42
802460,PASS,518,1100,47.09,D,,42
802466,WITHHELD — VERIFICATION OF ENROLMENT CARD,,,,,,125
802471,PASS,537,1100,48.82,D,,42
802481,PASS,712,1100,64.73,B,,41
802485,WITHHELD — COMPUTERIZED ENROLMENT CARD,,,,,,124
802486,PASS,744,1100,67.64,B,,41
802487,WITHHELD — COMPUTERIZED ENROLMENT CARD,,,,,,124
802561,WITHHELD — COMPUTERIZED ENROLMENT CARD,,,,,,124
802573,WITHHELD — COMPUTERIZED ENROLMENT CARD,,,,,,124
802581,PASS,878,1100,79.82,A,,42
802582,PASS,792,1100,72.0,A,,42
802583,PASS,550,1100,50.0,C,,42
802585,PASS,684,1100,62.18,B,,42
802586,PASS,551,1100,50.09,C,,42
802587,PASS,764,1100,69.45,B,,42
802588,PASS,813,1100,73.91,A,,42
802590,PASS,860,1100,78.18,A,,42
802591,PASS,785,1100,71.36,A,,42
802601,PASS,691,1100,62.82,B,,42
802602,PASS,631,1100,57.36,C,,43
802603,PASS,758,1100,68.91,B,,42
802604,PASS,932,1100,84.73,A-1,,42
802605,PASS,934,1100,84.91,A-1,,42
802611,PASS,542,1100,49.27,D,,43
802613,PASS,577,1100,52.45,C,,43
802614,PASS,557,1100,50.64,C,,43
802615,PASS,678,1100,61.64,B,,43
802616,PASS,646,1100,58.73,C,,43
802617,PASS,965,1100,87.73,A-1,,43
802620,PASS,647,1100,58.82,C,,43
802621,PASS,679,1100,61.73,B,,43
802622,PASS,630,1100,57.27,C,,43
802623,PASS,571,1100,51.91,C,,43
802625,PASS,708,1100,64.36,B,,43
802626,PASS,995,1100,90.45,A-1,,43
802627,PASS,630,1100,57.27,C,,43
802628,PASS,578,1100,52.55,C,,43
802629,PASS,644,1100,58.55,C,,43
802630,PASS,691,1100,62.82,B,,43
802631,PASS,603,1100,54.82,C,,43
802632,PASS,705,1100,64.09,B,,43
802633,PASS,923,1100,83.91,A-1,,43
802635,PASS,689,1100,62.64,B,,43
802636,PASS,524,1100,47.64,D,,43
802651,PASS,541,1100,49.18,D,,43
802652,PASS,640,1100,58.18,C,,43
802653,PASS,541,1100,49.18,D,,43
802654,PASS,777,1100,70.64,A,,43
802655,PASS,618,1100,56.18,C,,43
802656,PASS,722,1100,65.64,B,,43
802657,PASS,684,1100,62.18,B,,43
802658,PASS,536,1100,48.73,D,,43
802659,PASS,705,1100,64.09,B,,43
802660,PASS,722,1100,65.64,B,,43
802661,PASS,499,1100,45.36,D,,43
802662,PASS,733,1100,66.64,B,,43
802663,PASS,578,1100,52.55,C,,43
802664,PASS,677,1100,61.55,B,,43
802665,PASS,642,1100,58.36,C,,43
802666,PASS,524,1100,47.64,D,,43
802671,PASS,552,1100,50.18,C,,44
802673,WITHHELD — COMPUTERIZED ENROLMENT CARD,,,,,,124
802678,PASS,554,1100,50.36,C,,44
802679,PASS,484,1100,44.0,D,,44
802680,PASS,730,1100,66.36,B,,44
802682,PASS,531,1100,48.27,D,,44
802685,WITHHELD — COMPUTERIZED ENROLMENT CARD,,,,,,124
802686,PASS,805,1100,73.18,A,,44
802688,WITHHELD — COMPUTERIZED ENROLMENT CARD,,,,,,124
802695,PASS,774,1100,70.36,A,,44
802711,PASS,782,1100,71.09,A,,44
802712,PASS,1004,1100,91.27,A-1,HAFIZ ABDUL RAFAY TARIQ,44
802713,PASS,755,1100,68.64,B,,45
802714,PASS,926,1100,84.18,A-1,,44
802715,PASS,802,1100,72.91,A,,44
802716,PASS,957,1100,87.0,A-1,,44
802717,PASS,884,1100,80.36,A-1,,44
802718,PASS,689,1100,62.64,B,,45
802719,PASS,662,1100,60.18,B,,45
802720,PASS,882,1100,80.18,A-1,,44
802721,PASS,740,1100,67.27,B,,45
802722,PASS,875,1100,79.55,A,,44
802723,PASS,854,1100,77.64,A,,44
802724,PASS,972,1100,88.36,A-1,,44
802725,PASS,820,1100,74.55,A,,44
802726,PASS,867,1100,78.82,A,,44
802727,PASS,873,1100,79.36,A,,44
802728,PASS,611,1100,55.55,C,,45
802729,PASS,733,1100,66.64,B,,45
802730,PASS,677,1100,61.55,B,,45
802731,PASS,923,1100,83.91,A-1,,44
802732,PASS,916,1100,83.27,A-1,,44
802733,PASS,720,1100,65.45,B,,45
802734,PASS,713,1100,64.82,B,,45
802735,PASS,653,1100,59.36,C,,45
802736,PASS,710,1100,64.55,B,,45
802737,PASS,739,1100,67.18,B,,45
802738,PASS,769,1100,69.91,B,,44
802739,PASS,815,1100,74.09,A,,44
802740,PASS,750,1100,68.18,B,,45
802741,PASS,764,1100,69.45,B,,45
802742,PASS,875,1100,79.55,A,,44
802743,PASS,896,1100,81.45,A-1,,44
802744,PASS,877,1100,79.73,A,,44
802745,PASS,720,1100,65.45,B,,45
802746,PASS,617,1100,56.09,C,,45
802748,PASS,708,1100,64.36,B,,45
802749,PASS,584,1100,53.09,C,,45
802750,PASS,552,1100,50.18,C,,45
802751,PASS,749,1100,68.09,B,,45
802752,PASS,694,1100,63.09,B,,45
802753,PASS,682,1100,62.0,B,,45
802754,PASS,785,1100,71.36,A,,44
802755,PASS,782,1100,71.09,A,,44
802757,PASS,743,1100,67.55,B,,45
802758,PASS,724,1100,65.82,B,,45
802759,PASS,593,1100,53.91,C,,45
802760,PASS,595,1100,54.09,C,,45
802762,PASS,671,1100,61.0,B,,45
802763,PASS,859,1100,78.09,A,,44
802764,PASS,626,1100,56.91,C,,45
802765,PASS,799,1100,72.64,A,,44
802766,PASS,675,1100,61.36,B,,45
802767,PASS,815,1100,74.09,A,,44
802768,PASS,897,1100,81.55,A-1,,44
802769,PASS,859,1100,78.09,A,,44
802771,PASS,570,1100,51.82,C,,45
802772,PASS,591,1100,53.73,C,,45
802773,PASS,684,1100,62.18,B,,45
802774,PASS,848,1100,77.09,A,,44
802775,PASS,712,1100,64.73,B,,45
802776,PASS,716,1100,65.09,B,,45
802777,PASS,835,1100,75.91,A,,44
802778,PASS,580,1100,52.73,C,,45
802779,PASS,611,1100,55.55,C,,45
802780,PASS,853,1100,77.55,A,,44
802781,PASS,844,1100,76.73,A,,44
802782,PASS,615,1100,55.91,C,,45
802783,PASS,940,1100,85.45,A-1,,44
802784,PASS,590,1100,53.64,C,,45
802785,PASS,754,1100,68.55,B,,45
802786,PASS,577,1100,52.45,C,,45
802787,PASS,937,1100,85.18,A-1,,44
802788,PASS,771,1100,70.09,A,,44
802789,PASS,842,1100,76.55,A,,44
802790,PASS,911,1100,82.82,A-1,,44
802791,PASS,740,1100,67.27,B,,45
802792,PASS,943,1100,85.73,A-1,,44
802793,PASS,840,1100,76.36,A,,44
802794,PASS,853,1100,77.55,A,,44
802795,PASS,865,1100,78.64,A,,44
802796,PASS,891,1100,81.0,A-1,,44
802797,PASS,742,1100,67.45,B,,45
802798,PASS,561,1100,51.0,C,,45
802799,PASS,821,1100,74.64,A,,44
802800,PASS,769,1100,69.91,B,,44
802801,PASS,649,1100,59.0,C,,45
802802,PASS,728,1100,66.18,B,,45
802803,PASS,622,1100,56.55,C,,45
802804,PASS,764,1100,69.45,B,,45
802805,PASS,651,1100,59.18,C,,45
802806,PASS,747,1100,67.91,B,,45
802807,PASS,816,1100,74.18,A,,44
802808,PASS,804,1100,73.09,A,,44
802809,PASS,776,1100,70.55,A,,44
802810,PASS,795,1100,72.27,A,,44
802811,PASS,851,1100,77.36,A,,44
802812,PASS,689,1100,62.64,B,,45
802814,PASS,807,1100,73.36,A,,44
802815,PASS,890,1100,80.91,A-1,,44
802816,PASS,848,1100,77.09,A,,44
802817,PASS,827,1100,75.18,A,,44
802818,PASS,863,1100,78.45,A,,44
802819,PASS,900,1100,81.82,A-1,,44
802820,PASS,940,1100,85.45,A-1,,44
802821,PASS,811,1100,73.73,A,,44
802822,PASS,655,1100,59.55,C,,45
802823,PASS,815,1100,74.09,A,,44
802824,PASS,893,1100,81.18,A-1,,44
802825,PASS,661,1100,60.09,B,,45
802826,PASS,836,1100,76.0,A,,44
802827,PASS,783,1100,71.18,A,,44
802828,PASS,817,1100,74.27,A,,44
802829,PASS,843,1100,76.64,A,,44
802830,PASS,780,1100,70.91,A,,44
802831,PASS,833,1100,75.73,A,,44
802832,PASS,863,1100,78.45,A,,44
802833,PASS,907,1100,82.45,A-1,,44
802834,PASS,814,1100,74.0,A,,44
802835,PASS,770,1100,70.0,A,,44
802836,PASS,810,1100,73.64,A,,44
802837,PASS,776,1100,70.55,A,,44
802838,PASS,807,1100,73.36,A,,44
802839,PASS,704,1100,64.0,B,,45
802841,PASS,605,1100,55.0,C,,45
802842,PASS,670,1100,60.91,B,,45
802843,PASS,871,1100,79.18,A,,44
802844,PASS,692,1100,62.91,B,,45
802845,PASS,835,1100,75.91,A,,44
802846,PASS,819,1100,74.45,A,,44
802847,PASS,836,1100,76.0,A,,44
802848,PASS,886,1100,80.55,A-1,,44
802849,PASS,725,1100,65.91,B,,45
802850,PASS,627,1100,57.0,C,,45
802851,PASS,815,1100,74.09,A,,44
802852,PASS,978,1100,88.91,A-1,,44
802853,PASS,684,1100,62.18,B,,45
802854,PASS,831,1100,75.55,A,,44
802856,PASS,632,1100,57.45,C,,45
802857,PASS,729,1100,66.27,B,,45
802858,PASS,870,1100,79.09,A,,44
802859,PASS,717,1100,65.18,B,,45
802860,PASS,627,1100,57.0,C,,45
802861,PASS,740,1100,67.27,B,,45
802862,PASS,877,1100,79.73,A,,44
802863,PASS,836,1100,76.0,A,,44
802864,PASS,661,1100,60.09,B,,45
802865,PASS,628,1100,57.09,C,,45
802866,PASS,492,1100,44.73,D,,46
802867,PASS,566,1100,51.45,C,,45
802868,PASS,574,1100,52.18,C,,45
802869,PASS,850,1100,77.27,A,,44
802870,PASS,680,1100,61.82,B,,45
802871,PASS,854,1100,77.64,A,,44
802872,PASS,616,1100,56.0,C,,45
802873,PASS,615,1100,55.91,C,,45
802875,PASS,734,1100,66.73,B,,45
802876,PASS,928,1100,84.36,A-1,,44
802877,PASS,675,1100,61.36,B,,45
802878,PASS,701,1100,63.73,B,,45
802879,PASS,654,1100,59.45,C,,45
802880,PASS,531,1100,48.27,D,,46
802882,PASS,831,1100,75.55,A,,44
802883,PASS,695,1100,63.18,B,,45
802886,PASS,726,1100,66.0,B,,45
802887,PASS,884,1100,80.36,A-1,,44
802888,PASS,693,1100,63.0,B,,45
802889,PASS,883,1100,80.27,A-1,,44
802890,PASS,865,1100,78.64,A,,44
802891,PASS,548,1100,49.82,D,,45
802892,PASS,943,1100,85.73,A-1,,44
802893,PASS,917,1100,83.36,A-1,,44
802894,PASS,699,1100,63.55,B,,45
802895,PASS,581,1100,52.82,C,,45
802896,PASS,523,1100,47.55,D,,46
802898,PASS,824,1100,74.91,A,,44
802899,PASS,595,1100,54.09,C,,45
802900,PASS,939,1100,85.36,A-1,,44
802901,PASS,675,1100,61.36,B,,45
802902,PASS,770,1100,70.0,A,,44
802903,PASS,682,1100,62.0,B,,45
802904,PASS,479,1100,43.55,D,,46
802905,PASS,740,1100,67.27,B,,45
802906,PASS,867,1100,78.82,A,,44
802907,PASS,898,1100,81.64,A-1,,44
802908,PASS,925,1100,84.09,A-1,,44
802909,PASS,991,1100,90.09,A-1,,44
802911,PASS,938,1100,85.27,A-1,,44
802912,PASS,687,1100,62.45,B,,45
802913,PASS,960,1100,87.27,A-1,,44
802914,PASS,933,1100,84.82,A-1,,44
802915,PASS,884,1100,80.36,A-1,,44
802916,PASS,911,1100,82.82,A-1,,44
802918,PASS,701,1100,63.73,B,,45
802919,PASS,877,1100,79.73,A,,44
802920,PASS,697,1100,63.36,B,,45
802921,PASS,683,1100,62.09,B,,45
802922,PASS,769,1100,69.91,B,,44
802923,PASS,663,1100,60.27,B,,45
802924,PASS,686,1100,62.36,B,,45
802926,PASS,708,1100,64.36,B,,45
802927,PASS,805,1100,73.18,A,,44
802928,PASS,830,1100,75.45,A,,44
802929,PASS,866,1100,78.73,A,,44
802930,PASS,622,1100,56.55,C,,45
802931,PASS,923,1100,83.91,A-1,,44
802932,PASS,584,1100,53.09,C,,45
802933,PASS,944,1100,85.82,A-1,,44
802934,PASS,885,1100,80.45,A-1,,44
802935,PASS,869,1100,79.0,A,,44
802936,PASS,774,1100,70.36,A,,44
802937,PASS,762,1100,69.27,B,,45
802938,PASS,711,1100,64.64,B,,45
802939,PASS,730,1100,66.36,B,,45
802940,PASS,874,1100,79.45,A,,44
802941,PASS,922,1100,83.82,A-1,,44
802944,PASS,856,1100,77.82,A,,44
802945,PASS,747,1100,67.91,B,,45
802946,PASS,871,1100,79.18,A,,44
802947,PASS,823,1100,74.82,A,,44
802948,PASS,779,1100,70.82,A,,44
802949,PASS,834,1100,75.82,A,,44
802950,PASS,836,1100,76.0,A,,44
802951,PASS,804,1100,73.09,A,,44
802952,PASS,684,1100,62.18,B,,45
802953,PASS,769,1100,69.91,B,,44
802954,PASS,911,1100,82.82,A-1,,44
802955,PASS,663,1100,60.27,B,,45
802956,PASS,667,1100,60.64,B,,45
802957,PASS,883,1100,80.27,A-1,,44
802958,PASS,925,1100,84.09,A-1,,44
802959,PASS,751,1100,68.27,B,,45
802960,PASS,788,1100,71.64,A,,44
802961,PASS,935,1100,85.0,A-1,,44
802962,PASS,838,1100,76.18,A,,44
802963,PASS,740,1100,67.27,B,,45
802964,PASS,793,1100,72.09,A,,45
802965,PASS,882,1100,80.18,A-1,,44
802966,PASS,859,1100,78.09,A,,45
802967,PASS,668,1100,60.73,B,,45
802968,PASS,726,1100,66.0,B,,45
802969,PASS,876,1100,79.64,A,,44
802970,PASS,869,1100,79.0,A,,45
802971,PASS,812,1100,73.82,A,,45
802972,PASS,851,1100,77.36,A,,45
802973,PASS,852,1100,77.45,A,,45
802975,PASS,559,1100,50.82,C,,45
802976,PASS,748,1100,68.0,B,,45
802977,PASS,823,1100,74.82,A,,45
802978,PASS,651,1100,59.18,C,,45
802979,PASS,476,1100,43.27,D,,46
802981,PASS,494,1100,44.91,D,,46
802983,PASS,819,1100,74.45,A,,45
802984,PASS,913,1100,83.0,A-1,,44
802985,PASS,873,1100,79.36,A,,45
802986,PASS,507,1100,46.09,D,,46
802987,PASS,660,1100,60.0,B,,45
802988,PASS,736,1100,66.91,B,,45
802990,PASS,823,1100,74.82,A,,45
802992,PASS,793,1100,72.09,A,,45
802993,PASS,697,1100,63.36,B,,45
802994,PASS,675,1100,61.36,B,,45
802995,PASS,694,1100,63.09,B,,45
802997,PASS,765,1100,69.55,B,,45
803000,PASS,744,1100,67.64,B,,45
803001,PASS,865,1100,78.64,A,,45
803002,PASS,909,1100,82.64,A-1,,44
803003,PASS,700,1100,63.64,B,,45
803004,PASS,869,1100,79.0,A,,45
803005,PASS,516,1100,46.91,D,,46
803006,PASS,701,1100,63.73,B,,45
803007,PASS,914,1100,83.09,A-1,,44
803008,PASS,881,1100,80.09,A-1,,44
803009,PASS,856,1100,77.82,A,,45
803010,PASS,902,1100,82.0,A-1,,44
803011,PASS,769,1100,69.91,B,,45
803012,PASS,923,1100,83.91,A-1,,44
803013,PASS,864,1100,78.55,A,,45
803014,PASS,782,1100,71.09,A,,45
803015,PASS,829,1100,75.36,A,,45
803016,PASS,748,1100,68.0,B,,45
803017,PASS,911,1100,82.82,A-1,,44
803018,PASS,785,1100,71.36,A,,45
803019,PASS,703,1100,63.91,B,,45
803020,PASS,695,1100,63.18,B,,45
803021,PASS,753,1100,68.45,B,,45
803022,PASS,848,1100,77.09,A,,45
803023,PASS,806,1100,73.27,A,,45
803025,PASS,971,1100,88.27,A-1,,44
803026,PASS,794,1100,72.18,A,,45
803027,PASS,812,1100,73.82,A,,45
803028,PASS,768,1100,69.82,B,,45
803029,PASS,803,1100,73.0,A,,45
803030,PASS,749,1100,68.09,B,,45
803032,PASS,596,1100,54.18,C,,45
803033,PASS,841,1100,76.45,A,,45
803034,PASS,769,1100,69.91,B,,45
803035,PASS,924,1100,84.0,A-1,,44
803038,PASS,669,1100,60.82,B,,45
803039,PASS,765,1100,69.55,B,,45
803040,PASS,716,1100,65.09,B,,45
803041,PASS,652,1100,59.27,C,,45
803042,PASS,833,1100,75.73,A,,45
803043,PASS,682,1100,62.0,B,,45
803044,PASS,818,1100,74.36,A,,45
803045,PASS,837,1100,76.09,A,,45
803046,PASS,910,1100,82.73,A-1,,44
803047,PASS,812,1100,73.82,A,,45
803048,PASS,705,1100,64.09,B,,45
803049,PASS,974,1100,88.55,A-1,,44
803050,PASS,887,1100,80.64,A-1,,44
803051,PASS,689,1100,62.64,B,,45
803052,PASS,892,1100,81.09,A-1,,44
803053,PASS,923,1100,83.91,A-1,,44
803054,PASS,694,1100,63.09,B,,45
803055,PASS,947,1100,86.09,A-1,,44
803056,PASS,665,1100,60.45,B,,45
803057,PASS,721,1100,65.55,B,,45
803058,PASS,675,1100,61.36,B,,45
803059,PASS,638,1100,58.0,C,,45
803060,PASS,813,1100,73.91,A,,45
803061,PASS,757,1100,68.82,B,,45
803062,PASS,589,1100,53.55,C,,45
803064,PASS,726,1100,66.0,B,,45
803065,PASS,669,1100,60.82,B,,45
803066,PASS,767,1100,69.73,B,,45
803067,PASS,585,1100,53.18,C,,45
803068,PASS,830,1100,75.45,A,,45
803069,PASS,713,1100,64.82,B,,45
803070,PASS,779,1100,70.82,A,,45
803071,PASS,788,1100,71.64,A,,45
803072,PASS,760,1100,69.09,B,,45
803073,PASS,825,1100,75.0,A,,45
803074,PASS,778,1100,70.73,A,,45
803075,PASS,650,1100,59.09,C,,45
803076,PASS,637,1100,57.91,C,,45
803077,PASS,914,1100,83.09,A-1,,44
803078,PASS,804,1100,73.09,A,,45
803079,PASS,613,1100,55.73,C,,45
803080,PASS,624,1100,56.73,C,,45
803081,PASS,662,1100,60.18,B,,45
803082,PASS,759,1100,69.0,B,,45
803083,PASS,932,1100,84.73,A-1,,44
803084,PASS,657,1100,59.73,C,,45
803085,PASS,722,1100,65.64,B,,45
803086,PASS,977,1100,88.82,A-1,,44
803087,PASS,802,1100,72.91,A,,45
803088,PASS,849,1100,77.18,A,,45
803089,PASS,586,1100,53.27,C,,45
803090,PASS,513,1100,46.64,D,,46
803091,PASS,622,1100,56.55,C,,45
803092,PASS,596,1100,54.18,C,,45
803093,PASS,832,1100,75.64,A,,45
803094,PASS,716,1100,65.09,B,,45
803097,PASS,594,1100,54.0,C,,45
803098,PASS,739,1100,67.18,B,,45
803099,PASS,514,1100,46.73,D,,46
803101,PASS,814,1100,74.0,A,,45
803102,PASS,967,1100,87.91,A-1,,44
803103,PASS,598,1100,54.36,C,,45
803104,PASS,535,1100,48.64,D,,46
803138,PASS,563,1100,51.18,C,,46
803142,PASS,626,1100,56.91,C,,46
803145,PASS,721,1100,65.55,B,,46
803147,PASS,558,1100,50.73,C,,46
803152,PASS,880,1100,80.0,A-1,,46
803153,PASS,697,1100,63.36,B,,46
803156,PASS,517,1100,47.0,D,,46
803175,PASS,545,1100,49.55,D,,46
803195,PASS,798,1100,72.55,A,,46
803197,PASS,660,1100,60.0,B,,46
803199,PASS,533,1100,48.45,D,,46
803209,WITHHELD — COMPUTERIZED ENROLMENT CARD,,,,,,124
803261,PASS,673,1100,61.18,B,,46
803267,PASS,701,1100,63.73,B,,46
803269,PASS,615,1100,55.91,C,,46
803273,PASS,757,1100,68.82,B,,46
803276,PASS,683,1100,62.09,B,,46
803277,PASS,565,1100,51.36,C,,46
803278,PASS,851,1100,77.36,A,,46
803280,PASS,554,1100,50.36,C,,46
803283,PASS,668,1100,60.73,B,,46
803285,PASS,688,1100,62.55,B,,46
803290,PASS,496,1100,45.09,D,,46
803291,PASS,500,1100,45.45,D,,46
803293,PASS,570,1100,51.82,C,,46
803294,PASS,799,1100,72.64,A,,46
803296,PASS,726,1100,66.0,B,,46
803301,PASS,938,1100,85.27,A-1,,46
803304,PASS,754,1100,68.55,B,,46
803310,PASS,687,1100,62.45,B,,46
803316,PASS,609,1100,55.36,C,,46
803329,PASS,577,1100,52.45,C,,46
803331,PASS,940,1100,85.45,A-1,,46
803344,PASS,545,1100,49.55,D,,46
803347,PASS,570,1100,51.82,C,,46
803348,PASS,529,1100,48.09,D,,46
803353,PASS,499,1100,45.36,D,,46
803354,PASS,573,1100,52.09,C,,46
803355,PASS,653,1100,59.36,C,,46
803363,PASS,531,1100,48.27,D,,46
803364,PASS,920,1100,83.64,A-1,,46
803371,PASS,926,1100,84.18,A-1,,46
803375,WITHHELD — COMPUTERIZED ENROLMENT CARD,,,,,,124
803462,PASS,548,1100,49.82,D,,47
803463,PASS,573,1100,52.09,C,,47
803464,PASS,499,1100,45.36,D,,47
803465,PASS,600,1100,54.55,C,,47
803466,PASS,640,1100,58.18,C,,47
803467,PASS,528,1100,48.0,D,,47
803468,PASS,667,1100,60.64,B,,47
803469,PASS,609,1100,55.36,C,,47
803470,PASS,745,1100,67.73,B,,47
803472,PASS,643,1100,58.45,C,,47
803473,PASS,707,1100,64.27,B,,47
803474,PASS,770,1100,70.0,A,,46
803475,PASS,600,1100,54.55,C,,47
803476,PASS,772,1100,70.18,A,,46
803477,PASS,770,1100,70.0,A,,46
803481,PASS,661,1100,60.09,B,,47
803482,PASS,750,1100,68.18,B,,47
803484,PASS,915,1100,83.18,A-1,,47
803485,PASS,734,1100,66.73,B,,47
803486,PASS,783,1100,71.18,A,,47
803487,PASS,565,1100,51.36,C,,48
803488,PASS,818,1100,74.36,A,,47
803489,PASS,547,1100,49.73,D,,48
803491,PASS,659,1100,59.91,C,,47
803492,PASS,624,1100,56.73,C,,48
803493,PASS,560,1100,50.91,C,,48
803494,PASS,523,1100,47.55,D,,48
803495,PASS,621,1100,56.45,C,,48
803496,PASS,608,1100,55.27,C,,48
803497,PASS,772,1100,70.18,A,,47
803498,PASS,823,1100,74.82,A,,47
803499,PASS,622,1100,56.55,C,,48
803500,PASS,571,1100,51.91,C,,48
803501,PASS,778,1100,70.73,A,,47
803502,PASS,617,1100,56.09,C,,48
803503,PASS,913,1100,83.0,A-1,,47
803504,PASS,635,1100,57.73,C,,48
803505,PASS,537,1100,48.82,D,,48
803506,PASS,576,1100,52.36,C,,48
803507,PASS,527,1100,47.91,D,,48
803508,PASS,802,1100,72.91,A,,47
803509,PASS,675,1100,61.36,B,,47
803510,PASS,716,1100,65.09,B,,47
803511,PASS,550,1100,50.0,C,,48
803513,PASS,518,1100,47.09,D,,48
803514,PASS,744,1100,67.64,B,,47
803515,PASS,689,1100,62.64,B,,47
803516,PASS,561,1100,51.0,C,,48
803517,PASS,733,1100,66.64,B,,47
803518,PASS,615,1100,55.91,C,,48
803519,PASS,832,1100,75.64,A,,47
803520,PASS,661,1100,60.09,B,,47
803521,PASS,791,1100,71.91,A,,47
803522,PASS,600,1100,54.55,C,,48
803523,PASS,721,1100,65.55,B,,47
803524,PASS,518,1100,47.09,D,,48
803525,PASS,526,1100,47.82,D,,48
803527,PASS,622,1100,56.55,C,,48
803528,PASS,616,1100,56.0,C,,48
803529,PASS,674,1100,61.27,B,,47
803530,PASS,695,1100,63.18,B,,47
803531,PASS,593,1100,53.91,C,,48
803532,PASS,602,1100,54.73,C,,48
803533,PASS,750,1100,68.18,B,,47
803534,PASS,771,1100,70.09,A,,47
803536,PASS,570,1100,51.82,C,,48
803537,WITHHELD — U.F.M. CASE,,,,,,124
803538,PASS,598,1100,54.36,C,,48
803539,PASS,695,1100,63.18,B,,47
803540,PASS,845,1100,76.82,A,,47
803541,PASS,692,1100,62.91,B,,47
803542,PASS,590,1100,53.64,C,,48
803543,PASS,669,1100,60.82,B,,47
803544,PASS,664,1100,60.36,B,,47
803545,PASS,621,1100,56.45,C,,48
803546,PASS,651,1100,59.18,C,,48
803547,PASS,636,1100,57.82,C,,48
803548,PASS,708,1100,64.36,B,,47
803550,PASS,607,1100,55.18,C,,48
803551,PASS,529,1100,48.09,D,,48
803552,PASS,804,1100,73.09,A,,47
803553,PASS,785,1100,71.36,A,,47
803554,PASS,552,1100,50.18,C,,48
803555,PASS,636,1100,57.82,C,,48
803556,PASS,675,1100,61.36,B,,47
803557,PASS,653,1100,59.36,C,,48
803558,PASS,643,1100,58.45,C,,48
803559,PASS,699,1100,63.55,B,,47
803560,PASS,624,1100,56.73,C,,48
803561,PASS,568,1100,51.64,C,,48
803562,PASS,622,1100,56.55,C,,48
803563,PASS,553,1100,50.27,C,,48
803564,PASS,623,1100,56.64,C,,48
803565,PASS,556,1100,50.55,C,,48
803566,PASS,616,1100,56.0,C,,48
803567,PASS,723,1100,65.73,B,,47
803568,PASS,604,1100,54.91,C,,48
803569,PASS,646,1100,58.73,C,,48
803570,PASS,809,1100,73.55,A,,47
803571,PASS,716,1100,65.09,B,,47
803572,PASS,536,1100,48.73,D,,48
803573,PASS,757,1100,68.82,B,,47
803574,PASS,694,1100,63.09,B,,47
803575,PASS,581,1100,52.82,C,,48
803576,PASS,535,1100,48.64,D,,48
803577,PASS,495,1100,45.0,D,,48
803578,PASS,674,1100,61.27,B,,47
803579,PASS,726,1100,66.0,B,,47
803580,PASS,756,1100,68.73,B,,47
803581,PASS,837,1100,76.09,A,,47
803582,PASS,721,1100,65.55,B,,47
803583,PASS,668,1100,60.73,B,,47
803584,PASS,707,1100,64.27,B,,47
803585,PASS,673,1100,61.18,B,,47
803586,PASS,688,1100,62.55,B,,47
803587,PASS,841,1100,76.45,A,,47
803588,PASS,692,1100,62.91,B,,47
803589,PASS,620,1100,56.36,C,,48
803590,PASS,581,1100,52.82,C,,48
803591,PASS,573,1100,52.09,C,,48
803592,PASS,930,1100,84.55,A-1,,47
803593,PASS,674,1100,61.27,B,,47
803594,PASS,667,1100,60.64,B,,47
803595,PASS,823,1100,74.82,A,,47
803596,PASS,622,1100,56.55,C,,48
803597,PASS,818,1100,74.36,A,,47
803599,PASS,648,1100,58.91,C,,48
803600,PASS,905,1100,82.27,A-1,,47
803602,PASS,642,1100,58.36,C,,48
803603,PASS,568,1100,51.64,C,,48
803604,PASS,638,1100,58.0,C,,48
803605,PASS,603,1100,54.82,C,,48
803606,PASS,771,1100,70.09,A,,47
803607,PASS,637,1100,57.91,C,,48
803608,PASS,782,1100,71.09,A,,47
803609,PASS,801,1100,72.82,A,,47
803610,PASS,758,1100,68.91,B,,47
803611,PASS,858,1100,78.0,A,,47
803612,PASS,693,1100,63.0,B,,47
803613,PASS,781,1100,71.0,A,,47
803614,PASS,591,1100,53.73,C,,48
803615,PASS,731,1100,66.45,B,,47
803616,PASS,776,1100,70.55,A,,47
803617,PASS,781,1100,71.0,A,,47
803619,PASS,644,1100,58.55,C,,48
803620,PASS,888,1100,80.73,A-1,,47
803621,PASS,869,1100,79.0,A,,47
803622,PASS,879,1100,79.91,A,,47
803623,PASS,797,1100,72.45,A,,47
803625,PASS,541,1100,49.18,D,,48
803626,PASS,608,1100,55.27,C,,48
803627,PASS,716,1100,65.09,B,,47
803628,PASS,755,1100,68.64,B,,47
803629,PASS,595,1100,54.09,C,,48
803630,PASS,631,1100,57.36,C,,48
803632,PASS,526,1100,47.82,D,,48
803633,PASS,744,1100,67.64,B,,47
803634,PASS,741,1100,67.36,B,,47
803635,PASS,555,1100,50.45,C,,48
803636,PASS,419,1100,38.09,E,,48
803637,PASS,672,1100,61.09,B,,47
803638,PASS,678,1100,61.64,B,,47
803641,PASS,548,1100,49.82,D,,48
803642,PASS,599,1100,54.45,C,,48
803645,PASS,761,1100,69.18,B,,47
803646,PASS,579,1100,52.64,C,,48
803648,PASS,926,1100,84.18,A-1,,47
803649,PASS,674,1100,61.27,B,,47
803651,PASS,588,1100,53.45,C,,48
803652,PASS,788,1100,71.64,A,,47
803653,PASS,426,1100,38.73,E,,48
803654,PASS,731,1100,66.45,B,,47
803655,PASS,712,1100,64.73,B,,47
803657,PASS,848,1100,77.09,A,,47
803659,PASS,642,1100,58.36,C,,48
803660,PASS,649,1100,59.0,C,,48
803661,PASS,560,1100,50.91,C,,48
803662,PASS,733,1100,66.64,B,,47
803664,PASS,724,1100,65.82,B,,47
803666,PASS,789,1100,71.73,A,,47
803667,PASS,692,1100,62.91,B,,47
803668,PASS,796,1100,72.36,A,,47
803669,PASS,781,1100,71.0,A,,47
803670,PASS,706,1100,64.18,B,,47
803671,PASS,871,1100,79.18,A,,47
803672,PASS,797,1100,72.45,A,,47
803673,PASS,727,1100,66.09,B,,47
803674,PASS,911,1100,82.82,A-1,,47
803675,PASS,722,1100,65.64,B,,47
803676,PASS,515,1100,46.82,D,,48
803678,PASS,756,1100,68.73,B,,47
803679,PASS,816,1100,74.18,A,,47
803680,PASS,770,1100,70.0,A,,47
803683,PASS,548,1100,49.82,D,,48
803684,PASS,598,1100,54.36,C,,48
803685,PASS,914,1100,83.09,A-1,,47
803686,PASS,614,1100,55.82,C,,48
803687,PASS,744,1100,67.64,B,,47
803688,PASS,751,1100,68.27,B,,47
803689,PASS,852,1100,77.45,A,,47
803690,PASS,714,1100,64.91,B,,47
803692,PASS,705,1100,64.09,B,,47
803694,PASS,695,1100,63.18,B,,47
803695,PASS,477,1100,43.36,D,,48
803696,PASS,691,1100,62.82,B,,47
803697,PASS,635,1100,57.73,C,,48
803698,PASS,609,1100,55.36,C,,48
803700,PASS,688,1100,62.55,B,,47
803701,PASS,684,1100,62.18,B,,47
803702,PASS,736,1100,66.91,B,,47
803704,PASS,764,1100,69.45,B,,47
803705,PASS,546,1100,49.64,D,,48
803707,PASS,504,1100,45.82,D,,48
803708,PASS,869,1100,79.0,A,,47
803710,PASS,573,1100,52.09,C,,48
803711,PASS,575,1100,52.27,C,,48
803712,PASS,594,1100,54.0,C,,48
803713,PASS,762,1100,69.27,B,,47
803714,PASS,603,1100,54.82,C,,48
803715,PASS,828,1100,75.27,A,,47
803716,PASS,515,1100,46.82,D,,48
803717,PASS,703,1100,63.91,B,,47
803718,PASS,649,1100,59.0,C,,48
803719,PASS,581,1100,52.82,C,,48
803720,PASS,722,1100,65.64,B,,47
803721,PASS,914,1100,83.09,A-1,,47
803722,PASS,760,1100,69.09,B,,47
803723,PASS,682,1100,62.0,B,,47
803724,PASS,688,1100,62.55,B,,47
803725,PASS,970,1100,88.18,A-1,,47
803726,PASS,740,1100,67.27,B,,47
803727,PASS,721,1100,65.55,B,,47
803728,PASS,507,1100,46.09,D,,48
803729,PASS,869,1100,79.0,A,,47
803730,PASS,923,1100,83.91,A-1,,47
803731,PASS,652,1100,59.27,C,,48
803732,PASS,767,1100,69.73,B,,47
803733,PASS,740,1100,67.27,B,,47
803734,PASS,725,1100,65.91,B,,47
803735,PASS,916,1100,83.27,A-1,,47
803736,PASS,617,1100,56.09,C,,48
803737,PASS,550,1100,50.0,C,,48
803740,PASS,761,1100,69.18,B,,47
803741,PASS,804,1100,73.09,A,,47
803742,PASS,919,1100,83.55,A-1,,47
803743,PASS,791,1100,71.91,A,,47
803744,PASS,682,1100,62.0,B,,47
803745,PASS,646,1100,58.73,C,,48
803747,PASS,833,1100,75.73,A,,47
803748,PASS,610,1100,55.45,C,,48
803749,PASS,703,1100,63.91,B,,47
803750,PASS,676,1100,61.45,B,,47
803751,PASS,645,1100,58.64,C,,48
803752,PASS,518,1100,47.09,D,,48
803753,PASS,829,1100,75.36,A,,47
803754,PASS,502,1100,45.64,D,,48
803755,PASS,800,1100,72.73,A,,47
803756,PASS,827,1100,75.18,A,,47
803757,PASS,711,1100,64.64,B,,48
803758,PASS,879,1100,79.91,A,,47
803759,PASS,595,1100,54.09,C,,48
803761,PASS,926,1100,84.18,A-1,,47
803763,PASS,883,1100,80.27,A-1,,47
803764,WITHHELD — COMPUTERIZED ENROLMENT CARD,,,,,,124
803765,PASS,547,1100,49.73,D,,48
803767,PASS,571,1100,51.91,C,,48
803769,PASS,739,1100,67.18,B,,48
803771,PASS,814,1100,74.0,A,,47
803812,PASS,743,1100,67.55,B,,48
803815,PASS,432,1100,39.27,E,,49
803817,PASS,535,1100,48.64,D,,49
803818,PASS,541,1100,49.18,D,,49
803819,PASS,450,1100,40.91,D,,49
803820,PASS,583,1100,53.0,C,,48
803826,PASS,465,1100,42.27,D,,49
803828,PASS,771,1100,70.09,A,,48
803830,PASS,561,1100,51.0,C,,48
803831,PASS,596,1100,54.18,C,,48
803832,PASS,698,1100,63.45,B,,48
803833,PASS,652,1100,59.27,C,,48
803834,PASS,486,1100,44.18,D,,49
803835,PASS,573,1100,52.09,C,,48
803836,PASS,489,1100,44.45,D,,49
803837,PASS,542,1100,49.27,D,,49
803838,PASS,653,1100,59.36,C,,48
803839,PASS,522,1100,47.45,D,,49
803840,PASS,659,1100,59.91,C,,48
803841,PASS,580,1100,52.73,C,,48
803843,PASS,533,1100,48.45,D,,49
803844,PASS,554,1100,50.36,C,,48
803845,PASS,547,1100,49.73,D,,48
803848,PASS,542,1100,49.27,D,,49
803850,PASS,675,1100,61.36,B,,48
803851,PASS,605,1100,55.0,C,,48
803852,PASS,547,1100,49.73,D,,48
803855,PASS,891,1100,81.0,A-1,,48
803859,PASS,438,1100,39.82,E,,49
803860,PASS,462,1100,42.0,D,,49
803861,PASS,479,1100,43.55,D,,49
803863,PASS,476,1100,43.27,D,,49
803864,PASS,539,1100,49.0,D,,49
803865,PASS,538,1100,48.91,D,,49
803866,PASS,603,1100,54.82,C,,48
803867,PASS,462,1100,42.0,D,,49
803868,PASS,447,1100,40.64,D,,49
803871,PASS,499,1100,45.36,D,,49
803872,PASS,474,1100,43.09,D,,49
803874,PASS,532,1100,48.36,D,,49
803876,PASS,549,1100,49.91,D,,48
803877,PASS,497,1100,45.18,D,,49
803881,PASS,722,1100,65.64,B,,48
803888,PASS,504,1100,45.82,D,,49
803891,PASS,438,1100,39.82,E,,49
803893,PASS,556,1100,50.55,C,,48
803895,PASS,831,1100,75.55,A,,48
803922,PASS,476,1100,43.27,D,,49
803934,PASS,442,1100,40.18,D,,49
803943,PASS,624,1100,56.73,C,,49
803945,PASS,770,1100,70.0,A,,49
803946,PASS,633,1100,57.55,C,,49
803951,PASS,931,1100,84.64,A-1,,49
803962,PASS,864,1100,78.55,A,,49
803972,PASS,923,1100,83.91,A-1,,49
804001,PASS,594,1100,54.0,C,,49
804002,PASS,596,1100,54.18,C,,49
804003,PASS,513,1100,46.64,D,,49
804005,PASS,525,1100,47.73,D,,49
804006,PASS,620,1100,56.36,C,,49
804007,PASS,602,1100,54.73,C,,49
804008,PASS,515,1100,46.82,D,,49
804009,PASS,612,1100,55.64,C,,49
804010,PASS,548,1100,49.82,D,,49
804011,PASS,467,1100,42.45,D,,49
804017,PASS,586,1100,53.27,C,,49
804022,PASS,506,1100,46.0,D,,49
804026,PASS,527,1100,47.91,D,,50
804027,PASS,618,1100,56.18,C,,49
804028,PASS,745,1100,67.73,B,,49
804029,PASS,517,1100,47.0,D,,50
804030,PASS,643,1100,58.45,C,,49
804031,PASS,490,1100,44.55,D,,50
804033,PASS,610,1100,55.45,C,,49
804034,PASS,512,1100,46.55,D,,50
804035,PASS,556,1100,50.55,C,,49
804036,PASS,574,1100,52.18,C,,49
804037,PASS,551,1100,50.09,C,,49
804039,PASS,522,1100,47.45,D,,50
804042,PASS,540,1100,49.09,D,,50
804043,PASS,561,1100,51.0,C,,49
804045,PASS,559,1100,50.82,C,,49
804046,PASS,636,1100,57.82,C,,49
804048,PASS,570,1100,51.82,C,,49
804050,PASS,606,1100,55.09,C,,49
804052,PASS,544,1100,49.45,D,,50
804053,PASS,552,1100,50.18,C,,49
804057,PASS,506,1100,46.0,D,,50
804060,PASS,519,1100,47.18,D,,50
804061,PASS,565,1100,51.36,C,,49
804062,PASS,561,1100,51.0,C,,49
804063,PASS,553,1100,50.27,C,,49
804064,PASS,544,1100,49.45,D,,50
804065,PASS,631,1100,57.36,C,,49
804069,PASS,612,1100,55.64,C,,49
804070,PASS,693,1100,63.0,B,,49
804073,PASS,630,1100,57.27,C,,49
804074,PASS,715,1100,65.0,B,,49
804075,PASS,604,1100,54.91,C,,49
804076,PASS,549,1100,49.91,D,,49
804077,PASS,494,1100,44.91,D,,50
804078,PASS,793,1100,72.09,A,,49
804080,PASS,794,1100,72.18,A,,49
804081,PASS,639,1100,58.09,C,,49
804082,PASS,614,1100,55.82,C,,49
804083,PASS,529,1100,48.09,D,,50
804084,PASS,714,1100,64.91,B,,49
804085,PASS,513,1100,46.64,D,,50
804086,PASS,486,1100,44.18,D,,50
804087,PASS,406,1100,36.91,E,,50
804088,PASS,732,1100,66.55,B,,49
804089,PASS,469,1100,42.64,D,,50
804090,PASS,531,1100,48.27,D,,50
804092,PASS,586,1100,53.27,C,,49
804093,PASS,460,1100,41.82,D,,50
804094,PASS,503,1100,45.73,D,,50
804095,PASS,614,1100,55.82,C,,49
804096,PASS,629,1100,57.18,C,,49
804097,PASS,739,1100,67.18,B,,49
804099,PASS,572,1100,52.0,C,,49
804100,PASS,445,1100,40.45,D,,50
804102,PASS,534,1100,48.55,D,,50
804103,PASS,535,1100,48.64,D,,50
804104,PASS,427,1100,38.82,E,,50
804105,PASS,525,1100,47.73,D,,50
804106,PASS,514,1100,46.73,D,,50
804107,PASS,474,1100,43.09,D,,50
804108,PASS,525,1100,47.73,D,,50
804109,PASS,465,1100,42.27,D,,50
804110,PASS,505,1100,45.91,D,,50
804111,PASS,554,1100,50.36,C,,49
804112,PASS,435,1100,39.55,E,,50
804113,PASS,484,1100,44.0,D,,50
804114,PASS,500,1100,45.45,D,,50
804115,PASS,530,1100,48.18,D,,50
804116,PASS,463,1100,42.09,D,,50
804117,WITHHELD — VERIFICATION OF ENROLMENT CARD,,,,,,125
804118,PASS,513,1100,46.64,D,,50
804120,PASS,550,1100,50.0,C,,49
804131,PASS,474,1100,43.09,D,,50
804132,PASS,515,1100,46.82,D,,50
804133,PASS,501,1100,45.55,D,,50
804134,PASS,508,1100,46.18,D,,50
804211,PASS,618,1100,56.18,C,,50
804212,PASS,680,1100,61.82,B,,50
804213,PASS,662,1100,60.18,B,,50
804214,PASS,725,1100,65.91,B,,50
804215,PASS,657,1100,59.73,C,,50
804216,PASS,610,1100,55.45,C,,50
804219,PASS,789,1100,71.73,A,,50
804221,PASS,647,1100,58.82,C,,50
804222,PASS,802,1100,72.91,A,,50
804223,PASS,561,1100,51.0,C,,50
804224,PASS,641,1100,58.27,C,,50
804225,PASS,927,1100,84.27,A-1,,50
804228,PASS,519,1100,47.18,D,,51
804229,PASS,601,1100,54.64,C,,50
804230,PASS,552,1100,50.18,C,,50
804231,PASS,549,1100,49.91,D,,50
804232,PASS,643,1100,58.45,C,,50
804235,PASS,821,1100,74.64,A,,50
804236,PASS,685,1100,62.27,B,,50
804237,PASS,598,1100,54.36,C,,50
804238,PASS,717,1100,65.18,B,,50
804239,PASS,642,1100,58.36,C,,50
804240,PASS,697,1100,63.36,B,,50
804241,PASS,533,1100,48.45,D,,51
804242,PASS,810,1100,73.64,A,,50
804243,PASS,600,1100,54.55,C,,50
804245,PASS,696,1100,63.27,B,,50
804246,PASS,609,1100,55.36,C,,50
804247,PASS,510,1100,46.36,D,,51
804248,PASS,634,1100,57.64,C,,50
804250,PASS,729,1100,66.27,B,,50
804252,PASS,633,1100,57.55,C,,50
804253,PASS,755,1100,68.64,B,,50
804254,PASS,932,1100,84.73,A-1,,50
804256,PASS,776,1100,70.55,A,,50
804257,PASS,814,1100,74.0,A,,50
804258,PASS,488,1100,44.36,D,,51
804260,PASS,584,1100,53.09,C,,50
804261,PASS,578,1100,52.55,C,,50
804264,PASS,645,1100,58.64,C,,50
804265,PASS,557,1100,50.64,C,,50
804266,PASS,860,1100,78.18,A,,50
804268,PASS,468,1100,42.55,D,,51
804270,PASS,450,1100,40.91,D,,51
804291,PASS,475,1100,43.18,D,,51
804301,PASS,647,1100,58.82,C,,51
804302,PASS,659,1100,59.91,C,,51
804303,PASS,728,1100,66.18,B,,51
804311,PASS,467,1100,42.45,D,,52
804312,PASS,536,1100,48.73,D,,52
804313,PASS,643,1100,58.45,C,,51
804314,PASS,556,1100,50.55,C,,51
804315,PASS,512,1100,46.55,D,,52
804316,PASS,752,1100,68.36,B,,51
804319,PASS,631,1100,57.36,C,,51
804321,PASS,521,1100,47.36,D,,52
804322,PASS,712,1100,64.73,B,,51
804333,PASS,657,1100,59.73,C,,52
804334,PASS,662,1100,60.18,B,,52
804335,PASS,503,1100,45.73,D,,52
804336,PASS,523,1100,47.55,D,,52
804337,PASS,491,1100,44.64,D,,52
804339,PASS,595,1100,54.09,C,,52
804342,PASS,609,1100,55.36,C,,52
804343,WITHHELD — COMPUTERIZED ENROLMENT CARD,,,,,,124
804345,PASS,659,1100,59.91,C,,52
804353,PASS,652,1100,59.27,C,,52
804354,PASS,713,1100,64.82,B,,52
804356,PASS,442,1100,40.18,D,,52
804357,PASS,523,1100,47.55,D,,52
804358,PASS,534,1100,48.55,D,,52
804359,PASS,553,1100,50.27,C,,52
804360,PASS,618,1100,56.18,C,,52
804362,PASS,535,1100,48.64,D,,52
804363,PASS,898,1100,81.64,A-1,,52
804364,PASS,772,1100,70.18,A,,52
804365,PASS,673,1100,61.18,B,,52
804367,PASS,619,1100,56.27,C,,52
804368,PASS,609,1100,55.36,C,,52
804369,PASS,775,1100,70.45,A,,52
804370,PASS,610,1100,55.45,C,,52
804372,PASS,669,1100,60.82,B,,52
804373,PASS,918,1100,83.45,A-1,,52
804374,PASS,531,1100,48.27,D,,52
804375,PASS,684,1100,62.18,B,,52
804376,PASS,876,1100,79.64,A,,52
804377,PASS,840,1100,76.36,A,,52
804379,PASS,813,1100,73.91,A,,52
804380,PASS,741,1100,67.36,B,,52
804381,PASS,546,1100,49.64,D,,52
804384,PASS,767,1100,69.73,B,,52
804391,PASS,535,1100,48.64,D,,53
804392,PASS,731,1100,66.45,B,,52
804394,PASS,506,1100,46.0,D,,53
804395,PASS,611,1100,55.55,C,,52
804396,PASS,554,1100,50.36,C,,52
804397,PASS,615,1100,55.91,C,,52
804398,PASS,599,1100,54.45,C,,52
804400,PASS,598,1100,54.36,C,,52
804401,PASS,549,1100,49.91,D,,53
804414,PASS,885,1100,80.45,A-1,,53
804415,PASS,536,1100,48.73,D,,53
804416,PASS,621,1100,56.45,C,,53
804417,PASS,775,1100,70.45,A,,53
804418,PASS,734,1100,66.73,B,,53
804420,PASS,816,1100,74.18,A,,53
804421,PASS,959,1100,87.18,A-1,,53
804422,PASS,780,1100,70.91,A,,53
804423,PASS,696,1100,63.27,B,,53
804424,PASS,599,1100,54.45,C,,53
804426,PASS,853,1100,77.55,A,,53
804428,PASS,778,1100,70.73,A,,53
804429,PASS,920,1100,83.64,A-1,,53
804430,PASS,697,1100,63.36,B,,53
804433,PASS,553,1100,50.27,C,,53
804434,PASS,568,1100,51.64,C,,53
804435,PASS,567,1100,51.55,C,,53
804440,PASS,851,1100,77.36,A,,53
804441,PASS,802,1100,72.91,A,,53
804461,PASS,701,1100,63.73,B,,53
804462,PASS,710,1100,64.55,B,,53
804464,PASS,830,1100,75.45,A,,53
804465,PASS,723,1100,65.73,B,,53
804467,PASS,686,1100,62.36,B,,53
804468,PASS,728,1100,66.18,B,,53
804471,PASS,827,1100,75.18,A,,55
804472,PASS,657,1100,59.73,C,,55
804474,PASS,798,1100,72.55,A,,55
804476,PASS,832,1100,75.64,A,,55
804477,PASS,866,1100,78.73,A,,55
804478,PASS,859,1100,78.09,A,,55
804479,PASS,859,1100,78.09,A,,55
804480,PASS,948,1100,86.18,A-1,,54
804481,PASS,901,1100,81.91,A-1,,54
804482,PASS,932,1100,84.73,A-1,,54
804483,PASS,747,1100,67.91,B,,55
804484,PASS,948,1100,86.18,A-1,,54
804485,PASS,812,1100,73.82,A,,55
804486,PASS,655,1100,59.55,C,,55
804487,PASS,869,1100,79.0,A,,55
804488,PASS,767,1100,69.73,B,,55
804489,PASS,990,1100,90.0,A-1,,54
804490,PASS,887,1100,80.64,A-1,,54
804491,PASS,925,1100,84.09,A-1,,54
804492,PASS,785,1100,71.36,A,,55
804493,PASS,979,1100,89.0,A-1,,54
804494,PASS,837,1100,76.09,A,,55
804495,PASS,873,1100,79.36,A,,55
804496,PASS,755,1100,68.64,B,,55
804497,PASS,880,1100,80.0,A-1,,54
804498,PASS,863,1100,78.45,A,,55
804499,PASS,825,1100,75.0,A,,55
804500,PASS,783,1100,71.18,A,,55
804501,PASS,857,1100,77.91,A,,55
804502,PASS,847,1100,77.0,A,,55
804503,PASS,935,1100,85.0,A-1,,54
804504,PASS,913,1100,83.0,A-1,,54
804505,PASS,950,1100,86.36,A-1,,54
804506,PASS,934,1100,84.91,A-1,,54
804507,PASS,904,1100,82.18,A-1,,54
804508,PASS,963,1100,87.55,A-1,,54
804509,PASS,698,1100,63.45,B,,55
804510,PASS,717,1100,65.18,B,,55
804511,PASS,985,1100,89.55,A-1,,54
804512,PASS,881,1100,80.09,A-1,,54
804513,PASS,859,1100,78.09,A,,55
804514,PASS,937,1100,85.18,A-1,,54
804515,PASS,937,1100,85.18,A-1,,54
804516,PASS,867,1100,78.82,A,,55
804517,PASS,778,1100,70.73,A,,55
804518,PASS,901,1100,81.91,A-1,,54
804519,PASS,977,1100,88.82,A-1,,54
804520,PASS,709,1100,64.45,B,,55
804521,PASS,969,1100,88.09,A-1,,54
804522,PASS,692,1100,62.91,B,,55
804523,PASS,967,1100,87.91,A-1,,54
804524,PASS,907,1100,82.45,A-1,,54
804525,PASS,809,1100,73.55,A,,55
804526,PASS,901,1100,81.91,A-1,,54
804527,PASS,921,1100,83.73,A-1,,54
804528,PASS,599,1100,54.45,C,,55
804529,PASS,888,1100,80.73,A-1,,54
804530,PASS,701,1100,63.73,B,,55
804531,PASS,920,1100,83.64,A-1,,54
804532,PASS,876,1100,79.64,A,,54
804533,PASS,933,1100,84.82,A-1,,54
804534,PASS,931,1100,84.64,A-1,,54
804535,PASS,763,1100,69.36,B,,55
804536,PASS,825,1100,75.0,A,,55
804538,PASS,816,1100,74.18,A,,55
804539,PASS,891,1100,81.0,A-1,,54
804540,PASS,720,1100,65.45,B,,55
804541,PASS,904,1100,82.18,A-1,,54
804542,PASS,954,1100,86.73,A-1,,54
804543,PASS,611,1100,55.55,C,,55
804544,PASS,855,1100,77.73,A,,55
804545,PASS,773,1100,70.27,A,,55
804546,PASS,829,1100,75.36,A,,55
804547,PASS,664,1100,60.36,B,,55
804548,PASS,829,1100,75.36,A,,55
804549,PASS,882,1100,80.18,A-1,,54
804550,PASS,891,1100,81.0,A-1,,54
804551,PASS,867,1100,78.82,A,,55
804552,PASS,862,1100,78.36,A,,55
804553,PASS,944,1100,85.82,A-1,,54
804554,PASS,729,1100,66.27,B,,55
804555,PASS,946,1100,86.0,A-1,,54
804556,PASS,951,1100,86.45,A-1,,54
804557,PASS,967,1100,87.91,A-1,,54
804558,PASS,956,1100,86.91,A-1,,54
804559,PASS,903,1100,82.09,A-1,,54
804560,PASS,973,1100,88.45,A-1,,54
804561,PASS,918,1100,83.45,A-1,,54
804562,PASS,898,1100,81.64,A-1,,54
804563,PASS,908,1100,82.55,A-1,,54
804564,PASS,954,1100,86.73,A-1,,54
804565,PASS,939,1100,85.36,A-1,,54
804566,PASS,809,1100,73.55,A,,55
804567,PASS,824,1100,74.91,A,,55
804568,PASS,851,1100,77.36,A,,55
804569,PASS,751,1100,68.27,B,,55
804570,PASS,960,1100,87.27,A-1,,54
804571,PASS,894,1100,81.27,A-1,,54
804572,PASS,788,1100,71.64,A,,55
804573,PASS,869,1100,79.0,A,,55
804574,PASS,811,1100,73.73,A,,55
804575,PASS,849,1100,77.18,A,,55
804576,PASS,560,1100,50.91,C,,55
804577,PASS,908,1100,82.55,A-1,,54
804578,PASS,724,1100,65.82,B,,55
804579,PASS,903,1100,82.09,A-1,,54
804580,PASS,903,1100,82.09,A-1,,54
804584,PASS,800,1100,72.73,A,,55
804585,PASS,859,1100,78.09,A,,55
804586,PASS,842,1100,76.55,A,,55
804587,PASS,818,1100,74.36,A,,55
804588,PASS,838,1100,76.18,A,,55
804589,PASS,744,1100,67.64,B,,55
804590,PASS,910,1100,82.73,A-1,,54
804591,PASS,957,1100,87.0,A-1,,54
804592,PASS,909,1100,82.64,A-1,,54
804593,PASS,791,1100,71.91,A,,55
804594,PASS,925,1100,84.09,A-1,,54
804595,PASS,882,1100,80.18,A-1,,54
804596,PASS,959,1100,87.18,A-1,,54
804597,PASS,866,1100,78.73,A,,55
804598,PASS,900,1100,81.82,A-1,,54
804599,PASS,712,1100,64.73,B,,55
804600,PASS,598,1100,54.36,C,,55
804601,PASS,591,1100,53.73,C,,55
804602,PASS,822,1100,74.73,A,,55
804603,PASS,902,1100,82.0,A-1,,54
804604,PASS,719,1100,65.36,B,,55
804605,PASS,683,1100,62.09,B,,55
804606,PASS,817,1100,74.27,A,,55
804607,PASS,778,1100,70.73,A,,55
804608,PASS,619,1100,56.27,C,,55
804609,PASS,907,1100,82.45,A-1,,54
804610,PASS,864,1100,78.55,A,,55
804611,PASS,810,1100,73.64,A,,55
804612,PASS,902,1100,82.0,A-1,,54
804613,PASS,947,1100,86.09,A-1,,54
804614,PASS,973,1100,88.45,A-1,,54
804615,PASS,858,1100,78.0,A,,55
804616,PASS,932,1100,84.73,A-1,,54
804617,PASS,895,1100,81.36,A-1,,54
804618,PASS,918,1100,83.45,A-1,,54
804619,PASS,939,1100,85.36,A-1,,54
804620,PASS,939,1100,85.36,A-1,,54
804621,PASS,882,1100,80.18,A-1,,54
804622,PASS,663,1100,60.27,B,,55
804623,PASS,963,1100,87.55,A-1,,54
804624,PASS,988,1100,89.82,A-1,,54
804625,PASS,810,1100,73.64,A,,55
804626,PASS,848,1100,77.09,A,,55
804627,PASS,872,1100,79.27,A,,55
804628,PASS,887,1100,80.64,A-1,,54
804629,PASS,859,1100,78.09,A,,55
804630,PASS,903,1100,82.09,A-1,,54
804631,PASS,704,1100,64.0,B,,55
804632,PASS,990,1100,90.0,A-1,,54
804633,PASS,815,1100,74.09,A,,55
804634,PASS,864,1100,78.55,A,,55
804635,PASS,995,1100,90.45,A-1,,54
804636,PASS,805,1100,73.18,A,,55
804637,PASS,949,1100,86.27,A-1,,54
804638,PASS,958,1100,87.09,A-1,,54
804639,PASS,935,1100,85.0,A-1,,54
804640,PASS,978,1100,88.91,A-1,,54
804641,PASS,860,1100,78.18,A,,55
804642,PASS,914,1100,83.09,A-1,,54
804643,PASS,909,1100,82.64,A-1,,54
804644,PASS,933,1100,84.82,A-1,,54
804645,PASS,879,1100,79.91,A,,54
804646,PASS,914,1100,83.09,A-1,,54
804647,PASS,957,1100,87.0,A-1,,54
804648,PASS,980,1100,89.09,A-1,,54
804649,PASS,855,1100,77.73,A,,55
804650,PASS,812,1100,73.82,A,,55
804651,PASS,911,1100,82.82,A-1,,54
804652,PASS,884,1100,80.36,A-1,,54
804653,PASS,856,1100,77.82,A,,55
804654,PASS,877,1100,79.73,A,,54
804655,PASS,645,1100,58.64,C,,55
804656,PASS,705,1100,64.09,B,,55
804657,PASS,902,1100,82.0,A-1,,54
804658,PASS,826,1100,75.09,A,,55
804659,PASS,902,1100,82.0,A-1,,54
804660,PASS,768,1100,69.82,B,,55
804661,PASS,925,1100,84.09,A-1,,54
804662,PASS,1004,1100,91.27,A-1,ANAS JAVED,54
804663,PASS,868,1100,78.91,A,,55
804664,PASS,875,1100,79.55,A,,54
804665,PASS,860,1100,78.18,A,,55
804666,PASS,788,1100,71.64,A,,55
804668,PASS,935,1100,85.0,A-1,,54
804669,PASS,938,1100,85.27,A-1,,54
804670,PASS,948,1100,86.18,A-1,,54
804671,PASS,1000,1100,90.91,A-1,RAYYAN ADNAN,54
804672,PASS,949,1100,86.27,A-1,,54
804673,PASS,888,1100,80.73,A-1,,54
804674,PASS,961,1100,87.36,A-1,,54
804675,PASS,946,1100,86.0,A-1,,54
804676,PASS,981,1100,89.18,A-1,,54
804677,PASS,1005,1100,91.36,A-1,MUHAMMAD AHMED RAZA,54
804678,PASS,869,1100,79.0,A,,55
804679,PASS,931,1100,84.64,A-1,,54
804680,PASS,763,1100,69.36,B,,55
804681,PASS,879,1100,79.91,A,,54
804682,PASS,939,1100,85.36,A-1,,54
804683,PASS,982,1100,89.27,A-1,,54
804684,PASS,818,1100,74.36,A,,55
804685,PASS,953,1100,86.64,A-1,,54
804686,PASS,848,1100,77.09,A,,55
804688,PASS,923,1100,83.91,A-1,,54
804689,PASS,889,1100,80.82,A-1,,54
804690,PASS,860,1100,78.18,A,,55
804691,PASS,934,1100,84.91,A-1,,54
804692,PASS,846,1100,76.91,A,,55
804693,PASS,962,1100,87.45,A-1,,54
804694,PASS,794,1100,72.18,A,,55
804695,PASS,534,1100,48.55,D,,56
804696,PASS,798,1100,72.55,A,,55
804697,PASS,882,1100,80.18,A-1,,54
804698,PASS,811,1100,73.73,A,,55
804699,PASS,950,1100,86.36,A-1,,54
804700,PASS,918,1100,83.45,A-1,,54
804701,PASS,880,1100,80.0,A-1,,54
804702,PASS,841,1100,76.45,A,,55
804703,PASS,997,1100,90.64,A-1,MUHAMMAD TULHAA HASSAN,54
804704,PASS,883,1100,80.27,A-1,,54
804705,PASS,630,1100,57.27,C,,55
804706,PASS,851,1100,77.36,A,,55
804707,PASS,836,1100,76.0,A,,55
804708,PASS,838,1100,76.18,A,,55
804709,PASS,958,1100,87.09,A-1,,54
804710,PASS,831,1100,75.55,A,,55
804711,PASS,928,1100,84.36,A-1,,54
804712,PASS,904,1100,82.18,A-1,,54
804713,PASS,1006,1100,91.45,A-1,ABDULLAH JAMAL,54
804714,PASS,824,1100,74.91,A,,55
804715,PASS,806,1100,73.27,A,,55
804716,PASS,958,1100,87.09,A-1,,54
804717,PASS,985,1100,89.55,A-1,,54
804718,PASS,693,1100,63.0,B,,55
804719,PASS,780,1100,70.91,A,,55
804720,PASS,858,1100,78.0,A,,55
804721,PASS,870,1100,79.09,A,,55
804722,PASS,883,1100,80.27,A-1,,54
804723,PASS,836,1100,76.0,A,,55
804724,PASS,1006,1100,91.45,A-1,MUHAMMAD SAAD ADIL,54
804725,PASS,904,1100,82.18,A-1,,54
804727,PASS,930,1100,84.55,A-1,,54
804728,PASS,833,1100,75.73,A,,55
804729,PASS,777,1100,70.64,A,,55
804730,PASS,974,1100,88.55,A-1,,54
804732,PASS,739,1100,67.18,B,,55
804733,PASS,837,1100,76.09,A,,55
804734,PASS,738,1100,67.09,B,,55
804735,PASS,786,1100,71.45,A,,55
804737,PASS,643,1100,58.45,C,,55
804738,PASS,975,1100,88.64,A-1,,54
804739,PASS,871,1100,79.18,A,,55
804740,PASS,960,1100,87.27,A-1,,54
804741,PASS,903,1100,82.09,A-1,,54
804742,PASS,873,1100,79.36,A,,55
804743,PASS,705,1100,64.09,B,,55
804744,PASS,839,1100,76.27,A,,55
804745,PASS,736,1100,66.91,B,,55
804746,PASS,747,1100,67.91,B,,55
804747,PASS,801,1100,72.82,A,,55
804748,PASS,771,1100,70.09,A,,55
804749,PASS,830,1100,75.45,A,,55
804750,PASS,892,1100,81.09,A-1,,54
804751,PASS,772,1100,70.18,A,,55
804752,PASS,835,1100,75.91,A,,55
804753,PASS,889,1100,80.82,A-1,,54
804754,PASS,761,1100,69.18,B,,55
804755,PASS,903,1100,82.09,A-1,,54
804756,PASS,863,1100,78.45,A,,55
804757,PASS,794,1100,72.18,A,,55
804758,PASS,954,1100,86.73,A-1,,54
804759,PASS,593,1100,53.91,C,,55
804760,PASS,926,1100,84.18,A-1,,54
804761,PASS,963,1100,87.55,A-1,,54
804762,PASS,719,1100,65.36,B,,55
804763,PASS,754,1100,68.55,B,,55
804764,PASS,733,1100,66.64,B,,55
804765,PASS,684,1100,62.18,B,,55
804766,PASS,930,1100,84.55,A-1,,54
804767,PASS,769,1100,69.91,B,,55
804768,PASS,928,1100,84.36,A-1,,54
804769,PASS,971,1100,88.27,A-1,,54
804770,PASS,835,1100,75.91,A,,55
804771,PASS,831,1100,75.55,A,,55
804772,PASS,889,1100,80.82,A-1,,54
804773,PASS,603,1100,54.82,C,,55
804774,PASS,915,1100,83.18,A-1,,54
804775,PASS,943,1100,85.73,A-1,,54
804776,PASS,901,1100,81.91,A-1,,54
804777,PASS,931,1100,84.64,A-1,,54
804778,PASS,817,1100,74.27,A,,55
804779,PASS,966,1100,87.82,A-1,,54
804780,PASS,722,1100,65.64,B,,55
804781,PASS,804,1100,73.09,A,,55
804783,PASS,829,1100,75.36,A,,55
804784,PASS,971,1100,88.27,A-1,,54
804785,PASS,761,1100,69.18,B,,55
804786,PASS,822,1100,74.73,A,,55
804787,PASS,515,1100,46.82,D,,56
804788,PASS,732,1100,66.55,B,,55
804789,PASS,818,1100,74.36,A,,55
804790,PASS,848,1100,77.09,A,,55
804791,PASS,720,1100,65.45,B,,55
804792,PASS,839,1100,76.27,A,,55
804793,PASS,606,1100,55.09,C,,55
804794,PASS,891,1100,81.0,A-1,,54
804795,PASS,815,1100,74.09,A,,55
804796,PASS,676,1100,61.45,B,,55
804797,PASS,928,1100,84.36,A-1,,54
804798,PASS,869,1100,79.0,A,,55
804799,PASS,919,1100,83.55,A-1,,54
804800,PASS,864,1100,78.55,A,,55
804801,PASS,937,1100,85.18,A-1,,54
804802,PASS,944,1100,85.82,A-1,,54
804803,PASS,864,1100,78.55,A,,55
804804,PASS,914,1100,83.09,A-1,,54
804805,PASS,867,1100,78.82,A,,55
804806,PASS,913,1100,83.0,A-1,,54
804807,PASS,803,1100,73.0,A,,55
804808,PASS,912,1100,82.91,A-1,,54
804809,PASS,773,1100,70.27,A,,55
804810,PASS,877,1100,79.73,A,,54
804811,PASS,858,1100,78.0,A,,55
804812,PASS,932,1100,84.73,A-1,,54
804813,PASS,890,1100,80.91,A-1,,54
804814,PASS,910,1100,82.73,A-1,,54
804815,PASS,828,1100,75.27,A,,55
804816,PASS,901,1100,81.91,A-1,,54
804817,PASS,777,1100,70.64,A,,55
804818,PASS,748,1100,68.0,B,,55
804819,PASS,888,1100,80.73,A-1,,54
804820,PASS,891,1100,81.0,A-1,,54
804821,PASS,810,1100,73.64,A,,55
804822,PASS,804,1100,73.09,A,,55
804823,PASS,610,1100,55.45,C,,55
804824,PASS,776,1100,70.55,A,,55
804825,PASS,828,1100,75.27,A,,55
804826,PASS,747,1100,67.91,B,,55
804827,PASS,946,1100,86.0,A-1,,54
804828,PASS,832,1100,75.64,A,,55
804829,PASS,829,1100,75.36,A,,55
804830,PASS,952,1100,86.55,A-1,,54
804831,PASS,848,1100,77.09,A,,55
804832,PASS,811,1100,73.73,A,,55
804833,PASS,818,1100,74.36,A,,55
804834,PASS,592,1100,53.82,C,,55
804836,PASS,851,1100,77.36,A,,55
804837,PASS,946,1100,86.0,A-1,,54
804861,PASS,616,1100,56.0,C,,56
804862,PASS,687,1100,62.45,B,,56
804871,PASS,791,1100,71.91,A,,56
804873,PASS,546,1100,49.64,D,,56
804882,PASS,532,1100,48.36,D,,57
804886,PASS,533,1100,48.45,D,,57
804904,PASS,565,1100,51.36,C,,56
804915,PASS,628,1100,57.09,C,,56
804916,PASS,718,1100,65.27,B,,56
804917,PASS,629,1100,57.18,C,,56
804926,PASS,533,1100,48.45,D,,57
804927,PASS,544,1100,49.45,D,,57
804930,PASS,592,1100,53.82,C,,56
804931,PASS,632,1100,57.45,C,,56
804932,PASS,592,1100,53.82,C,,56
804935,PASS,540,1100,49.09,D,,57
804939,PASS,752,1100,68.36,B,,56
804943,PASS,664,1100,60.36,B,,56
804947,PASS,542,1100,49.27,D,,57
804948,PASS,490,1100,44.55,D,,57
804949,PASS,663,1100,60.27,B,,56
804959,PASS,668,1100,60.73,B,,56
804960,PASS,658,1100,59.82,C,,56
804961,PASS,709,1100,64.45,B,,56
804965,PASS,620,1100,56.36,C,,56
804967,PASS,457,1100,41.55,D,,57
804968,PASS,511,1100,46.45,D,,57
804979,PASS,606,1100,55.09,C,,56
804981,PASS,667,1100,60.64,B,,56
804982,PASS,501,1100,45.55,D,,57
804984,PASS,484,1100,44.0,D,,57
804985,PASS,506,1100,46.0,D,,57
804986,PASS,505,1100,45.91,D,,57
804991,WITHHELD — COMPUTERIZED ENROLMENT CARD,,,,,,124
804993,PASS,536,1100,48.73,D,,57
804995,PASS,849,1100,77.18,A,,56
804997,WITHHELD — COMPUTERIZED ENROLMENT CARD,,,,,,124
805002,WITHHELD — COMPUTERIZED ENROLMENT CARD,,,,,,124
805007,PASS,561,1100,51.0,C,,56
805008,PASS,522,1100,47.45,D,,57
805101,PASS,633,1100,57.55,C,,57
805102,PASS,695,1100,63.18,B,,57
805104,PASS,643,1100,58.45,C,,57
805106,PASS,685,1100,62.27,B,,57
805111,PASS,641,1100,58.27,C,,57
805112,PASS,616,1100,56.0,C,,57
805113,PASS,527,1100,47.91,D,,57
805114,PASS,649,1100,59.0,C,,57
805115,PASS,830,1100,75.45,A,,57
805116,PASS,648,1100,58.91,C,,57
805120,PASS,669,1100,60.82,B,,57
805122,PASS,861,1100,78.27,A,,57
805126,PASS,591,1100,53.73,C,,57
805128,PASS,675,1100,61.36,B,,57
805130,PASS,865,1100,78.64,A,,57
805133,PASS,569,1100,51.73,C,,57
805134,PASS,555,1100,50.45,C,,57
805135,PASS,800,1100,72.73,A,,57
805136,PASS,621,1100,56.45,C,,57
805137,PASS,772,1100,70.18,A,,57
805138,PASS,904,1100,82.18,A-1,,57
805139,PASS,687,1100,62.45,B,,57
805141,PASS,850,1100,77.27,A,,57
805142,PASS,793,1100,72.09,A,,57
805143,PASS,484,1100,44.0,D,,57
805144,PASS,592,1100,53.82,C,,57
805145,PASS,560,1100,50.91,C,,57
805146,PASS,663,1100,60.27,B,,57
805149,PASS,484,1100,44.0,D,,57
805151,PASS,896,1100,81.45,A-1,,57
805152,PASS,594,1100,54.0,C,,57
805153,PASS,753,1100,68.45,B,,57
805154,PASS,608,1100,55.27,C,,57
805155,PASS,950,1100,86.36,A-1,,57
805156,PASS,785,1100,71.36,A,,57
805157,PASS,838,1100,76.18,A,,57
805158,PASS,764,1100,69.45,B,,57
805159,PASS,839,1100,76.27,A,,57
805160,PASS,764,1100,69.45,B,,57
805161,PASS,557,1100,50.64,C,,57
805162,PASS,689,1100,62.64,B,,57
805163,PASS,696,1100,63.27,B,,57
805165,PASS,726,1100,66.0,B,,57
805169,PASS,777,1100,70.64,A,,57
805170,PASS,655,1100,59.55,C,,57
805172,PASS,703,1100,63.91,B,,57
805177,PASS,516,1100,46.91,D,,57
805178,PASS,679,1100,61.73,B,,57
805179,PASS,837,1100,76.09,A,,57
805180,PASS,586,1100,53.27,C,,57
805182,PASS,681,1100,61.91,B,,57
805183,PASS,627,1100,57.0,C,,57
805185,PASS,684,1100,62.18,B,,57
805186,PASS,679,1100,61.73,B,,57
805187,PASS,793,1100,72.09,A,,57
805188,PASS,670,1100,60.91,B,,57
805191,PASS,670,1100,60.91,B,,57
805192,PASS,525,1100,47.73,D,,57
805194,PASS,595,1100,54.09,C,,57
805196,PASS,518,1100,47.09,D,,57
805198,PASS,627,1100,57.0,C,,57
805199,PASS,739,1100,67.18,B,,57
805200,PASS,604,1100,54.91,C,,57
805201,PASS,641,1100,58.27,C,,57
805202,PASS,565,1100,51.36,C,,57
805203,PASS,676,1100,61.45,B,,57
805204,PASS,790,1100,71.82,A,,57
805206,PASS,557,1100,50.64,C,,57
805209,PASS,541,1100,49.18,D,,57
805211,PASS,693,1100,63.0,B,,57
805213,PASS,596,1100,54.18,C,,57
805214,PASS,792,1100,72.0,A,,57
805215,PASS,834,1100,75.82,A,,57
805216,PASS,628,1100,57.09,C,,57
805217,PASS,590,1100,53.64,C,,57
805218,PASS,667,1100,60.64,B,,57
805219,PASS,559,1100,50.82,C,,57
805220,PASS,583,1100,53.0,C,,57
805221,PASS,675,1100,61.36,B,,57
805222,PASS,781,1100,71.0,A,,57
805223,PASS,587,1100,53.36,C,,57
805225,PASS,679,1100,61.73,B,,57
805226,PASS,548,1100,49.82,D,,57
805227,PASS,918,1100,83.45,A-1,,57
805229,PASS,824,1100,74.91,A,,57
805231,PASS,543,1100,49.36,D,,57
805232,PASS,763,1100,69.36,B,,57
805235,WITHHELD — COMPUTERIZED ENROLMENT CARD,,,,,,124
805237,WITHHELD — COMPUTERIZED ENROLMENT CARD,,,,,,124
805281,WITHHELD — VERIFICATION OF ENROLMENT CARD,,,,,,125
805283,PASS,701,1100,63.73,B,,58
805286,PASS,551,1100,50.09,C,,58
805288,PASS,482,1100,43.82,D,,58
805289,PASS,593,1100,53.91,C,,58
805290,PASS,733,1100,66.64,B,,58
805291,PASS,775,1100,70.45,A,,58
805301,PASS,603,1100,54.82,C,,58
805304,PASS,488,1100,44.36,D,,59
805305,PASS,778,1100,70.73,A,,58
805306,PASS,907,1100,82.45,A-1,,58
805308,PASS,736,1100,66.91,B,,58
805309,PASS,678,1100,61.64,B,,58
805311,PASS,792,1100,72.0,A,,58
805312,PASS,561,1100,51.0,C,,58
805314,PASS,589,1100,53.55,C,,58
805315,PASS,565,1100,51.36,C,,58
805316,PASS,481,1100,43.73,D,,59
805318,PASS,884,1100,80.36,A-1,,58
805320,PASS,796,1100,72.36,A,,58
805324,PASS,871,1100,79.18,A,,58
805325,PASS,885,1100,80.45,A-1,,58
805326,PASS,667,1100,60.64,B,,58
805327,PASS,549,1100,49.91,D,,58
805328,PASS,702,1100,63.82,B,,58
805331,PASS,584,1100,53.09,C,,58
805333,PASS,640,1100,58.18,C,,58
805334,PASS,806,1100,73.27,A,,58
805335,PASS,629,1100,57.18,C,,58
805337,PASS,573,1100,52.09,C,,58
805338,PASS,553,1100,50.27,C,,58
805339,PASS,744,1100,67.64,B,,58
805340,PASS,894,1100,81.27,A-1,,58
805341,PASS,940,1100,85.45,A-1,,58
805342,PASS,930,1100,84.55,A-1,,58
805343,PASS,937,1100,85.18,A-1,,58
805344,PASS,749,1100,68.09,B,,58
805345,PASS,979,1100,89.0,A-1,,58
805348,PASS,700,1100,63.64,B,,58
805349,PASS,848,1100,77.09,A,,58
805350,PASS,621,1100,56.45,C,,58
805351,PASS,660,1100,60.0,B,,58
805352,PASS,756,1100,68.73,B,,58
805353,PASS,619,1100,56.27,C,,58
805354,PASS,848,1100,77.09,A,,58
805356,PASS,795,1100,72.27,A,,58
805357,PASS,678,1100,61.64,B,,58
805358,PASS,805,1100,73.18,A,,58
805359,PASS,711,1100,64.64,B,,58
805360,PASS,610,1100,55.45,C,,58
805361,PASS,920,1100,83.64,A-1,,58
805363,PASS,665,1100,60.45,B,,58
805364,PASS,585,1100,53.18,C,,58
805367,PASS,722,1100,65.64,B,,58
805368,PASS,580,1100,52.73,C,,58
805369,PASS,615,1100,55.91,C,,58
805370,PASS,550,1100,50.0,C,,58
805372,PASS,787,1100,71.55,A,,58
805373,PASS,661,1100,60.09,B,,58
805374,PASS,593,1100,53.91,C,,58
805375,PASS,878,1100,79.82,A,,58
805379,PASS,735,1100,66.82,B,,58
805380,PASS,854,1100,77.64,A,,58
805381,PASS,865,1100,78.64,A,,58
805382,PASS,792,1100,72.0,A,,58
805383,PASS,849,1100,77.18,A,,58
805385,PASS,488,1100,44.36,D,,59
805386,PASS,559,1100,50.82,C,,58
805388,PASS,626,1100,56.91,C,,58
805389,PASS,903,1100,82.09,A-1,,58
805390,PASS,562,1100,51.09,C,,58
805393,PASS,542,1100,49.27,D,,59
805395,PASS,737,1100,67.0,B,,58
805397,PASS,773,1100,70.27,A,,58
805398,PASS,554,1100,50.36,C,,58
805399,PASS,676,1100,61.45,B,,58
805400,PASS,637,1100,57.91,C,,58
805401,PASS,812,1100,73.82,A,,58
805402,PASS,551,1100,50.09,C,,58
805403,PASS,500,1100,45.45,D,,59
805404,PASS,829,1100,75.36,A,,58
805406,PASS,649,1100,59.0,C,,58
805407,PASS,896,1100,81.45,A-1,,58
805409,PASS,697,1100,63.36,B,,58
805410,PASS,525,1100,47.73,D,,59
805411,PASS,913,1100,83.0,A-1,,58
805412,PASS,554,1100,50.36,C,,58
805413,PASS,535,1100,48.64,D,,59
805415,PASS,620,1100,56.36,C,,58
805416,PASS,552,1100,50.18,C,,58
805419,PASS,602,1100,54.73,C,,58
805423,PASS,727,1100,66.09,B,,58
805424,PASS,586,1100,53.27,C,,58
805425,PASS,561,1100,51.0,C,,58
805426,PASS,474,1100,43.09,D,,59
805428,PASS,650,1100,59.09,C,,58
805429,PASS,585,1100,53.18,C,,58
805430,PASS,577,1100,52.45,C,,58
805431,PASS,649,1100,59.0,C,,58
805432,PASS,925,1100,84.09,A-1,,58
805433,PASS,630,1100,57.27,C,,58
805434,PASS,708,1100,64.36,B,,58
805435,PASS,672,1100,61.09,B,,58
805436,PASS,785,1100,71.36,A,,58
805437,PASS,484,1100,44.0,D,,59
805438,PASS,798,1100,72.55,A,,58
805439,PASS,736,1100,66.91,B,,58
805440,PASS,925,1100,84.09,A-1,,58
805441,PASS,774,1100,70.36,A,,58
805443,PASS,785,1100,71.36,A,,58
805444,PASS,534,1100,48.55,D,,59
805481,PASS,541,1100,49.18,D,,59
805482,PASS,514,1100,46.73,D,,59
805491,PASS,532,1100,48.36,D,,59
805501,PASS,585,1100,53.18,C,,60
805502,PASS,847,1100,77.0,A,,59
805503,PASS,698,1100,63.45,B,,59
805504,PASS,853,1100,77.55,A,,59
805505,PASS,668,1100,60.73,B,,59
805506,PASS,707,1100,64.27,B,,59
805507,PASS,735,1100,66.82,B,,59
805508,PASS,692,1100,62.91,B,,59
805509,PASS,682,1100,62.0,B,,59
805510,PASS,754,1100,68.55,B,,59
805511,PASS,777,1100,70.64,A,,59
805512,PASS,492,1100,44.73,D,,60
805513,PASS,480,1100,43.64,D,,60
805514,PASS,601,1100,54.64,C,,60
805515,PASS,620,1100,56.36,C,,60
805521,PASS,771,1100,70.09,A,,60
805522,PASS,763,1100,69.36,B,,60
805523,PASS,726,1100,66.0,B,,60
805524,PASS,820,1100,74.55,A,,60
805525,PASS,849,1100,77.18,A,,60
805526,PASS,599,1100,54.45,C,,60
805527,PASS,788,1100,71.64,A,,60
805528,PASS,753,1100,68.45,B,,60
805529,PASS,699,1100,63.55,B,,60
805530,PASS,736,1100,66.91,B,,60
805531,PASS,656,1100,59.64,C,,60
805532,PASS,608,1100,55.27,C,,60
805533,PASS,709,1100,64.45,B,,60
805534,PASS,714,1100,64.91,B,,60
805535,PASS,553,1100,50.27,C,,60
805536,PASS,675,1100,61.36,B,,60
805537,PASS,822,1100,74.73,A,,60
805538,PASS,616,1100,56.0,C,,60
805539,PASS,591,1100,53.73,C,,60
805551,PASS,601,1100,54.64,C,,60
805552,PASS,723,1100,65.73,B,,60
805553,PASS,783,1100,71.18,A,,60
805557,PASS,823,1100,74.82,A,,60
805558,PASS,754,1100,68.55,B,,60
805559,PASS,727,1100,66.09,B,,60
805560,PASS,615,1100,55.91,C,,60
805561,PASS,937,1100,85.18,A-1,,60
805562,PASS,667,1100,60.64,B,,60
805563,PASS,700,1100,63.64,B,,60
805564,PASS,915,1100,83.18,A-1,,60
805565,PASS,758,1100,68.91,B,,60
805566,PASS,883,1100,80.27,A-1,,60
805567,PASS,624,1100,56.73,C,,60
805568,PASS,701,1100,63.73,B,,60
805569,PASS,654,1100,59.45,C,,60
805570,PASS,557,1100,50.64,C,,60
805571,PASS,700,1100,63.64,B,,60
805572,PASS,788,1100,71.64,A,,60
805573,PASS,489,1100,44.45,D,,60
805574,PASS,578,1100,52.55,C,,60
805575,PASS,732,1100,66.55,B,,60
805576,PASS,725,1100,65.91,B,,60
805577,PASS,925,1100,84.09,A-1,,60
805578,PASS,719,1100,65.36,B,,60
805579,PASS,764,1100,69.45,B,,60
805580,PASS,803,1100,73.0,A,,60
805581,PASS,757,1100,68.82,B,,60
805582,PASS,710,1100,64.55,B,,60
805583,PASS,941,1100,85.55,A-1,,60
805584,PASS,848,1100,77.09,A,,60
805585,PASS,797,1100,72.45,A,,60
805586,PASS,775,1100,70.45,A,,60
805587,PASS,722,1100,65.64,B,,60
805588,PASS,757,1100,68.82,B,,60
805589,PASS,548,1100,49.82,D,,60
805601,PASS,830,1100,75.45,A,,61
805604,PASS,608,1100,55.27,C,,61
805605,PASS,816,1100,74.18,A,,61
805606,PASS,551,1100,50.09,C,,61
805607,PASS,819,1100,74.45,A,,61
805608,PASS,526,1100,47.82,D,,61
805609,PASS,779,1100,70.82,A,,61
805610,PASS,588,1100,53.45,C,,61
805614,PASS,502,1100,45.64,D,,61
805622,PASS,503,1100,45.73,D,,61
805623,PASS,574,1100,52.18,C,,61
805625,PASS,529,1100,48.09,D,,61
805626,PASS,850,1100,77.27,A,,61
805629,PASS,649,1100,59.0,C,,61
805630,PASS,719,1100,65.36,B,,61
805631,PASS,569,1100,51.73,C,,61
805632,PASS,714,1100,64.91,B,,61
805633,PASS,477,1100,43.36,D,,61
805634,PASS,623,1100,56.64,C,,61
805635,PASS,562,1100,51.09,C,,61
805636,PASS,509,1100,46.27,D,,61
805637,PASS,728,1100,66.18,B,,61
805638,PASS,683,1100,62.09,B,,61
805639,PASS,573,1100,52.09,C,,61
805640,PASS,579,1100,52.64,C,,61
805641,PASS,573,1100,52.09,C,,61
805642,PASS,577,1100,52.45,C,,61
805643,PASS,640,1100,58.18,C,,61
805644,PASS,658,1100,59.82,C,,61
805646,PASS,527,1100,47.91,D,,61
805661,PASS,621,1100,56.45,C,,61
805662,PASS,591,1100,53.73,C,,61
805664,PASS,759,1100,69.0,B,,61
805665,PASS,646,1100,58.73,C,,61
805667,PASS,628,1100,57.09,C,,61
805668,PASS,835,1100,75.91,A,,61
805669,PASS,788,1100,71.64,A,,61
805670,PASS,578,1100,52.55,C,,61
805671,PASS,619,1100,56.27,C,,61
805674,PASS,561,1100,51.0,C,,61
805675,PASS,721,1100,65.55,B,,61
805676,PASS,730,1100,66.36,B,,61
805678,PASS,846,1100,76.91,A,,61
805679,PASS,774,1100,70.36,A,,61
805680,PASS,676,1100,61.45,B,,61
805681,PASS,772,1100,70.18,A,,61
805683,PASS,610,1100,55.45,C,,61
805684,PASS,791,1100,71.91,A,,61
805685,PASS,594,1100,54.0,C,,61
805686,PASS,594,1100,54.0,C,,61
805687,PASS,633,1100,57.55,C,,62
805690,PASS,672,1100,61.09,B,,61
805691,PASS,677,1100,61.55,B,,61
805692,PASS,836,1100,76.0,A,,61
805693,PASS,937,1100,85.18,A-1,,61
805694,PASS,936,1100,85.09,A-1,,61
805695,PASS,868,1100,78.91,A,,61
805696,PASS,562,1100,51.09,C,,62
805697,PASS,611,1100,55.55,C,,62
805698,PASS,659,1100,59.91,C,,61
805701,PASS,467,1100,42.45,D,,62
805711,PASS,957,1100,87.0,A-1,,62
805712,PASS,735,1100,66.82,B,,62
805713,PASS,799,1100,72.64,A,,62
805714,PASS,772,1100,70.18,A,,62
805715,PASS,930,1100,84.55,A-1,,62
805716,PASS,731,1100,66.45,B,,62
805717,PASS,820,1100,74.55,A,,62
805718,PASS,930,1100,84.55,A-1,,62
805719,PASS,772,1100,70.18,A,,62
805731,PASS,660,1100,60.0,B,,62
805732,PASS,577,1100,52.45,C,,62
805733,PASS,635,1100,57.73,C,,62
805735,PASS,743,1100,67.55,B,,62
805736,PASS,631,1100,57.36,C,,62
805737,PASS,807,1100,73.36,A,,62
805738,PASS,539,1100,49.0,D,,63
805739,PASS,643,1100,58.45,C,,62
805740,PASS,614,1100,55.82,C,,62
805741,PASS,862,1100,78.36,A,,62
805742,PASS,488,1100,44.36,D,,63
805743,PASS,621,1100,56.45,C,,62
805746,PASS,659,1100,59.91,C,,62
805747,PASS,632,1100,57.45,C,,62
805748,PASS,625,1100,56.82,C,,62
805749,PASS,639,1100,58.09,C,,62
805750,PASS,604,1100,54.91,C,,62
805751,PASS,522,1100,47.45,D,,63
805761,PASS,462,1100,42.0,D,,63
805776,PASS,738,1100,67.09,B,,64
805779,PASS,742,1100,67.45,B,,64
805781,PASS,827,1100,75.18,A,,63
805783,PASS,634,1100,57.64,C,,64
805784,PASS,731,1100,66.45,B,,64
805788,PASS,542,1100,49.27,D,,65
805792,PASS,511,1100,46.45,D,,65
805793,WITHHELD — COMPUTERIZED ENROLMENT CARD,,,,,,124
805796,PASS,901,1100,81.91,A-1,,63
805798,PASS,620,1100,56.36,C,,64
805799,PASS,669,1100,60.82,B,,64
805801,PASS,778,1100,70.73,A,,63
805802,PASS,858,1100,78.0,A,,63
805803,PASS,810,1100,73.64,A,,63
805804,PASS,854,1100,77.64,A,,63
805805,PASS,848,1100,77.09,A,,63
805807,PASS,770,1100,70.0,A,,63
805808,PASS,743,1100,67.55,B,,64
805809,PASS,798,1100,72.55,A,,63
805810,PASS,506,1100,46.0,D,,65
805811,PASS,565,1100,51.36,C,,64
805812,PASS,769,1100,69.91,B,,63
805813,PASS,823,1100,74.82,A,,63
805814,PASS,938,1100,85.27,A-1,,63
805815,PASS,866,1100,78.73,A,,63
805816,PASS,842,1100,76.55,A,,63
805818,PASS,855,1100,77.73,A,,63
805819,PASS,500,1100,45.45,D,,65
805820,PASS,710,1100,64.55,B,,64
805821,PASS,926,1100,84.18,A-1,,63
805822,PASS,695,1100,63.18,B,,64
805823,PASS,623,1100,56.64,C,,64
805825,PASS,766,1100,69.64,B,,63
805826,PASS,716,1100,65.09,B,,64
805827,PASS,851,1100,77.36,A,,63
805828,PASS,849,1100,77.18,A,,63
805829,PASS,710,1100,64.55,B,,64
805830,PASS,614,1100,55.82,C,,64
805831,PASS,837,1100,76.09,A,,63
805832,PASS,871,1100,79.18,A,,63
805833,PASS,712,1100,64.73,B,,64
805835,PASS,832,1100,75.64,A,,63
805836,PASS,765,1100,69.55,B,,63
805838,PASS,724,1100,65.82,B,,64
805839,PASS,520,1100,47.27,D,,65
805840,PASS,606,1100,55.09,C,,64
805841,PASS,643,1100,58.45,C,,64
805842,PASS,838,1100,76.18,A,,63
805843,PASS,886,1100,80.55,A-1,,63
805844,PASS,772,1100,70.18,A,,63
805847,PASS,697,1100,63.36,B,,64
805848,PASS,550,1100,50.0,C,,64
805849,PASS,768,1100,69.82,B,,63
805851,PASS,814,1100,74.0,A,,63
805852,PASS,719,1100,65.36,B,,64
805853,PASS,827,1100,75.18,A,,63
805854,PASS,785,1100,71.36,A,,63
805856,PASS,623,1100,56.64,C,,64
805858,PASS,703,1100,63.91,B,,64
805859,PASS,820,1100,74.55,A,,63
805860,PASS,871,1100,79.18,A,,63
805861,PASS,807,1100,73.36,A,,63
805862,PASS,934,1100,84.91,A-1,,63
805863,PASS,595,1100,54.09,C,,64
805864,PASS,698,1100,63.45,B,,64
805865,PASS,716,1100,65.09,B,,64
805866,PASS,776,1100,70.55,A,,63
805867,PASS,839,1100,76.27,A,,63
805868,PASS,919,1100,83.55,A-1,,63
805869,PASS,619,1100,56.27,C,,64
805870,PASS,798,1100,72.55,A,,63
805871,PASS,637,1100,57.91,C,,64
805872,PASS,754,1100,68.55,B,,64
805876,PASS,946,1100,86.0,A-1,,63
805877,PASS,767,1100,69.73,B,,63
805878,PASS,701,1100,63.73,B,,64
805879,PASS,710,1100,64.55,B,,64
805881,PASS,604,1100,54.91,C,,64
805882,PASS,662,1100,60.18,B,,64
805883,PASS,583,1100,53.0,C,,64
805884,PASS,613,1100,55.73,C,,64
805886,PASS,672,1100,61.09,B,,64
805887,PASS,635,1100,57.73,C,,64
805888,PASS,732,1100,66.55,B,,64
805890,PASS,593,1100,53.91,C,,64
805891,PASS,770,1100,70.0,A,,63
805892,PASS,612,1100,55.64,C,,64
805893,PASS,841,1100,76.45,A,,63
805895,PASS,851,1100,77.36,A,,63
805896,PASS,737,1100,67.0,B,,64
805898,PASS,594,1100,54.0,C,,64
805900,PASS,828,1100,75.27,A,,63
805902,PASS,763,1100,69.36,B,,64
805907,PASS,803,1100,73.0,A,,63
805908,PASS,732,1100,66.55,B,,64
805909,PASS,875,1100,79.55,A,,63
805911,PASS,816,1100,74.18,A,,63
805913,PASS,737,1100,67.0,B,,64
805914,PASS,802,1100,72.91,A,,63
805915,PASS,774,1100,70.36,A,,63
805916,PASS,760,1100,69.09,B,,64
805917,PASS,663,1100,60.27,B,,64
805918,PASS,659,1100,59.91,C,,64
805919,PASS,692,1100,62.91,B,,64
805920,PASS,795,1100,72.27,A,,63
805921,PASS,891,1100,81.0,A-1,,63
805922,PASS,494,1100,44.91,D,,65
805923,PASS,853,1100,77.55,A,,63
805924,PASS,786,1100,71.45,A,,63
805925,PASS,795,1100,72.27,A,,63
805926,PASS,550,1100,50.0,C,,64
805928,PASS,612,1100,55.64,C,,64
805929,PASS,787,1100,71.55,A,,63
805930,PASS,482,1100,43.82,D,,65
805932,PASS,672,1100,61.09,B,,64
805933,PASS,863,1100,78.45,A,,63
805934,PASS,640,1100,58.18,C,,64
805935,PASS,576,1100,52.36,C,,64
805936,PASS,841,1100,76.45,A,,63
805939,PASS,657,1100,59.73,C,,64
805940,PASS,605,1100,55.0,C,,64
805941,PASS,824,1100,74.91,A,,63
805942,PASS,703,1100,63.91,B,,64
805943,PASS,765,1100,69.55,B,,63
805945,PASS,581,1100,52.82,C,,64
805947,PASS,697,1100,63.36,B,,64
805948,PASS,792,1100,72.0,A,,63
805949,PASS,704,1100,64.0,B,,64
805950,PASS,716,1100,65.09,B,,64
805951,PASS,766,1100,69.64,B,,63
805952,PASS,860,1100,78.18,A,,63
805953,PASS,960,1100,87.27,A-1,,63
805954,PASS,674,1100,61.27,B,,64
805955,PASS,723,1100,65.73,B,,64
805956,PASS,890,1100,80.91,A-1,,63
805958,PASS,960,1100,87.27,A-1,,63
805959,PASS,736,1100,66.91,B,,64
805960,PASS,652,1100,59.27,C,,64
805961,PASS,632,1100,57.45,C,,64
805962,PASS,821,1100,74.64,A,,63
805963,PASS,822,1100,74.73,A,,63
805964,PASS,895,1100,81.36,A-1,,63
805965,PASS,825,1100,75.0,A,,63
805966,PASS,652,1100,59.27,C,,64
805967,PASS,722,1100,65.64,B,,64
805968,PASS,772,1100,70.18,A,,63
805969,PASS,586,1100,53.27,C,,64
805970,PASS,722,1100,65.64,B,,64
805971,PASS,855,1100,77.73,A,,63
805972,PASS,610,1100,55.45,C,,64
805973,PASS,676,1100,61.45,B,,64
805974,PASS,747,1100,67.91,B,,64
805975,PASS,903,1100,82.09,A-1,,63
805976,PASS,892,1100,81.09,A-1,,63
805977,PASS,659,1100,59.91,C,,64
805978,PASS,659,1100,59.91,C,,64
805979,PASS,827,1100,75.18,A,,63
805980,PASS,825,1100,75.0,A,,63
805981,PASS,793,1100,72.09,A,,63
805982,PASS,645,1100,58.64,C,,64
805983,PASS,857,1100,77.91,A,,63
805984,PASS,794,1100,72.18,A,,63
805985,PASS,740,1100,67.27,B,,64
805986,PASS,814,1100,74.0,A,,63
805987,PASS,576,1100,52.36,C,,64
805988,PASS,565,1100,51.36,C,,64
805989,PASS,800,1100,72.73,A,,63
805990,PASS,623,1100,56.64,C,,64
805991,PASS,598,1100,54.36,C,,64
805992,PASS,794,1100,72.18,A,,63
805993,PASS,939,1100,85.36,A-1,,63
805994,PASS,968,1100,88.0,A-1,,63
805996,PASS,532,1100,48.36,D,,65
805997,PASS,565,1100,51.36,C,,64
805998,PASS,585,1100,53.18,C,,64
806000,WITHHELD — COMPUTERIZED ENROLMENT CARD,,,,,,124
806001,PASS,847,1100,77.0,A,,63
806002,PASS,752,1100,68.36,B,,64
806003,PASS,831,1100,75.55,A,,63
806004,PASS,876,1100,79.64,A,,63
806005,PASS,980,1100,89.09,A-1,,63
806006,PASS,724,1100,65.82,B,,64
806007,PASS,786,1100,71.45,A,,63
806009,PASS,639,1100,58.09,C,,64
806010,PASS,616,1100,56.0,C,,64
806011,PASS,773,1100,70.27,A,,63
806012,PASS,675,1100,61.36,B,,64
806013,PASS,946,1100,86.0,A-1,,63
806014,PASS,723,1100,65.73,B,,64
806015,PASS,867,1100,78.82,A,,64
806016,PASS,927,1100,84.27,A-1,,63
806017,PASS,731,1100,66.45,B,,64
806018,PASS,675,1100,61.36,B,,64
806019,PASS,842,1100,76.55,A,,64
806021,PASS,696,1100,63.27,B,,64
806022,PASS,751,1100,68.27,B,,64
806023,PASS,599,1100,54.45,C,,64
806025,PASS,736,1100,66.91,B,,64
806026,PASS,831,1100,75.55,A,,64
806027,PASS,879,1100,79.91,A,,63
806028,PASS,742,1100,67.45,B,,64
806029,PASS,915,1100,83.18,A-1,,63
806030,PASS,783,1100,71.18,A,,64
806031,PASS,656,1100,59.64,C,,64
806032,PASS,866,1100,78.73,A,,64
806033,PASS,869,1100,79.0,A,,64
806034,PASS,635,1100,57.73,C,,65
806035,PASS,870,1100,79.09,A,,64
806040,PASS,659,1100,59.91,C,,64
806041,PASS,639,1100,58.09,C,,65
806042,PASS,831,1100,75.55,A,,64
806043,PASS,762,1100,69.27,B,,64
806044,PASS,867,1100,78.82,A,,64
806046,PASS,650,1100,59.09,C,,65
806047,PASS,676,1100,61.45,B,,64
806049,PASS,705,1100,64.09,B,,64
806050,PASS,553,1100,50.27,C,,65
806052,PASS,928,1100,84.36,A-1,,63
806053,PASS,822,1100,74.73,A,,64
806056,PASS,957,1100,87.0,A-1,,63
806057,PASS,927,1100,84.27,A-1,,63
806058,PASS,576,1100,52.36,C,,65
806059,PASS,749,1100,68.09,B,,64
806061,PASS,685,1100,62.27,B,,64
806062,PASS,548,1100,49.82,D,,65
806063,PASS,841,1100,76.45,A,,64
806064,PASS,787,1100,71.55,A,,64
806065,PASS,749,1100,68.09,B,,64
806066,PASS,755,1100,68.64,B,,64
806067,PASS,508,1100,46.18,D,,65
806068,PASS,581,1100,52.82,C,,65
806069,PASS,814,1100,74.0,A,,64
806072,PASS,552,1100,50.18,C,,65
806074,PASS,451,1100,41.0,D,,65
806075,PASS,589,1100,53.55,C,,65
806076,PASS,589,1100,53.55,C,,65
806079,PASS,817,1100,74.27,A,,64
806080,PASS,569,1100,51.73,C,,65
806081,PASS,800,1100,72.73,A,,64
806082,PASS,829,1100,75.36,A,,64
806083,PASS,614,1100,55.82,C,,65
806084,PASS,708,1100,64.36,B,,64
806085,PASS,726,1100,66.0,B,,64
806086,PASS,881,1100,80.09,A-1,,63
806087,PASS,845,1100,76.82,A,,64
806088,PASS,833,1100,75.73,A,,64
806089,PASS,927,1100,84.27,A-1,,63
806090,PASS,942,1100,85.64,A-1,,63
806092,PASS,744,1100,67.64,B,,64
806093,PASS,897,1100,81.55,A-1,,63
806094,PASS,636,1100,57.82,C,,65
806095,PASS,741,1100,67.36,B,,64
806096,PASS,831,1100,75.55,A,,64
806097,PASS,732,1100,66.55,B,,64
806098,PASS,835,1100,75.91,A,,64
806099,PASS,857,1100,77.91,A,,64
806100,PASS,713,1100,64.82,B,,64
806101,PASS,708,1100,64.36,B,,64
806102,PASS,704,1100,64.0,B,,64
806104,PASS,755,1100,68.64,B,,64
806106,PASS,667,1100,60.64,B,,64
806108,PASS,806,1100,73.27,A,,64
806109,PASS,847,1100,77.0,A,,64
806110,PASS,808,1100,73.45,A,,64
806111,PASS,811,1100,73.73,A,,64
806117,PASS,800,1100,72.73,A,,64
806118,PASS,700,1100,63.64,B,,64
806119,PASS,708,1100,64.36,B,,64
806120,PASS,645,1100,58.64,C,,65
806121,PASS,615,1100,55.91,C,,65
806122,PASS,830,1100,75.45,A,,64
806123,PASS,763,1100,69.36,B,,64
806124,PASS,593,1100,53.91,C,,65
806125,PASS,911,1100,82.82,A-1,,63
806126,PASS,849,1100,77.18,A,,64
806127,PASS,806,1100,73.27,A,,64
806128,PASS,851,1100,77.36,A,,64
806129,PASS,760,1100,69.09,B,,64
806130,PASS,701,1100,63.73,B,,64
806132,PASS,700,1100,63.64,B,,64
806133,PASS,567,1100,51.55,C,,65
806134,PASS,615,1100,55.91,C,,65
806135,PASS,621,1100,56.45,C,,65
806136,PASS,900,1100,81.82,A-1,,63
806137,PASS,597,1100,54.27,C,,65
806138,PASS,802,1100,72.91,A,,64
806139,PASS,625,1100,56.82,C,,65
806140,PASS,773,1100,70.27,A,,64
806141,PASS,816,1100,74.18,A,,64
806142,PASS,640,1100,58.18,C,,65
806144,PASS,908,1100,82.55,A-1,,63
806145,PASS,831,1100,75.55,A,,64
806146,PASS,839,1100,76.27,A,,64
806147,PASS,868,1100,78.91,A,,64
806148,PASS,731,1100,66.45,B,,64
806149,PASS,700,1100,63.64,B,,64
806150,PASS,522,1100,47.45,D,,65
806151,PASS,821,1100,74.64,A,,64
806152,PASS,804,1100,73.09,A,,64
806153,PASS,741,1100,67.36,B,,64
806154,PASS,940,1100,85.45,A-1,,63
806155,PASS,656,1100,59.64,C,,64
806156,PASS,735,1100,66.82,B,,64
806157,PASS,888,1100,80.73,A-1,,63
806158,PASS,862,1100,78.36,A,,64
806159,PASS,902,1100,82.0,A-1,,63
806160,PASS,863,1100,78.45,A,,64
806161,PASS,693,1100,63.0,B,,64
806163,PASS,955,1100,86.82,A-1,,63
806165,PASS,917,1100,83.36,A-1,,63
806166,PASS,559,1100,50.82,C,,65
806168,PASS,808,1100,73.45,A,,64
806170,PASS,782,1100,71.09,A,,64
806171,PASS,807,1100,73.36,A,,64
806172,PASS,759,1100,69.0,B,,64
806174,PASS,836,1100,76.0,A,,64
806175,PASS,699,1100,63.55,B,,64
806176,PASS,901,1100,81.91,A-1,,63
806177,PASS,719,1100,65.36,B,,64
806178,PASS,716,1100,65.09,B,,64
806179,PASS,548,1100,49.82,D,,65
806180,PASS,795,1100,72.27,A,,64
806181,PASS,660,1100,60.0,B,,64
806186,PASS,547,1100,49.73,D,,65
806187,PASS,545,1100,49.55,D,,65
806188,PASS,749,1100,68.09,B,,64
806189,PASS,637,1100,57.91,C,,65
806191,PASS,660,1100,60.0,B,,64
806192,PASS,803,1100,73.0,A,,64
806193,PASS,821,1100,74.64,A,,64
806195,PASS,838,1100,76.18,A,,64
806196,PASS,821,1100,74.64,A,,64
806198,PASS,865,1100,78.64,A,,64
806199,PASS,696,1100,63.27,B,,64
806200,PASS,580,1100,52.73,C,,65
806201,PASS,627,1100,57.0,C,,65
806202,PASS,749,1100,68.09,B,,64
806203,PASS,703,1100,63.91,B,,64
806204,PASS,827,1100,75.18,A,,64
806205,PASS,788,1100,71.64,A,,64
806206,PASS,739,1100,67.18,B,,64
806207,PASS,734,1100,66.73,B,,64
806208,PASS,787,1100,71.55,A,,64
806210,PASS,814,1100,74.0,A,,64
806211,PASS,786,1100,71.45,A,,64
806212,PASS,571,1100,51.91,C,,65
806213,PASS,704,1100,64.0,B,,64
806214,PASS,662,1100,60.18,B,,64
806217,PASS,712,1100,64.73,B,,64
806218,PASS,544,1100,49.45,D,,65
806227,PASS,775,1100,70.45,A,,64
806272,PASS,775,1100,70.45,A,,65
806273,PASS,657,1100,59.73,C,,65
806274,PASS,615,1100,55.91,C,,65
806275,PASS,574,1100,52.18,C,,65
806276,PASS,657,1100,59.73,C,,65
806277,PASS,666,1100,60.55,B,,65
806278,PASS,737,1100,67.0,B,,65
806279,PASS,796,1100,72.36,A,,65
806280,PASS,546,1100,49.64,D,,65
806281,PASS,768,1100,69.82,B,,65
806282,PASS,800,1100,72.73,A,,65
806283,PASS,819,1100,74.45,A,,65
806286,PASS,483,1100,43.91,D,,65
806287,PASS,762,1100,69.27,B,,65
806288,PASS,717,1100,65.18,B,,65
806289,PASS,700,1100,63.64,B,,65
806291,PASS,717,1100,65.18,B,,65
806302,PASS,488,1100,44.36,D,,65
806303,PASS,497,1100,45.18,D,,65
806308,PASS,492,1100,44.73,D,,65
806316,PASS,723,1100,65.73,B,,65
806322,PASS,494,1100,44.91,D,,65
806328,PASS,556,1100,50.55,C,,65
806330,PASS,531,1100,48.27,D,,65
806334,PASS,509,1100,46.27,D,,65
806336,PASS,564,1100,51.27,C,,65
806338,PASS,454,1100,41.27,D,,65
806340,PASS,565,1100,51.36,C,,65
806346,PASS,789,1100,71.73,A,,65
806347,PASS,772,1100,70.18,A,,65
806348,PASS,520,1100,47.27,D,,65
806349,PASS,523,1100,47.55,D,,65
806354,PASS,465,1100,42.27,D,,65
806355,PASS,512,1100,46.55,D,,65
806361,PASS,545,1100,49.55,D,,65
806362,PASS,848,1100,77.09,A,,65
806363,PASS,513,1100,46.64,D,,65
806366,PASS,475,1100,43.18,D,,65
806367,PASS,519,1100,47.18,D,,65
806368,PASS,573,1100,52.09,C,,65
806371,PASS,925,1100,84.09,A-1,,65
806372,PASS,753,1100,68.45,B,,65
806377,PASS,473,1100,43.0,D,,65
806378,PASS,501,1100,45.55,D,,66
806381,PASS,854,1100,77.64,A,,65
806382,PASS,742,1100,67.45,B,,65
806385,PASS,503,1100,45.73,D,,66
806387,PASS,697,1100,63.36,B,,65
806388,PASS,491,1100,44.64,D,,66
806391,PASS,570,1100,51.82,C,,65
806393,PASS,503,1100,45.73,D,,66
806394,PASS,495,1100,45.0,D,,66
806396,PASS,485,1100,44.09,D,,66
806398,PASS,441,1100,40.09,D,,66
806399,PASS,440,1100,40.0,D,,66
806402,PASS,591,1100,53.73,C,,65
806404,PASS,695,1100,63.18,B,,65
806417,WITHHELD — VERIFICATION OF ENROLMENT CARD,,,,,,125
806420,PASS,477,1100,43.36,D,,66
806421,PASS,544,1100,49.45,D,,66
806426,PASS,756,1100,68.73,B,,65
806428,PASS,683,1100,62.09,B,,65
806429,WITHHELD — COMPUTERIZED ENROLMENT CARD,,,,,,124
806481,WITHHELD — COMPUTERIZED ENROLMENT CARD,,,,,,124
806482,WITHHELD — COMPUTERIZED ENROLMENT CARD,,,,,,124
806485,PASS,518,1100,47.09,D,,66
806486,PASS,452,1100,41.09,D,,66
806487,PASS,613,1100,55.73,C,,66
806488,WITHHELD — COMPUTERIZED ENROLMENT CARD,,,,,,124
806491,PASS,962,1100,87.45,A-1,,66
806492,PASS,904,1100,82.18,A-1,,66
806493,PASS,759,1100,69.0,B,,66
806495,PASS,657,1100,59.73,C,,66
806496,PASS,848,1100,77.09,A,,66
806497,PASS,715,1100,65.0,B,,66
806498,PASS,598,1100,54.36,C,,66
806499,PASS,807,1100,73.36,A,,66
806500,PASS,845,1100,76.82,A,,66
806501,PASS,769,1100,69.91,B,,66
806502,PASS,849,1100,77.18,A,,66
806503,PASS,634,1100,57.64,C,,66
806504,PASS,769,1100,69.91,B,,66
806505,PASS,719,1100,65.36,B,,66
806506,PASS,796,1100,72.36,A,,66
806507,PASS,825,1100,75.0,A,,66
806508,PASS,628,1100,57.09,C,,66
806509,PASS,770,1100,70.0,A,,66
806510,PASS,844,1100,76.73,A,,66
806511,PASS,899,1100,81.73,A-1,,66
806512,PASS,820,1100,74.55,A,,66
806513,PASS,777,1100,70.64,A,,66
806514,PASS,787,1100,71.55,A,,66
806521,PASS,776,1100,70.55,A,,66
806528,PASS,499,1100,45.36,D,,67
806529,PASS,511,1100,46.45,D,,67
806531,PASS,520,1100,47.27,D,,67
806532,PASS,553,1100,50.27,C,,67
806534,PASS,479,1100,43.55,D,,67
806541,PASS,650,1100,59.09,C,,67
806547,PASS,534,1100,48.55,D,,67
806549,PASS,715,1100,65.0,B,,66
806554,PASS,503,1100,45.73,D,,67
806557,PASS,807,1100,73.36,A,,66
806582,PASS,772,1100,70.18,A,,66
806583,PASS,696,1100,63.27,B,,66
806586,PASS,455,1100,41.36,D,,67
806588,PASS,525,1100,47.73,D,,67
806590,PASS,688,1100,62.55,B,,66
806596,PASS,496,1100,45.09,D,,67
806602,PASS,675,1100,61.36,B,,66
806603,PASS,674,1100,61.27,B,,66
806611,PASS,540,1100,49.09,D,,67
806612,PASS,633,1100,57.55,C,,67
806614,PASS,768,1100,69.82,B,,66
806616,PASS,610,1100,55.45,C,,67
806628,PASS,679,1100,61.73,B,,66
806630,PASS,609,1100,55.36,C,,67
806632,PASS,529,1100,48.09,D,,67
806633,PASS,648,1100,58.91,C,,67
806636,PASS,534,1100,48.55,D,,67
806637,PASS,584,1100,53.09,C,,67
806638,PASS,589,1100,53.55,C,,67
806641,PASS,720,1100,65.45,B,,66
806642,PASS,720,1100,65.45,B,,66
806643,PASS,911,1100,82.82,A-1,,66
806646,PASS,549,1100,49.91,D,,67
806648,PASS,913,1100,83.0,A-1,,66
806649,PASS,534,1100,48.55,D,,67
806652,PASS,713,1100,64.82,B,,66
806653,PASS,701,1100,63.73,B,,66
806655,PASS,652,1100,59.27,C,,67
806659,PASS,449,1100,40.82,D,,67
806660,PASS,552,1100,50.18,C,,67
806666,PASS,527,1100,47.91,D,,67
806667,PASS,597,1100,54.27,C,,67
806669,PASS,489,1100,44.45,D,,67
806670,PASS,436,1100,39.64,E,,67
806671,PASS,512,1100,46.55,D,,67
806676,PASS,550,1100,50.0,C,,67
806677,PASS,517,1100,47.0,D,,67
806679,PASS,462,1100,42.0,D,,67
806680,PASS,709,1100,64.45,B,,67
806684,PASS,566,1100,51.45,C,,67
806685,PASS,559,1100,50.82,C,,67
806687,PASS,651,1100,59.18,C,,67
806688,PASS,615,1100,55.91,C,,67
806690,PASS,610,1100,55.45,C,,67
806691,PASS,563,1100,51.18,C,,67
806692,PASS,641,1100,58.27,C,,67
806693,PASS,713,1100,64.82,B,,67
806694,PASS,451,1100,41.0,D,,67
806695,PASS,692,1100,62.91,B,,67
806696,PASS,614,1100,55.82,C,,67
806700,PASS,411,1100,37.36,E,,67
806703,PASS,519,1100,47.18,D,,67
806704,PASS,640,1100,58.18,C,,67
806709,PASS,498,1100,45.27,D,,67
806711,PASS,793,1100,72.09,A,,66
806716,PASS,466,1100,42.36,D,,67
806718,PASS,568,1100,51.64,C,,67
806719,PASS,563,1100,51.18,C,,67
806723,PASS,592,1100,53.82,C,,67
806725,PASS,508,1100,46.18,D,,67
806727,PASS,653,1100,59.36,C,,67
806733,PASS,593,1100,53.91,C,,67
806734,PASS,642,1100,58.36,C,,67
806737,PASS,558,1100,50.73,C,,67
806738,PASS,528,1100,48.0,D,,67
806740,WITHHELD — VERIFICATION OF ENROLMENT CARD,,,,,,125
806741,PASS,531,1100,48.27,D,,67
806751,WITHHELD — COMPUTERIZED ENROLMENT CARD,,,,,,124
806752,WITHHELD — VERIFICATION OF ENROLMENT CARD,,,,,,125
806834,PASS,505,1100,45.91,D,,68
806835,PASS,837,1100,76.09,A,,67
806836,PASS,869,1100,79.0,A,,67
806838,PASS,673,1100,61.18,B,,67
806839,PASS,748,1100,68.0,B,,67
806841,PASS,625,1100,56.82,C,,67
806842,PASS,589,1100,53.55,C,,67
806843,PASS,631,1100,57.36,C,,67
806844,PASS,633,1100,57.55,C,,67
806845,PASS,576,1100,52.36,C,,67
806847,PASS,716,1100,65.09,B,,67
806851,PASS,808,1100,73.45,A,,67
806853,PASS,740,1100,67.27,B,,67
806854,PASS,874,1100,79.45,A,,67
806856,PASS,573,1100,52.09,C,,67
806857,PASS,900,1100,81.82,A-1,,67
806858,PASS,599,1100,54.45,C,,67
806859,PASS,719,1100,65.36,B,,67
806860,PASS,661,1100,60.09,B,,67
806861,PASS,619,1100,56.27,C,,67
806862,PASS,742,1100,67.45,B,,67
806863,PASS,464,1100,42.18,D,,68
806867,PASS,761,1100,69.18,B,,67
806868,PASS,569,1100,51.73,C,,67
806869,PASS,645,1100,58.64,C,,67
806870,PASS,689,1100,62.64,B,,67
806871,PASS,703,1100,63.91,B,,67
806872,PASS,496,1100,45.09,D,,68
806873,PASS,563,1100,51.18,C,,67
806876,PASS,500,1100,45.45,D,,68
806883,PASS,715,1100,65.0,B,,67
806884,PASS,537,1100,48.82,D,,68
806886,PASS,492,1100,44.73,D,,68
806887,PASS,901,1100,81.91,A-1,,67
806888,PASS,735,1100,66.82,B,,67
806890,PASS,583,1100,53.0,C,,67
806893,PASS,630,1100,57.27,C,,67
806894,PASS,733,1100,66.64,B,,67
806900,PASS,696,1100,63.27,B,,67
806903,PASS,478,1100,43.45,D,,68
806904,PASS,806,1100,73.27,A,,67
806905,PASS,899,1100,81.73,A-1,,67
806908,PASS,650,1100,59.09,C,,67
806909,PASS,812,1100,73.82,A,,67
806910,PASS,681,1100,61.91,B,,67
806912,PASS,695,1100,63.18,B,,67
806913,PASS,806,1100,73.27,A,,67
806914,PASS,733,1100,66.64,B,,67
806916,PASS,775,1100,70.45,A,,67
806917,PASS,729,1100,66.27,B,,67
806919,PASS,487,1100,44.27,D,,68
806920,PASS,828,1100,75.27,A,,67
806921,PASS,820,1100,74.55,A,,67
806922,PASS,615,1100,55.91,C,,67
806923,PASS,831,1100,75.55,A,,67
806924,PASS,459,1100,41.73,D,,68
806925,PASS,819,1100,74.45,A,,67
806926,PASS,611,1100,55.55,C,,67
806927,PASS,864,1100,78.55,A,,67
806928,PASS,518,1100,47.09,D,,68
806931,PASS,812,1100,73.82,A,,67
806932,PASS,815,1100,74.09,A,,67
806933,PASS,805,1100,73.18,A,,67
806934,PASS,921,1100,83.73,A-1,,67
806935,PASS,614,1100,55.82,C,,67
806936,PASS,788,1100,71.64,A,,67
806937,PASS,516,1100,46.91,D,,68
806938,PASS,598,1100,54.36,C,,67
806942,PASS,679,1100,61.73,B,,67
806943,PASS,856,1100,77.82,A,,67
806944,PASS,805,1100,73.18,A,,67
806946,PASS,705,1100,64.09,B,,67
806950,PASS,743,1100,67.55,B,,67
806952,PASS,705,1100,64.09,B,,67
806953,PASS,656,1100,59.64,C,,67
806954,PASS,722,1100,65.64,B,,67
806957,PASS,708,1100,64.36,B,,67
806958,PASS,699,1100,63.55,B,,67
806959,PASS,685,1100,62.27,B,,67
806960,PASS,615,1100,55.91,C,,67
806963,PASS,598,1100,54.36,C,,67
806964,PASS,598,1100,54.36,C,,68
807033,PASS,562,1100,51.09,C,,68
807043,WITHHELD — VERIFICATION OF ENROLMENT CARD,,,,,,125
807094,PASS,622,1100,56.55,C,,68
807097,PASS,508,1100,46.18,D,,69
807101,PASS,602,1100,54.73,C,,68
807102,PASS,689,1100,62.64,B,,68
807107,WITHHELD — U.F.M. CASE,,,,,,124
807135,PASS,690,1100,62.73,B,,69
807169,PASS,682,1100,62.0,B,,69
807181,PASS,757,1100,68.82,B,,69
807192,PASS,474,1100,43.09,D,,69
807197,WITHHELD — VERIFICATION OF ENROLMENT CARD,,,,,,125
807203,PASS,504,1100,45.82,D,,69
807225,WITHHELD — COMPUTERIZED ENROLMENT CARD,,,,,,124
807312,PASS,519,1100,47.18,D,,69
807315,PASS,662,1100,60.18,B,,69
807317,PASS,564,1100,51.27,C,,69
807319,PASS,539,1100,49.0,D,,69
807320,PASS,575,1100,52.27,C,,69
807321,WITHHELD — COMPUTERIZED ENROLMENT CARD,,,,,,124
807322,WITHHELD — COMPUTERIZED ENROLMENT CARD,,,,,,124
807331,PASS,510,1100,46.36,D,,70
807340,PASS,512,1100,46.55,D,,70
807361,PASS,654,1100,59.45,C,,70
807362,PASS,671,1100,61.0,B,,70
807363,PASS,847,1100,77.0,A,,70
807365,PASS,671,1100,61.0,B,,70
807366,PASS,862,1100,78.36,A,,70
807370,PASS,603,1100,54.82,C,,70
807371,PASS,628,1100,57.09,C,,70
807372,PASS,691,1100,62.82,B,,70
807373,PASS,636,1100,57.82,C,,70
807374,PASS,520,1100,47.27,D,,70
807375,PASS,743,1100,67.55,B,,70
807376,PASS,591,1100,53.73,C,,70
807377,PASS,723,1100,65.73,B,,70
807378,PASS,915,1100,83.18,A-1,,70
807412,PASS,497,1100,45.18,D,,71
807413,PASS,645,1100,58.64,C,,71
807414,PASS,575,1100,52.27,C,,71
807417,PASS,577,1100,52.45,C,,71
807418,PASS,621,1100,56.45,C,,71
807419,PASS,520,1100,47.27,D,,71
807435,PASS,539,1100,49.0,D,,71
807436,PASS,524,1100,47.64,D,,71
807437,PASS,518,1100,47.09,D,,71
807438,PASS,480,1100,43.64,D,,71
807440,PASS,493,1100,44.82,D,,71
807441,PASS,483,1100,43.91,D,,71
807444,PASS,527,1100,47.91,D,,71
807445,PASS,620,1100,56.36,C,,71
807446,PASS,551,1100,50.09,C,,71
807449,PASS,573,1100,52.09,C,,71
807454,PASS,550,1100,50.0,C,,71
807460,PASS,685,1100,62.27,B,,71
807461,PASS,644,1100,58.55,C,,71
807465,PASS,503,1100,45.73,D,,71
807468,PASS,637,1100,57.91,C,,71
807472,WITHHELD — VERIFICATION OF ENROLMENT CARD,,,,,,125
807473,PASS,466,1100,42.36,D,,71
807476,PASS,536,1100,48.73,D,,71
807481,PASS,494,1100,44.91,D,,71
807482,PASS,460,1100,41.82,D,,71
807484,PASS,565,1100,51.36,C,,71
807485,PASS,801,1100,72.82,A,,71
807486,PASS,594,1100,54.0,C,,71
807489,WITHHELD — COMPUTERIZED ENROLMENT CARD,,,,,,124
807491,PASS,453,1100,41.18,D,,71
807494,PASS,582,1100,52.91,C,,71
807495,PASS,738,1100,67.09,B,,71
807496,PASS,444,1100,40.36,D,,71
807500,PASS,513,1100,46.64,D,,71
807504,PASS,569,1100,51.73,C,,71
807505,PASS,565,1100,51.36,C,,71
807509,PASS,491,1100,44.64,D,,71
807518,PASS,482,1100,43.82,D,,71
807519,WITHHELD — COMPUTERIZED ENROLMENT CARD,,,,,,124
807522,WITHHELD — COMPUTERIZED ENROLMENT CARD,,,,,,124
807527,WITHHELD — VERIFICATION OF ENROLMENT CARD,,,,,,125
807531,PASS,533,1100,48.45,D,,71
807533,PASS,519,1100,47.18,D,,71
807539,PASS,443,1100,40.27,D,,71
807541,PASS,439,1100,39.91,E,,71
807543,PASS,492,1100,44.73,D,,71
807546,WITHHELD — VERIFICATION OF ENROLMENT CARD,,,,,,125
807547,WITHHELD — VERIFICATION OF ENROLMENT CARD,,,,,,125
807548,PASS,435,1100,39.55,E,,71
807550,WITHHELD — COMPUTERIZED ENROLMENT CARD,,,,,,124
807551,WITHHELD — COMPUTERIZED ENROLMENT CARD,,,,,,124
807552,PASS,525,1100,47.73,D,,71
807556,WITHHELD — COMPUTERIZED ENROLMENT CARD,,,,,,124
807557,WITHHELD — VERIFICATION OF ENROLMENT CARD,,,,,,125
807624,WITHHELD — COMPUTERIZED ENROLMENT CARD,,,,,,124
807626,WITHHELD — VERIFICATION OF ENROLMENT CARD,,,,,,125
807630,WITHHELD — COMPUTERIZED ENROLMENT CARD,,,,,,124
807632,PASS,469,1100,42.64,D,,71
807633,WITHHELD — VERIFICATION OF ENROLMENT CARD,,,,,,125
807635,WITHHELD — VERIFICATION OF ENROLMENT CARD,,,,,,125
807636,WITHHELD — COMPUTERIZED ENROLMENT CARD,,,,,,124
807637,WITHHELD — COMPUTERIZED ENROLMENT CARD,,,,,,124
807641,PASS,744,1100,67.64,B,,71
807642,PASS,475,1100,43.18,D,,72
807643,PASS,758,1100,68.91,B,,71
807644,PASS,810,1100,73.64,A,,71
807645,PASS,692,1100,62.91,B,,71
807646,PASS,460,1100,41.82,D,,72
807651,PASS,617,1100,56.09,C,,72
807652,PASS,848,1100,77.09,A,,72
807653,PASS,791,1100,71.91,A,,72
807661,PASS,846,1100,76.91,A,,72
807663,PASS,588,1100,53.45,C,,72
807665,PASS,542,1100,49.27,D,,72
807667,PASS,743,1100,67.55,B,,72
807668,WITHHELD — VERIFICATION OF ENROLMENT CARD,,,,,,125
807669,PASS,614,1100,55.82,C,,72
807670,PASS,583,1100,53.0,C,,72
807671,WITHHELD — VERIFICATION OF ENROLMENT CARD,,,,,,125
807673,WITHHELD — COMPUTERIZED ENROLMENT CARD,,,,,,124
807675,PASS,619,1100,56.27,C,,72
807676,PASS,470,1100,42.73,D,,72
807681,PASS,627,1100,57.0,C,,72
807682,PASS,639,1100,58.09,C,,72
807685,PASS,622,1100,56.55,C,,72
807686,PASS,657,1100,59.73,C,,72
807689,PASS,579,1100,52.64,C,,72
807690,PASS,595,1100,54.09,C,,72
807691,PASS,573,1100,52.09,C,,72
807694,PASS,530,1100,48.18,D,,72
807695,PASS,629,1100,57.18,C,,72
807696,PASS,552,1100,50.18,C,,72
807697,PASS,518,1100,47.09,D,,72
807700,WITHHELD — COMPUTERIZED ENROLMENT CARD,,,,,,124
807701,PASS,544,1100,49.45,D,,72
807702,PASS,685,1100,62.27,B,,72
807704,PASS,645,1100,58.64,C,,72
807706,PASS,527,1100,47.91,D,,72
807707,PASS,582,1100,52.91,C,,72
807708,PASS,501,1100,45.55,D,,72
807721,PASS,817,1100,74.27,A,,72
807722,PASS,756,1100,68.73,B,,73
807723,PASS,791,1100,71.91,A,,72
807731,PASS,861,1100,78.27,A,,73
807732,PASS,804,1100,73.09,A,,73
807734,PASS,748,1100,68.0,B,,73
807735,PASS,741,1100,67.36,B,,73
807736,PASS,734,1100,66.73,B,,73
807737,PASS,776,1100,70.55,A,,73
807738,PASS,678,1100,61.64,B,,73
807739,PASS,670,1100,60.91,B,,73
807740,PASS,545,1100,49.55,D,,73
807741,PASS,757,1100,68.82,B,,73
807742,PASS,843,1100,76.64,A,,73
807743,PASS,689,1100,62.64,B,,73
807744,PASS,756,1100,68.73,B,,73
807745,PASS,835,1100,75.91,A,,73
807746,PASS,837,1100,76.09,A,,73
807747,PASS,789,1100,71.73,A,,73
807748,PASS,747,1100,67.91,B,,73
807750,PASS,730,1100,66.36,B,,73
807751,PASS,891,1100,81.0,A-1,,73
807752,PASS,669,1100,60.82,B,,73
807753,PASS,659,1100,59.91,C,,73
807754,PASS,766,1100,69.64,B,,73
807755,PASS,704,1100,64.0,B,,73
807756,PASS,644,1100,58.55,C,,74
807757,PASS,615,1100,55.91,C,,74
807758,PASS,632,1100,57.45,C,,74
807759,PASS,860,1100,78.18,A,,73
807760,PASS,612,1100,55.64,C,,74
807761,PASS,761,1100,69.18,B,,73
807762,PASS,573,1100,52.09,C,,74
807763,PASS,545,1100,49.55,D,,74
807764,PASS,697,1100,63.36,B,,73
807765,PASS,649,1100,59.0,C,,74
807766,PASS,583,1100,53.0,C,,74
807767,PASS,654,1100,59.45,C,,74
807768,PASS,813,1100,73.91,A,,73
807770,PASS,861,1100,78.27,A,,73
807771,PASS,695,1100,63.18,B,,73
807772,PASS,736,1100,66.91,B,,73
807773,PASS,783,1100,71.18,A,,73
807774,PASS,800,1100,72.73,A,,73
807775,PASS,869,1100,79.0,A,,73
807776,PASS,566,1100,51.45,C,,74
807778,PASS,608,1100,55.27,C,,74
807779,PASS,807,1100,73.36,A,,73
807780,PASS,701,1100,63.73,B,,73
807781,PASS,763,1100,69.36,B,,73
807783,PASS,596,1100,54.18,C,,74
807784,PASS,674,1100,61.27,B,,73
807785,PASS,675,1100,61.36,B,,74
807786,PASS,904,1100,82.18,A-1,,73
807787,PASS,794,1100,72.18,A,,73
807788,PASS,745,1100,67.73,B,,74
807789,PASS,706,1100,64.18,B,,74
807790,PASS,736,1100,66.91,B,,74
807791,PASS,801,1100,72.82,A,,73
807792,PASS,923,1100,83.91,A-1,,73
807793,PASS,595,1100,54.09,C,,74
807794,PASS,718,1100,65.27,B,,74
807795,PASS,934,1100,84.91,A-1,,73
807796,PASS,682,1100,62.0,B,,74
807797,PASS,695,1100,63.18,B,,74
807798,PASS,685,1100,62.27,B,,74
807799,PASS,739,1100,67.18,B,,74
807800,PASS,654,1100,59.45,C,,74
807801,PASS,708,1100,64.36,B,,74
807802,PASS,734,1100,66.73,B,,74
807804,PASS,903,1100,82.09,A-1,,73
807805,PASS,614,1100,55.82,C,,74
807806,PASS,875,1100,79.55,A,,73
807807,PASS,948,1100,86.18,A-1,,73
807808,PASS,785,1100,71.36,A,,73
807809,PASS,779,1100,70.82,A,,73
807810,PASS,775,1100,70.45,A,,73
807811,PASS,855,1100,77.73,A,,73
807812,PASS,893,1100,81.18,A-1,,73
807813,PASS,881,1100,80.09,A-1,,73
807814,PASS,597,1100,54.27,C,,74
807815,PASS,814,1100,74.0,A,,73
807816,PASS,788,1100,71.64,A,,73
807817,PASS,671,1100,61.0,B,,74
807818,PASS,712,1100,64.73,B,,74
807819,PASS,610,1100,55.45,C,,74
807820,PASS,650,1100,59.09,C,,74
807821,PASS,599,1100,54.45,C,,74
807822,PASS,773,1100,70.27,A,,73
807823,PASS,916,1100,83.27,A-1,,73
807824,PASS,742,1100,67.45,B,,74
807825,PASS,728,1100,66.18,B,,74
807826,PASS,727,1100,66.09,B,,74
807827,PASS,538,1100,48.91,D,,74
807828,PASS,610,1100,55.45,C,,74
807829,PASS,736,1100,66.91,B,,74
807830,PASS,735,1100,66.82,B,,74
807831,PASS,580,1100,52.73,C,,74
807833,PASS,934,1100,84.91,A-1,,73
807834,PASS,572,1100,52.0,C,,74
807835,PASS,557,1100,50.64,C,,74
807836,PASS,691,1100,62.82,B,,74
807837,PASS,662,1100,60.18,B,,74
807838,PASS,783,1100,71.18,A,,73
807839,PASS,553,1100,50.27,C,,74
807840,PASS,919,1100,83.55,A-1,,73
807841,PASS,685,1100,62.27,B,,74
807862,PASS,731,1100,66.45,B,,74
807864,PASS,763,1100,69.36,B,,74
807865,PASS,699,1100,63.55,B,,74
807881,PASS,623,1100,56.64,C,,75
807882,WITHHELD — COMPUTERIZED ENROLMENT CARD,,,,,,124
807891,PASS,577,1100,52.45,C,,76
807892,PASS,562,1100,51.09,C,,76
807893,PASS,989,1100,89.91,A-1,,75
807895,PASS,968,1100,88.0,A-1,,75
807896,PASS,577,1100,52.45,C,,76
807897,PASS,779,1100,70.82,A,,75
807898,PASS,649,1100,59.0,C,,76
807899,PASS,642,1100,58.36,C,,76
807900,PASS,709,1100,64.45,B,,75
807902,PASS,659,1100,59.91,C,,75
807903,PASS,642,1100,58.36,C,,76
807904,PASS,940,1100,85.45,A-1,,75
807906,PASS,741,1100,67.36,B,,75
807907,PASS,797,1100,72.45,A,,75
807908,PASS,671,1100,61.0,B,,75
807909,PASS,852,1100,77.45,A,,75
807910,PASS,649,1100,59.0,C,,76
807911,PASS,791,1100,71.91,A,,75
807912,PASS,867,1100,78.82,A,,75
807913,PASS,637,1100,57.91,C,,76
807915,PASS,868,1100,78.91,A,,75
807916,PASS,914,1100,83.09,A-1,,75
807918,PASS,686,1100,62.36,B,,75
807920,PASS,634,1100,57.64,C,,76
807921,PASS,725,1100,65.91,B,,75
807922,PASS,610,1100,55.45,C,,76
807923,PASS,793,1100,72.09,A,,75
807924,PASS,726,1100,66.0,B,,75
807925,PASS,772,1100,70.18,A,,75
807926,PASS,657,1100,59.73,C,,75
807927,PASS,594,1100,54.0,C,,76
807928,PASS,560,1100,50.91,C,,76
807929,PASS,846,1100,76.91,A,,75
807930,PASS,542,1100,49.27,D,,76
807931,PASS,759,1100,69.0,B,,75
807932,PASS,888,1100,80.73,A-1,,75
807933,PASS,835,1100,75.91,A,,75
807934,PASS,952,1100,86.55,A-1,,75
807935,PASS,899,1100,81.73,A-1,,75
807936,PASS,717,1100,65.18,B,,75
807937,PASS,604,1100,54.91,C,,76
807938,PASS,763,1100,69.36,B,,75
807939,PASS,747,1100,67.91,B,,75
807940,PASS,593,1100,53.91,C,,76
807941,PASS,906,1100,82.36,A-1,,75
807942,PASS,803,1100,73.0,A,,75
807943,PASS,771,1100,70.09,A,,75
807944,PASS,788,1100,71.64,A,,75
807945,PASS,953,1100,86.64,A-1,,75
807946,PASS,676,1100,61.45,B,,75
807947,PASS,754,1100,68.55,B,,75
807948,PASS,808,1100,73.45,A,,75
807949,PASS,699,1100,63.55,B,,75
807951,PASS,838,1100,76.18,A,,75
807952,PASS,560,1100,50.91,C,,76
807954,PASS,706,1100,64.18,B,,75
807955,PASS,584,1100,53.09,C,,76
807956,PASS,781,1100,71.0,A,,75
807957,PASS,666,1100,60.55,B,,75
807958,PASS,914,1100,83.09,A-1,,75
807959,PASS,768,1100,69.82,B,,75
807960,PASS,586,1100,53.27,C,,76
807961,PASS,811,1100,73.73,A,,75
807962,PASS,744,1100,67.64,B,,75
807964,PASS,629,1100,57.18,C,,76
807966,PASS,816,1100,74.18,A,,75
807967,PASS,662,1100,60.18,B,,75
807968,PASS,938,1100,85.27,A-1,,75
807969,PASS,726,1100,66.0,B,,75
807970,PASS,668,1100,60.73,B,,75
807971,PASS,685,1100,62.27,B,,75
807973,PASS,773,1100,70.27,A,,75
807975,PASS,820,1100,74.55,A,,75
807976,PASS,777,1100,70.64,A,,75
807977,PASS,618,1100,56.18,C,,76
807978,PASS,789,1100,71.73,A,,75
807980,PASS,776,1100,70.55,A,,75
807982,PASS,729,1100,66.27,B,,75
807983,PASS,728,1100,66.18,B,,75
807984,PASS,744,1100,67.64,B,,75
807985,PASS,617,1100,56.09,C,,76
807986,PASS,728,1100,66.18,B,,75
807987,PASS,649,1100,59.0,C,,76
807988,PASS,739,1100,67.18,B,,75
807989,PASS,651,1100,59.18,C,,76
807990,PASS,623,1100,56.64,C,,76
807991,PASS,616,1100,56.0,C,,76
807992,PASS,633,1100,57.55,C,,76
807993,PASS,804,1100,73.09,A,,75
807994,PASS,937,1100,85.18,A-1,,75
807995,PASS,562,1100,51.09,C,,76
807996,PASS,684,1100,62.18,B,,75
807997,PASS,916,1100,83.27,A-1,,75
807998,PASS,552,1100,50.18,C,,76
808001,PASS,634,1100,57.64,C,,76
808002,PASS,841,1100,76.45,A,,75
808005,PASS,581,1100,52.82,C,,76
808006,PASS,511,1100,46.45,D,,76
808007,PASS,639,1100,58.09,C,,76
808008,PASS,602,1100,54.73,C,,76
808009,PASS,548,1100,49.82,D,,76
808012,PASS,496,1100,45.09,D,,76
808013,PASS,535,1100,48.64,D,,76
808015,PASS,553,1100,50.27,C,,76
808018,PASS,741,1100,67.36,B,,75
808020,PASS,540,1100,49.09,D,,76
808023,PASS,474,1100,43.09,D,,76
808029,PASS,700,1100,63.64,B,,75
808030,PASS,745,1100,67.73,B,,75
808033,PASS,741,1100,67.36,B,,75
808034,PASS,722,1100,65.64,B,,75
808035,PASS,614,1100,55.82,C,,76
808036,PASS,567,1100,51.55,C,,76
808037,PASS,781,1100,71.0,A,,75
808038,PASS,794,1100,72.18,A,,75
808039,PASS,618,1100,56.18,C,,76
808041,PASS,529,1100,48.09,D,,76
808042,PASS,815,1100,74.09,A,,75
808043,PASS,761,1100,69.18,B,,75
808044,PASS,804,1100,73.09,A,,75
808046,PASS,789,1100,71.73,A,,75
808047,PASS,770,1100,70.0,A,,75
808048,PASS,748,1100,68.0,B,,75
808131,PASS,857,1100,77.91,A,,76
808132,PASS,834,1100,75.82,A,,76
808133,PASS,866,1100,78.73,A,,76
808134,PASS,704,1100,64.0,B,,77
808135,PASS,746,1100,67.82,B,,77
808136,PASS,507,1100,46.09,D,,77
808138,PASS,725,1100,65.91,B,,77
808139,PASS,605,1100,55.0,C,,77
808140,PASS,758,1100,68.91,B,,77
808141,PASS,607,1100,55.18,C,,77
808142,PASS,671,1100,61.0,B,,77
808143,PASS,571,1100,51.91,C,,77
808144,PASS,715,1100,65.0,B,,77
808145,PASS,537,1100,48.82,D,,77
808146,PASS,793,1100,72.09,A,,76
808147,PASS,524,1100,47.64,D,,77
808148,PASS,855,1100,77.73,A,,76
808149,PASS,572,1100,52.0,C,,77
808150,PASS,674,1100,61.27,B,,77
808151,PASS,676,1100,61.45,B,,77
808153,PASS,599,1100,54.45,C,,77
808155,PASS,587,1100,53.36,C,,77
808156,PASS,644,1100,58.55,C,,77
808157,PASS,842,1100,76.55,A,,76
808158,PASS,658,1100,59.82,C,,77
808159,PASS,619,1100,56.27,C,,77
808160,PASS,698,1100,63.45,B,,77
808161,PASS,677,1100,61.55,B,,77
808162,PASS,643,1100,58.45,C,,77
808163,PASS,871,1100,79.18,A,,76
808164,PASS,654,1100,59.45,C,,77
808165,PASS,728,1100,66.18,B,,77
808166,PASS,819,1100,74.45,A,,76
808167,PASS,616,1100,56.0,C,,77
808169,PASS,808,1100,73.45,A,,76
808170,PASS,616,1100,56.0,C,,77
808171,PASS,454,1100,41.27,D,,77
808172,PASS,632,1100,57.45,C,,77
808173,PASS,734,1100,66.73,B,,77
808175,PASS,803,1100,73.0,A,,76
808176,PASS,592,1100,53.82,C,,77
808177,PASS,643,1100,58.45,C,,77
808178,PASS,718,1100,65.27,B,,77
808179,PASS,733,1100,66.64,B,,77
808180,PASS,659,1100,59.91,C,,77
808181,PASS,648,1100,58.91,C,,77
808182,PASS,628,1100,57.09,C,,77
808183,PASS,829,1100,75.36,A,,76
808184,PASS,625,1100,56.82,C,,77
808185,PASS,622,1100,56.55,C,,77
808186,PASS,734,1100,66.73,B,,77
808189,PASS,764,1100,69.45,B,,77
808190,PASS,624,1100,56.73,C,,77
808191,PASS,723,1100,65.73,B,,77
808192,PASS,811,1100,73.73,A,,76
808193,PASS,891,1100,81.0,A-1,,76
808194,PASS,636,1100,57.82,C,,77
808195,PASS,715,1100,65.0,B,,77
808196,PASS,567,1100,51.55,C,,77
808197,PASS,613,1100,55.73,C,,77
808199,PASS,636,1100,57.82,C,,77
808200,PASS,683,1100,62.09,B,,77
808201,PASS,769,1100,69.91,B,,76
808202,PASS,535,1100,48.64,D,,77
808203,PASS,641,1100,58.27,C,,77
808204,PASS,725,1100,65.91,B,,77
808205,PASS,553,1100,50.27,C,,77
808206,PASS,720,1100,65.45,B,,77
808208,PASS,723,1100,65.73,B,,77
808209,PASS,719,1100,65.36,B,,77
808210,PASS,677,1100,61.55,B,,77
808211,PASS,708,1100,64.36,B,,77
808212,PASS,706,1100,64.18,B,,77
808213,PASS,774,1100,70.36,A,,76
808214,PASS,703,1100,63.91,B,,77
808215,PASS,664,1100,60.36,B,,77
808216,PASS,558,1100,50.73,C,,77
808217,PASS,677,1100,61.55,B,,77
808218,PASS,719,1100,65.36,B,,77
808219,PASS,738,1100,67.09,B,,77
808220,PASS,592,1100,53.82,C,,77
808221,PASS,820,1100,74.55,A,,76
808222,PASS,780,1100,70.91,A,,76
808223,PASS,757,1100,68.82,B,,77
808224,PASS,665,1100,60.45,B,,77
808225,PASS,694,1100,63.09,B,,77
808226,PASS,512,1100,46.55,D,,78
808227,PASS,869,1100,79.0,A,,76
808228,PASS,765,1100,69.55,B,,76
808229,PASS,743,1100,67.55,B,,77
808230,PASS,846,1100,76.91,A,,76
808231,PASS,786,1100,71.45,A,,76
808232,PASS,694,1100,63.09,B,,77
808233,PASS,722,1100,65.64,B,,77
808234,PASS,655,1100,59.55,C,,77
808235,PASS,815,1100,74.09,A,,76
808236,PASS,643,1100,58.45,C,,77
808237,PASS,621,1100,56.45,C,,77
808238,PASS,544,1100,49.45,D,,78
808239,PASS,472,1100,42.91,D,,78
808240,PASS,567,1100,51.55,C,,77
808241,PASS,592,1100,53.82,C,,77
808242,PASS,676,1100,61.45,B,,77
808243,PASS,711,1100,64.64,B,,77
808244,PASS,702,1100,63.82,B,,77
808245,PASS,915,1100,83.18,A-1,,76
808246,PASS,707,1100,64.27,B,,77
808247,PASS,642,1100,58.36,C,,77
808248,PASS,526,1100,47.82,D,,78
808249,PASS,744,1100,67.64,B,,77
808250,PASS,660,1100,60.0,B,,77
808251,PASS,789,1100,71.73,A,,76
808252,PASS,589,1100,53.55,C,,77
808253,PASS,726,1100,66.0,B,,77
808254,PASS,601,1100,54.64,C,,77
808255,PASS,799,1100,72.64,A,,76
808256,PASS,780,1100,70.91,A,,76
808257,PASS,612,1100,55.64,C,,77
808258,PASS,736,1100,66.91,B,,77
808259,PASS,587,1100,53.36,C,,77
808260,PASS,725,1100,65.91,B,,77
808261,PASS,541,1100,49.18,D,,78
808262,PASS,855,1100,77.73,A,,76
808263,PASS,816,1100,74.18,A,,76
808264,PASS,608,1100,55.27,C,,77
808265,PASS,683,1100,62.09,B,,77
808267,PASS,580,1100,52.73,C,,77
808268,PASS,747,1100,67.91,B,,77
808269,PASS,942,1100,85.64,A-1,,76
808270,PASS,818,1100,74.36,A,,76
808271,PASS,775,1100,70.45,A,,76
808272,PASS,706,1100,64.18,B,,77
808273,PASS,762,1100,69.27,B,,77
808274,PASS,827,1100,75.18,A,,76
808275,PASS,757,1100,68.82,B,,77
808276,PASS,688,1100,62.55,B,,77
808278,PASS,815,1100,74.09,A,,76
808279,PASS,713,1100,64.82,B,,77
808280,PASS,596,1100,54.18,C,,77
808281,PASS,833,1100,75.73,A,,76
808282,PASS,921,1100,83.73,A-1,,76
808283,PASS,703,1100,63.91,B,,77
808284,PASS,699,1100,63.55,B,,77
808285,PASS,784,1100,71.27,A,,76
808286,PASS,873,1100,79.36,A,,76
808287,PASS,646,1100,58.73,C,,77
808288,PASS,668,1100,60.73,B,,77
808289,PASS,772,1100,70.18,A,,76
808290,PASS,760,1100,69.09,B,,77
808291,PASS,772,1100,70.18,A,,76
808292,PASS,606,1100,55.09,C,,77
808293,PASS,902,1100,82.0,A-1,,76
808294,PASS,569,1100,51.73,C,,77
808295,PASS,557,1100,50.64,C,,77
808296,PASS,657,1100,59.73,C,,77
808297,PASS,782,1100,71.09,A,,76
808298,PASS,839,1100,76.27,A,,76
808299,PASS,914,1100,83.09,A-1,,76
808300,PASS,897,1100,81.55,A-1,,76
808301,PASS,827,1100,75.18,A,,76
808302,PASS,710,1100,64.55,B,,77
808303,PASS,581,1100,52.82,C,,77
808304,PASS,740,1100,67.27,B,,77
808305,PASS,518,1100,47.09,D,,78
808306,PASS,843,1100,76.64,A,,76
808307,PASS,640,1100,58.18,C,,77
808308,PASS,779,1100,70.82,A,,76
808309,PASS,854,1100,77.64,A,,76
808310,PASS,751,1100,68.27,B,,77
808311,PASS,714,1100,64.91,B,,77
808312,PASS,529,1100,48.09,D,,78
808313,PASS,753,1100,68.45,B,,77
808314,PASS,742,1100,67.45,B,,77
808315,PASS,678,1100,61.64,B,,77
808316,PASS,854,1100,77.64,A,,76
808317,PASS,749,1100,68.09,B,,77
808318,PASS,797,1100,72.45,A,,76
808319,PASS,659,1100,59.91,C,,77
808320,PASS,689,1100,62.64,B,,77
808321,PASS,561,1100,51.0,C,,77
808322,PASS,690,1100,62.73,B,,77
808324,PASS,580,1100,52.73,C,,77
808325,PASS,703,1100,63.91,B,,77
808326,PASS,726,1100,66.0,B,,77
808327,PASS,523,1100,47.55,D,,78
808328,PASS,590,1100,53.64,C,,77
808329,PASS,649,1100,59.0,C,,77
808330,PASS,777,1100,70.64,A,,76
808331,PASS,486,1100,44.18,D,,78
808332,PASS,515,1100,46.82,D,,78
808333,PASS,648,1100,58.91,C,,77
808334,PASS,632,1100,57.45,C,,77
808337,PASS,719,1100,65.36,B,,77
808343,PASS,632,1100,57.45,C,,77
808411,PASS,823,1100,74.82,A,,78
808412,PASS,454,1100,41.27,D,,78
808421,PASS,756,1100,68.73,B,,78
808422,PASS,960,1100,87.27,A-1,,78
808423,PASS,765,1100,69.55,B,,78
808424,PASS,714,1100,64.91,B,,78
808425,PASS,649,1100,59.0,C,,78
808426,PASS,697,1100,63.36,B,,78
808431,PASS,599,1100,54.45,C,,79
808433,PASS,676,1100,61.45,B,,79
808441,PASS,512,1100,46.55,D,,79
808442,PASS,600,1100,54.55,C,,79
808444,PASS,603,1100,54.82,C,,79
808445,PASS,580,1100,52.73,C,,79
808446,PASS,597,1100,54.27,C,,79
808447,PASS,571,1100,51.91,C,,79
808448,PASS,596,1100,54.18,C,,79
808449,PASS,505,1100,45.91,D,,79
808450,PASS,578,1100,52.55,C,,79
808451,PASS,732,1100,66.55,B,,79
808452,PASS,698,1100,63.45,B,,79
808453,PASS,429,1100,39.0,E,,79
808454,PASS,654,1100,59.45,C,,79
808456,PASS,506,1100,46.0,D,,79
808457,PASS,534,1100,48.55,D,,79
808458,PASS,521,1100,47.36,D,,79
808460,PASS,549,1100,49.91,D,,79
808461,PASS,733,1100,66.64,B,,79
808462,PASS,803,1100,73.0,A,,79
808463,PASS,590,1100,53.64,C,,79
808465,PASS,534,1100,48.55,D,,79
808470,PASS,789,1100,71.73,A,,79
808472,PASS,518,1100,47.09,D,,79
808473,PASS,665,1100,60.45,B,,79
808476,PASS,582,1100,52.91,C,,79
808478,PASS,596,1100,54.18,C,,79
808488,PASS,911,1100,82.82,A-1,,79
808489,PASS,766,1100,69.64,B,,79
808490,PASS,563,1100,51.18,C,,79
808492,PASS,817,1100,74.27,A,,79
808523,PASS,709,1100,64.45,B,,80
808524,PASS,757,1100,68.82,B,,80
808527,PASS,715,1100,65.0,B,,80
808528,PASS,527,1100,47.91,D,,81
808529,PASS,580,1100,52.73,C,,80
808530,PASS,637,1100,57.91,C,,80
808531,PASS,718,1100,65.27,B,,80
808532,PASS,507,1100,46.09,D,,81
808533,PASS,604,1100,54.91,C,,80
808534,PASS,482,1100,43.82,D,,81
808536,PASS,446,1100,40.55,D,,81
808538,PASS,537,1100,48.82,D,,81
808539,PASS,611,1100,55.55,C,,80
808542,WITHHELD — COMPUTERIZED ENROLMENT CARD,,,,,,124
808544,PASS,573,1100,52.09,C,,80
808545,PASS,821,1100,74.64,A,,79
808548,PASS,668,1100,60.73,B,,80
808549,PASS,870,1100,79.09,A,,79
808551,PASS,463,1100,42.09,D,,81
808552,PASS,844,1100,76.73,A,,79
808553,PASS,843,1100,76.64,A,,79
808554,PASS,585,1100,53.18,C,,80
808557,PASS,903,1100,82.09,A-1,,79
808558,PASS,785,1100,71.36,A,,79
808559,PASS,634,1100,57.64,C,,80
808560,PASS,576,1100,52.36,C,,80
808561,PASS,486,1100,44.18,D,,81
808562,PASS,647,1100,58.82,C,,80
808563,PASS,699,1100,63.55,B,,80
808564,PASS,746,1100,67.82,B,,80
808565,PASS,659,1100,59.91,C,,80
808566,PASS,716,1100,65.09,B,,80
808567,PASS,584,1100,53.09,C,,80
808568,PASS,555,1100,50.45,C,,80
808569,PASS,643,1100,58.45,C,,80
808570,PASS,787,1100,71.55,A,,79
808572,PASS,528,1100,48.0,D,,81
808575,PASS,612,1100,55.64,C,,80
808576,PASS,678,1100,61.64,B,,80
808577,PASS,710,1100,64.55,B,,80
808578,PASS,532,1100,48.36,D,,81
808579,PASS,492,1100,44.73,D,,81
808580,PASS,581,1100,52.82,C,,80
808582,PASS,570,1100,51.82,C,,80
808583,PASS,794,1100,72.18,A,,79
808584,PASS,505,1100,45.91,D,,81
808585,PASS,578,1100,52.55,C,,80
808586,PASS,595,1100,54.09,C,,80
808587,PASS,528,1100,48.0,D,,81
808588,PASS,636,1100,57.82,C,,80
808589,PASS,616,1100,56.0,C,,80
808590,PASS,622,1100,56.55,C,,80
808591,PASS,794,1100,72.18,A,,79
808592,PASS,749,1100,68.09,B,,80
808593,PASS,611,1100,55.55,C,,80
808598,PASS,870,1100,79.09,A,,79
808599,PASS,791,1100,71.91,A,,79
808600,PASS,633,1100,57.55,C,,80
808601,PASS,524,1100,47.64,D,,81
808603,PASS,820,1100,74.55,A,,79
808604,PASS,652,1100,59.27,C,,80
808606,PASS,632,1100,57.45,C,,80
808611,PASS,692,1100,62.91,B,,80
808612,PASS,665,1100,60.45,B,,80
808613,PASS,566,1100,51.45,C,,80
808614,PASS,592,1100,53.82,C,,80
808615,PASS,739,1100,67.18,B,,80
808617,PASS,655,1100,59.55,C,,80
808621,PASS,576,1100,52.36,C,,80
808622,PASS,537,1100,48.82,D,,81
808625,PASS,509,1100,46.27,D,,81
808626,PASS,471,1100,42.82,D,,81
808627,PASS,607,1100,55.18,C,,80
808628,PASS,588,1100,53.45,C,,80
808629,PASS,506,1100,46.0,D,,81
808630,PASS,489,1100,44.45,D,,81
808631,PASS,663,1100,60.27,B,,80
808632,PASS,542,1100,49.27,D,,81
808633,PASS,682,1100,62.0,B,,80
808635,PASS,685,1100,62.27,B,,80
808636,PASS,602,1100,54.73,C,,80
808637,PASS,628,1100,57.09,C,,80
808638,PASS,568,1100,51.64,C,,80
808639,PASS,589,1100,53.55,C,,80
808640,PASS,545,1100,49.55,D,,80
808643,PASS,495,1100,45.0,D,,81
808646,PASS,606,1100,55.09,C,,80
808647,PASS,605,1100,55.0,C,,80
808648,PASS,684,1100,62.18,B,,80
808654,PASS,560,1100,50.91,C,,80
808655,PASS,567,1100,51.55,C,,80
808659,PASS,620,1100,56.36,C,,80
808660,PASS,553,1100,50.27,C,,80
808661,PASS,627,1100,57.0,C,,80
808663,PASS,565,1100,51.36,C,,80
808664,PASS,662,1100,60.18,B,,80
808665,PASS,655,1100,59.55,C,,80
808666,PASS,778,1100,70.73,A,,79
808667,PASS,594,1100,54.0,C,,80
808668,PASS,817,1100,74.27,A,,79
808670,PASS,554,1100,50.36,C,,80
808674,PASS,514,1100,46.73,D,,81
808675,PASS,493,1100,44.82,D,,81
808678,PASS,578,1100,52.55,C,,80
808679,PASS,519,1100,47.18,D,,81
808680,PASS,614,1100,55.82,C,,80
808681,PASS,518,1100,47.09,D,,81
808682,PASS,545,1100,49.55,D,,80
808685,WITHHELD — VERIFICATION OF ENROLMENT CARD,,,,,,125
808687,PASS,475,1100,43.18,D,,81
808688,PASS,739,1100,67.18,B,,80
808689,PASS,809,1100,73.55,A,,79
808691,PASS,533,1100,48.45,D,,81
808692,PASS,572,1100,52.0,C,,80
808693,PASS,584,1100,53.09,C,,80
808698,PASS,485,1100,44.09,D,,81
808699,PASS,498,1100,45.27,D,,81
808700,PASS,457,1100,41.55,D,,81
808703,PASS,469,1100,42.64,D,,81
808705,PASS,549,1100,49.91,D,,80
808707,PASS,543,1100,49.36,D,,81
808711,PASS,666,1100,60.55,B,,80
808713,PASS,507,1100,46.09,D,,81
808714,PASS,544,1100,49.45,D,,81
808718,PASS,615,1100,55.91,C,,80
808719,PASS,492,1100,44.73,D,,81
808723,PASS,842,1100,76.55,A,,79
808724,WITHHELD — COMPUTERIZED ENROLMENT CARD,,,,,,124
808725,PASS,497,1100,45.18,D,,81
808735,PASS,519,1100,47.18,D,,81
808736,PASS,475,1100,43.18,D,,81
808739,PASS,520,1100,47.27,D,,81
808746,PASS,549,1100,49.91,D,,80
808747,PASS,804,1100,73.09,A,,79
808748,PASS,718,1100,65.27,B,,80
808749,PASS,636,1100,57.82,C,,80
808750,PASS,796,1100,72.36,A,,79
808751,PASS,765,1100,69.55,B,,79
808752,PASS,745,1100,67.73,B,,80
808753,WITHHELD — COMPUTERIZED ENROLMENT CARD,,,,,,124
808754,PASS,657,1100,59.73,C,,80
808757,PASS,570,1100,51.82,C,,80
808758,PASS,507,1100,46.09,D,,81
808759,PASS,501,1100,45.55,D,,81
808761,PASS,943,1100,85.73,A-1,,79
808764,PASS,585,1100,53.18,C,,80
808765,PASS,722,1100,65.64,B,,80
808766,PASS,616,1100,56.0,C,,80
808767,PASS,718,1100,65.27,B,,80
808768,PASS,534,1100,48.55,D,,81
808770,PASS,745,1100,67.73,B,,80
808771,PASS,496,1100,45.09,D,,81
808773,PASS,789,1100,71.73,A,,79
808774,PASS,541,1100,49.18,D,,81
808775,PASS,517,1100,47.0,D,,81
808776,PASS,489,1100,44.45,D,,81
808778,PASS,550,1100,50.0,C,,80
808781,PASS,595,1100,54.09,C,,80
808782,PASS,468,1100,42.55,D,,81
808783,PASS,467,1100,42.45,D,,81
808784,PASS,811,1100,73.73,A,,79
808789,PASS,587,1100,53.36,C,,80
808790,PASS,585,1100,53.18,C,,80
808794,PASS,595,1100,54.09,C,,80
808795,PASS,639,1100,58.09,C,,80
808796,PASS,604,1100,54.91,C,,80
808797,PASS,551,1100,50.09,C,,80
808801,PASS,493,1100,44.82,D,,81
808802,PASS,431,1100,39.18,E,,81
808803,PASS,549,1100,49.91,D,,80
808804,PASS,596,1100,54.18,C,,80
808806,PASS,505,1100,45.91,D,,81
808809,PASS,575,1100,52.27,C,,80
808810,PASS,779,1100,70.82,A,,80
808811,PASS,567,1100,51.55,C,,80
808812,PASS,630,1100,57.27,C,,80
808813,PASS,600,1100,54.55,C,,80
808814,PASS,816,1100,74.18,A,,80
808815,PASS,450,1100,40.91,D,,81
808816,PASS,486,1100,44.18,D,,81
808817,PASS,468,1100,42.55,D,,81
808818,PASS,673,1100,61.18,B,,80
808820,PASS,588,1100,53.45,C,,80
808822,PASS,749,1100,68.09,B,,80
808823,PASS,846,1100,76.91,A,,80
808825,PASS,724,1100,65.82,B,,80
808827,PASS,672,1100,61.09,B,,80
808828,PASS,786,1100,71.45,A,,80
808829,PASS,488,1100,44.36,D,,81
808830,PASS,424,1100,38.55,E,,81
808831,PASS,450,1100,40.91,D,,81
808832,PASS,909,1100,82.64,A-1,,79
808833,PASS,618,1100,56.18,C,,80
808834,PASS,463,1100,42.09,D,,81
808835,PASS,619,1100,56.27,C,,80
808837,PASS,714,1100,64.91,B,,80
808838,PASS,758,1100,68.91,B,,80
808839,PASS,706,1100,64.18,B,,80
808840,PASS,880,1100,80.0,A-1,,79
808841,PASS,819,1100,74.45,A,,80
808842,PASS,571,1100,51.91,C,,80
808843,PASS,527,1100,47.91,D,,81
808845,PASS,538,1100,48.91,D,,81
808848,PASS,717,1100,65.18,B,,80
808849,PASS,530,1100,48.18,D,,81
808850,PASS,484,1100,44.0,D,,81
808851,PASS,675,1100,61.36,B,,80
808852,PASS,538,1100,48.91,D,,81
808853,PASS,612,1100,55.64,C,,80
808854,PASS,644,1100,58.55,C,,80
808855,PASS,696,1100,63.27,B,,80
808856,PASS,520,1100,47.27,D,,81
808858,PASS,493,1100,44.82,D,,81
808862,PASS,601,1100,54.64,C,,80
808864,PASS,653,1100,59.36,C,,80
808867,PASS,719,1100,65.36,B,,80
808868,PASS,546,1100,49.64,D,,80
808870,PASS,649,1100,59.0,C,,80
808871,PASS,799,1100,72.64,A,,80
808872,PASS,607,1100,55.18,C,,80
808873,PASS,842,1100,76.55,A,,80
808874,PASS,839,1100,76.27,A,,80
808875,PASS,681,1100,61.91,B,,80
808876,PASS,742,1100,67.45,B,,80
808877,PASS,497,1100,45.18,D,,81
808878,PASS,935,1100,85.0,A-1,,79
808879,PASS,674,1100,61.27,B,,80
808880,PASS,630,1100,57.27,C,,80
808882,PASS,629,1100,57.18,C,,80
808883,PASS,720,1100,65.45,B,,80
808884,PASS,780,1100,70.91,A,,80
808888,PASS,815,1100,74.09,A,,80
808889,PASS,657,1100,59.73,C,,80
808890,PASS,533,1100,48.45,D,,81
808891,PASS,531,1100,48.27,D,,81
808892,PASS,611,1100,55.55,C,,80
808893,PASS,724,1100,65.82,B,,80
808894,PASS,587,1100,53.36,C,,80
808895,PASS,618,1100,56.18,C,,80
808896,PASS,566,1100,51.45,C,,80
808897,PASS,687,1100,62.45,B,,80
808898,PASS,822,1100,74.73,A,,80
808900,PASS,788,1100,71.64,A,,80
808901,PASS,611,1100,55.55,C,,80
808902,PASS,730,1100,66.36,B,,80
808903,PASS,848,1100,77.09,A,,80
808904,PASS,590,1100,53.64,C,,80
808905,PASS,483,1100,43.91,D,,81
808906,PASS,609,1100,55.36,C,,80
808907,PASS,720,1100,65.45,B,,80
808909,PASS,532,1100,48.36,D,,81
808910,PASS,564,1100,51.27,C,,80
808912,PASS,507,1100,46.09,D,,81
808914,PASS,657,1100,59.73,C,,80
808916,PASS,540,1100,49.09,D,,81
808918,PASS,868,1100,78.91,A,,80
808921,PASS,651,1100,59.18,C,,80
808922,PASS,505,1100,45.91,D,,81
808924,PASS,510,1100,46.36,D,,81
808926,PASS,657,1100,59.73,C,,80
808927,PASS,490,1100,44.55,D,,81
808928,PASS,607,1100,55.18,C,,80
808929,PASS,728,1100,66.18,B,,80
808930,PASS,570,1100,51.82,C,,80
808931,PASS,608,1100,55.27,C,,80
808932,PASS,554,1100,50.36,C,,80
808933,PASS,501,1100,45.55,D,,81
808934,PASS,604,1100,54.91,C,,80
808938,PASS,553,1100,50.27,C,,80
808939,PASS,688,1100,62.55,B,,80
808941,PASS,671,1100,61.0,B,,80
808944,PASS,720,1100,65.45,B,,80
808945,PASS,655,1100,59.55,C,,80
808946,PASS,681,1100,61.91,B,,80
808948,PASS,647,1100,58.82,C,,80
808949,PASS,857,1100,77.91,A,,80
808950,PASS,649,1100,59.0,C,,80
808953,PASS,846,1100,76.91,A,,80
808954,PASS,555,1100,50.45,C,,80
808955,PASS,606,1100,55.09,C,,80
808960,PASS,859,1100,78.09,A,,80
808961,PASS,536,1100,48.73,D,,81
808962,PASS,664,1100,60.36,B,,80
808964,PASS,593,1100,53.91,C,,80
808965,PASS,658,1100,59.82,C,,80
808966,PASS,605,1100,55.0,C,,80
808971,WITHHELD — VERIFICATION OF ENROLMENT CARD,,,,,,125
808972,PASS,556,1100,50.55,C,,80
808975,PASS,803,1100,73.0,A,,80
808976,PASS,718,1100,65.27,B,,80
808977,PASS,923,1100,83.91,A-1,,79
808979,WITHHELD — COMPUTERIZED ENROLMENT CARD,,,,,,124
808980,WITHHELD — VERIFICATION OF ENROLMENT CARD,,,,,,125
808982,WITHHELD — COMPUTERIZED ENROLMENT CARD,,,,,,124
808983,PASS,873,1100,79.36,A,,80
808985,PASS,658,1100,59.82,C,,80
808986,PASS,566,1100,51.45,C,,80
808988,PASS,630,1100,57.27,C,,80
808989,PASS,694,1100,63.09,B,,80
808992,PASS,489,1100,44.45,D,,81
808998,PASS,496,1100,45.09,D,,81
809000,WITHHELD — COMPUTERIZED ENROLMENT CARD,,,,,,124
809001,PASS,815,1100,74.09,A,,80
809003,PASS,713,1100,64.82,B,,80
809007,PASS,893,1100,81.18,A-1,,79
809008,WITHHELD — COMPUTERIZED ENROLMENT CARD,,,,,,124
809009,PASS,512,1100,46.55,D,,81
809010,PASS,848,1100,77.09,A,,80
809013,PASS,538,1100,48.91,D,,81
809014,PASS,783,1100,71.18,A,,80
809023,PASS,507,1100,46.09,D,,81
809024,WITHHELD — VERIFICATION OF ENROLMENT CARD,,,,,,125
809124,PASS,659,1100,59.91,C,,81
809133,PASS,739,1100,67.18,B,,82
809141,PASS,604,1100,54.91,C,,82
809142,PASS,547,1100,49.73,D,,82
809151,PASS,558,1100,50.73,C,,82
809153,PASS,508,1100,46.18,D,,82
809161,PASS,837,1100,76.09,A,,82
809171,PASS,724,1100,65.82,B,,83
809172,PASS,692,1100,62.91,B,,83
809173,PASS,757,1100,68.82,B,,83
809174,PASS,671,1100,61.0,B,,83
809175,PASS,706,1100,64.18,B,,83
809176,PASS,709,1100,64.45,B,,83
809177,PASS,642,1100,58.36,C,,83
809178,PASS,885,1100,80.45,A-1,,83
809179,PASS,608,1100,55.27,C,,83
809180,PASS,739,1100,67.18,B,,83
809181,PASS,722,1100,65.64,B,,83
809182,PASS,714,1100,64.91,B,,83
809183,PASS,636,1100,57.82,C,,83
809184,PASS,759,1100,69.0,B,,83
809185,PASS,817,1100,74.27,A,,83
809186,PASS,803,1100,73.0,A,,83
809187,PASS,720,1100,65.45,B,,83
809188,PASS,726,1100,66.0,B,,83
809189,PASS,750,1100,68.18,B,,83
809190,PASS,812,1100,73.82,A,,83
809191,PASS,816,1100,74.18,A,,83
809192,PASS,801,1100,72.82,A,,83
809193,PASS,749,1100,68.09,B,,83
809194,PASS,647,1100,58.82,C,,83
809195,PASS,808,1100,73.45,A,,83
809196,PASS,758,1100,68.91,B,,83
809197,PASS,737,1100,67.0,B,,83
809198,PASS,833,1100,75.73,A,,83
809199,PASS,739,1100,67.18,B,,83
809200,PASS,722,1100,65.64,B,,83
809201,PASS,706,1100,64.18,B,,83
809202,PASS,688,1100,62.55,B,,83
809203,PASS,932,1100,84.73,A-1,,83
809204,PASS,954,1100,86.73,A-1,,83
809205,PASS,787,1100,71.55,A,,83
809206,PASS,878,1100,79.82,A,,83
809207,PASS,961,1100,87.36,A-1,,83
809208,PASS,761,1100,69.18,B,,83
809209,PASS,620,1100,56.36,C,,83
809210,PASS,837,1100,76.09,A,,83
809211,PASS,837,1100,76.09,A,,83
809212,PASS,856,1100,77.82,A,,83
809213,PASS,877,1100,79.73,A,,83
809214,PASS,873,1100,79.36,A,,83
809215,PASS,798,1100,72.55,A,,83
809216,PASS,684,1100,62.18,B,,83
809217,PASS,849,1100,77.18,A,,83
809218,PASS,928,1100,84.36,A-1,,83
809219,PASS,834,1100,75.82,A,,83
809220,PASS,777,1100,70.64,A,,83
809221,PASS,885,1100,80.45,A-1,,83
809222,PASS,847,1100,77.0,A,,83
809223,PASS,850,1100,77.27,A,,83
809224,PASS,895,1100,81.36,A-1,,83
809225,PASS,820,1100,74.55,A,,83
809226,PASS,830,1100,75.45,A,,83
809227,PASS,934,1100,84.91,A-1,,83
809228,PASS,885,1100,80.45,A-1,,83
809229,PASS,906,1100,82.36,A-1,,83
809230,PASS,821,1100,74.64,A,,83
809231,PASS,876,1100,79.64,A,,83
809232,PASS,806,1100,73.27,A,,83
809233,PASS,893,1100,81.18,A-1,,83
809234,PASS,810,1100,73.64,A,,83
809235,PASS,625,1100,56.82,C,,83
809236,PASS,811,1100,73.73,A,,83
809237,PASS,677,1100,61.55,B,,83
809238,PASS,864,1100,78.55,A,,83
809239,PASS,878,1100,79.82,A,,83
809240,PASS,853,1100,77.55,A,,83
809241,PASS,803,1100,73.0,A,,83
809242,PASS,856,1100,77.82,A,,83
809243,PASS,793,1100,72.09,A,,83
809244,PASS,901,1100,81.91,A-1,,83
809245,PASS,737,1100,67.0,B,,83
809246,PASS,888,1100,80.73,A-1,,83
809247,PASS,949,1100,86.27,A-1,,83
809248,PASS,924,1100,84.0,A-1,,83
809249,PASS,885,1100,80.45,A-1,,83
809250,PASS,786,1100,71.45,A,,83
809251,PASS,954,1100,86.73,A-1,,83
809252,PASS,879,1100,79.91,A,,83
809253,PASS,773,1100,70.27,A,,83
809254,PASS,881,1100,80.09,A-1,,83
809255,PASS,762,1100,69.27,B,,83
809256,PASS,697,1100,63.36,B,,83
809257,PASS,619,1100,56.27,C,,83
809258,PASS,602,1100,54.73,C,,83
809259,PASS,651,1100,59.18,C,,83
809260,PASS,680,1100,61.82,B,,83
809261,PASS,582,1100,52.91,C,,83
809262,PASS,631,1100,57.36,C,,84
809263,PASS,756,1100,68.73,B,,83
809264,PASS,641,1100,58.27,C,,84
809265,PASS,713,1100,64.82,B,,83
809266,PASS,715,1100,65.0,B,,83
809267,PASS,928,1100,84.36,A-1,,83
809268,PASS,802,1100,72.91,A,,83
809271,PASS,603,1100,54.82,C,,84
809272,PASS,640,1100,58.18,C,,84
809273,PASS,624,1100,56.73,C,,84
809274,PASS,935,1100,85.0,A-1,,83
809275,PASS,718,1100,65.27,B,,83
809276,PASS,796,1100,72.36,A,,83
809277,PASS,561,1100,51.0,C,,84
809278,PASS,734,1100,66.73,B,,83
809306,PASS,926,1100,84.18,A-1,,84
809307,PASS,924,1100,84.0,A-1,,84
809321,PASS,723,1100,65.73,B,,84
809322,PASS,661,1100,60.09,B,,84
809323,PASS,675,1100,61.36,B,,84
809324,PASS,593,1100,53.91,C,,84
809325,PASS,642,1100,58.36,C,,84
809326,PASS,691,1100,62.82,B,,84
809327,PASS,777,1100,70.64,A,,84
809328,PASS,472,1100,42.91,D,,85
809331,PASS,717,1100,65.18,B,,85
809332,PASS,761,1100,69.18,B,,85
809333,PASS,692,1100,62.91,B,,85
809334,PASS,490,1100,44.55,D,,85
809335,PASS,700,1100,63.64,B,,85
809336,PASS,687,1100,62.45,B,,85
809337,PASS,625,1100,56.82,C,,85
809339,PASS,661,1100,60.09,B,,85
809340,PASS,694,1100,63.09,B,,85
809342,PASS,656,1100,59.64,C,,85
809343,PASS,670,1100,60.91,B,,85
809345,PASS,683,1100,62.09,B,,85
809346,PASS,886,1100,80.55,A-1,,85
809347,PASS,951,1100,86.45,A-1,,85
809348,PASS,772,1100,70.18,A,,85
809361,PASS,738,1100,67.09,B,,85
809362,PASS,691,1100,62.82,B,,85
809363,PASS,752,1100,68.36,B,,85
809371,PASS,513,1100,46.64,D,,86
809372,PASS,751,1100,68.27,B,,85
809373,PASS,697,1100,63.36,B,,85
809374,PASS,846,1100,76.91,A,,85
809376,PASS,657,1100,59.73,C,,85
809377,PASS,607,1100,55.18,C,,86
809379,PASS,811,1100,73.73,A,,85
809380,PASS,875,1100,79.55,A,,85
809381,PASS,814,1100,74.0,A,,85
809382,PASS,483,1100,43.91,D,,86
809385,PASS,712,1100,64.73,B,,85
809386,PASS,826,1100,75.09,A,,85
809391,WITHHELD — VERIFICATION OF ENROLMENT CARD,,,,,,125
809392,PASS,585,1100,53.18,C,,86
809393,PASS,599,1100,54.45,C,,86
809395,PASS,650,1100,59.09,C,,86
809396,PASS,463,1100,42.09,D,,86
809398,PASS,539,1100,49.0,D,,86
809400,PASS,678,1100,61.64,B,,85
809404,PASS,832,1100,75.64,A,,85
809407,PASS,540,1100,49.09,D,,86
809408,PASS,528,1100,48.0,D,,86
809410,PASS,569,1100,51.73,C,,86
809411,PASS,564,1100,51.27,C,,86
809412,PASS,615,1100,55.91,C,,86
809414,PASS,593,1100,53.91,C,,86
809415,WITHHELD — COMPUTERIZED ENROLMENT CARD,,,,,,124
809422,PASS,686,1100,62.36,B,,85
809423,PASS,625,1100,56.82,C,,86
809425,PASS,692,1100,62.91,B,,85
809426,PASS,851,1100,77.36,A,,85
809427,PASS,643,1100,58.45,C,,86
809429,PASS,786,1100,71.45,A,,85
809430,PASS,700,1100,63.64,B,,85
809431,PASS,830,1100,75.45,A,,85
809432,PASS,824,1100,74.91,A,,85
809433,PASS,580,1100,52.73,C,,86
809434,PASS,654,1100,59.45,C,,86
809439,PASS,739,1100,67.18,B,,85
809440,PASS,565,1100,51.36,C,,86
809441,PASS,670,1100,60.91,B,,85
809442,PASS,825,1100,75.0,A,,85
809443,PASS,606,1100,55.09,C,,86
809444,PASS,514,1100,46.73,D,,86
809445,PASS,618,1100,56.18,C,,86
809449,PASS,576,1100,52.36,C,,86
809451,PASS,544,1100,49.45,D,,86
809453,PASS,565,1100,51.36,C,,86
809455,PASS,770,1100,70.0,A,,85
809461,PASS,600,1100,54.55,C,,86
809462,PASS,603,1100,54.82,C,,86
809463,PASS,705,1100,64.09,B,,85
809464,PASS,710,1100,64.55,B,,85
809466,PASS,726,1100,66.0,B,,85
809468,PASS,566,1100,51.45,C,,86
809470,PASS,523,1100,47.55,D,,86
809471,PASS,852,1100,77.45,A,,85
809474,PASS,867,1100,78.82,A,,85
809476,PASS,800,1100,72.73,A,,85
809478,PASS,534,1100,48.55,D,,86
809479,PASS,750,1100,68.18,B,,85
809481,WITHHELD — COMPUTERIZED ENROLMENT CARD,,,,,,124
809483,PASS,574,1100,52.18,C,,86
809486,PASS,597,1100,54.27,C,,86
809487,PASS,823,1100,74.82,A,,85
809488,WITHHELD — COMPUTERIZED ENROLMENT CARD,,,,,,124
809581,PASS,643,1100,58.45,C,,86
809582,PASS,638,1100,58.0,C,,86
809583,PASS,793,1100,72.09,A,,86
809584,PASS,644,1100,58.55,C,,86
809585,PASS,590,1100,53.64,C,,86
809587,PASS,735,1100,66.82,B,,86
809588,PASS,595,1100,54.09,C,,86
809589,PASS,786,1100,71.45,A,,86
809590,PASS,895,1100,81.36,A-1,,86
809591,PASS,735,1100,66.82,B,,86
809592,PASS,579,1100,52.64,C,,86
809593,PASS,799,1100,72.64,A,,86
809594,PASS,629,1100,57.18,C,,86
809611,PASS,482,1100,43.82,D,,86
809622,PASS,940,1100,85.45,A-1,,87
809635,WITHHELD — VERIFICATION OF ENROLMENT CARD,,,,,,125
809642,WITHHELD — COMPUTERIZED ENROLMENT CARD,,,,,,124
809645,PASS,597,1100,54.27,C,,87
809648,PASS,637,1100,57.91,C,,87
809650,WITHHELD — U.F.M. CASE,,,,,,124
809719,PASS,707,1100,64.27,B,,87
809725,PASS,608,1100,55.27,C,,87
809726,PASS,605,1100,55.0,C,,87
809731,PASS,642,1100,58.36,C,,87
809735,PASS,461,1100,41.91,D,,87
809739,WITHHELD — U.F.M. CASE,,,,,,124
809746,PASS,412,1100,37.45,E,,87
809751,WITHHELD — VERIFICATION OF ENROLMENT CARD,,,,,,125
809769,PASS,772,1100,70.18,A,,87
809789,PASS,808,1100,73.45,A,,87
809790,WITHHELD — COMPUTERIZED ENROLMENT CARD,,,,,,124
809881,PASS,847,1100,77.0,A,,87
809892,PASS,455,1100,41.36,D,,88
809893,PASS,543,1100,49.36,D,,88
809895,PASS,659,1100,59.91,C,,88
809901,PASS,573,1100,52.09,C,,88
809902,PASS,812,1100,73.82,A,,88
809903,PASS,789,1100,71.73,A,,88
809904,PASS,772,1100,70.18,A,,88
809916,PASS,589,1100,53.55,C,,88
809917,PASS,578,1100,52.55,C,,88
809926,PASS,593,1100,53.91,C,,88
809930,PASS,559,1100,50.82,C,,88
809987,PASS,625,1100,56.82,C,,89
809988,PASS,629,1100,57.18,C,,89
809989,PASS,691,1100,62.82,B,,89
809990,PASS,718,1100,65.27,B,,89
809991,PASS,605,1100,55.0,C,,89
809993,PASS,620,1100,56.36,C,,89
809996,PASS,610,1100,55.45,C,,89
809998,PASS,497,1100,45.18,D,,89
810000,WITHHELD — COMPUTERIZED ENROLMENT CARD,,,,,,124
810003,PASS,751,1100,68.27,B,,89
810004,PASS,621,1100,56.45,C,,89
810005,PASS,566,1100,51.45,C,,89
810006,PASS,614,1100,55.82,C,,89
810008,PASS,523,1100,47.55,D,,89
810009,PASS,651,1100,59.18,C,,89
810010,PASS,500,1100,45.45,D,,89
810011,PASS,776,1100,70.55,A,,89
810012,PASS,652,1100,59.27,C,,89
810013,PASS,590,1100,53.64,C,,89
810015,PASS,579,1100,52.64,C,,89
810016,PASS,629,1100,57.18,C,,89
810018,PASS,633,1100,57.55,C,,89
810019,PASS,597,1100,54.27,C,,89
810020,PASS,671,1100,61.0,B,,89
810021,PASS,716,1100,65.09,B,,89
810024,PASS,545,1100,49.55,D,,89
810025,PASS,580,1100,52.73,C,,89
810026,PASS,618,1100,56.18,C,,89
810027,PASS,496,1100,45.09,D,,89
810028,PASS,497,1100,45.18,D,,89
810029,PASS,434,1100,39.45,E,,89
810030,PASS,482,1100,43.82,D,,89
810032,PASS,609,1100,55.36,C,,89
810033,PASS,800,1100,72.73,A,,89
810034,PASS,620,1100,56.36,C,,89
810035,PASS,599,1100,54.45,C,,89
810036,PASS,536,1100,48.73,D,,89
810037,PASS,641,1100,58.27,C,,89
810038,PASS,473,1100,43.0,D,,89
810040,PASS,675,1100,61.36,B,,89
810043,PASS,651,1100,59.18,C,,89
810045,PASS,558,1100,50.73,C,,89
810046,PASS,779,1100,70.82,A,,89
810047,PASS,669,1100,60.82,B,,89
810049,PASS,632,1100,57.45,C,,89
810051,PASS,562,1100,51.09,C,,89
810052,PASS,550,1100,50.0,C,,89
810053,PASS,509,1100,46.27,D,,89
810054,PASS,701,1100,63.73,B,,89
810055,PASS,749,1100,68.09,B,,89
810056,PASS,718,1100,65.27,B,,89
810059,PASS,718,1100,65.27,B,,89
810060,PASS,528,1100,48.0,D,,89
810062,PASS,609,1100,55.36,C,,89
810067,WITHHELD — VERIFICATION OF ENROLMENT CARD,,,,,,125
810117,PASS,593,1100,53.91,C,,89
810141,WITHHELD — VERIFICATION OF ENROLMENT CARD,,,,,,125
810142,WITHHELD — VERIFICATION OF ENROLMENT CARD,,,,,,125
810143,WITHHELD — COMPUTERIZED ENROLMENT CARD,,,,,,124
810144,WITHHELD — VERIFICATION OF ENROLMENT CARD,,,,,,125
810145,WITHHELD — VERIFICATION OF ENROLMENT CARD,,,,,,125
810165,PASS,762,1100,69.27,B,,90
810168,PASS,451,1100,41.0,D,,90
810170,PASS,538,1100,48.91,D,,90
810171,PASS,484,1100,44.0,D,,90
810172,PASS,475,1100,43.18,D,,90
810175,WITHHELD — COMPUTERIZED ENROLMENT CARD,,,,,,124
810178,PASS,912,1100,82.91,A-1,,90
810183,PASS,697,1100,63.36,B,,90
810186,PASS,482,1100,43.82,D,,90
810187,PASS,492,1100,44.73,D,,90
810195,PASS,916,1100,83.27,A-1,,90
810201,PASS,511,1100,46.45,D,,90
810202,PASS,709,1100,64.45,B,,90
810205,PASS,443,1100,40.27,D,,90
810206,PASS,578,1100,52.55,C,,90
810207,PASS,721,1100,65.55,B,,90
810210,PASS,627,1100,57.0,C,,90
810217,WITHHELD — COMPUTERIZED ENROLMENT CARD,,,,,,124
810220,PASS,722,1100,65.64,B,,90
810222,PASS,496,1100,45.09,D,,90
810225,PASS,468,1100,42.55,D,,90
810226,PASS,533,1100,48.45,D,,90
810233,PASS,482,1100,43.82,D,,90
810235,PASS,578,1100,52.55,C,,90
810237,PASS,436,1100,39.64,E,,90
810238,PASS,549,1100,49.91,D,,90
810241,WITHHELD — COMPUTERIZED ENROLMENT CARD,,,,,,124
810244,PASS,741,1100,67.36,B,,90
810248,PASS,696,1100,63.27,B,,90
810249,PASS,484,1100,44.0,D,,90
810255,PASS,640,1100,58.18,C,,90
810256,PASS,516,1100,46.91,D,,90
810257,PASS,801,1100,72.82,A,,90
810263,PASS,940,1100,85.45,A-1,,90
810266,PASS,587,1100,53.36,C,,90
810267,PASS,791,1100,71.91,A,,90
810272,PASS,806,1100,73.27,A,,90
810273,PASS,682,1100,62.0,B,,90
810275,PASS,494,1100,44.91,D,,90
810276,PASS,474,1100,43.09,D,,90
810278,PASS,535,1100,48.64,D,,90
810279,PASS,495,1100,45.0,D,,90
810283,PASS,525,1100,47.73,D,,90
810287,PASS,935,1100,85.0,A-1,,90
810290,PASS,489,1100,44.45,D,,90
810292,WITHHELD — VERIFICATION OF ENROLMENT CARD,,,,,,125
810293,PASS,657,1100,59.73,C,,90
810295,WITHHELD — VERIFICATION OF ENROLMENT CARD,,,,,,125
810296,WITHHELD — COMPUTERIZED ENROLMENT CARD,,,,,,124
810298,WITHHELD — COMPUTERIZED ENROLMENT CARD,,,,,,124
810300,WITHHELD — COMPUTERIZED ENROLMENT CARD,,,,,,124
810411,PASS,901,1100,81.91,A-1,,90
810412,PASS,864,1100,78.55,A,,90
810413,PASS,869,1100,79.0,A,,90
810414,PASS,780,1100,70.91,A,,90
810415,PASS,600,1100,54.55,C,,91
810416,PASS,889,1100,80.82,A-1,,90
810417,PASS,875,1100,79.55,A,,90
810418,PASS,669,1100,60.82,B,,91
810419,PASS,659,1100,59.91,C,,91
810420,PASS,852,1100,77.45,A,,90
810421,PASS,599,1100,54.45,C,,91
810422,PASS,824,1100,74.91,A,,90
810423,PASS,909,1100,82.64,A-1,,90
810424,PASS,642,1100,58.36,C,,91
810425,PASS,855,1100,77.73,A,,90
810426,PASS,860,1100,78.18,A,,90
810427,PASS,619,1100,56.27,C,,91
810428,PASS,760,1100,69.09,B,,91
810429,PASS,837,1100,76.09,A,,90
810430,PASS,702,1100,63.82,B,,91
810432,PASS,704,1100,64.0,B,,91
810433,PASS,523,1100,47.55,D,,91
810434,PASS,855,1100,77.73,A,,90
810435,PASS,837,1100,76.09,A,,90
810436,PASS,710,1100,64.55,B,,91
810437,PASS,732,1100,66.55,B,,91
810438,PASS,780,1100,70.91,A,,90
810439,PASS,949,1100,86.27,A-1,,90
810440,PASS,907,1100,82.45,A-1,,90
810441,PASS,866,1100,78.73,A,,90
810442,PASS,965,1100,87.73,A-1,,90
810443,PASS,895,1100,81.36,A-1,,90
810444,PASS,804,1100,73.09,A,,90
810445,PASS,976,1100,88.73,A-1,,90
810446,PASS,891,1100,81.0,A-1,,90
810447,PASS,935,1100,85.0,A-1,,90
810448,PASS,946,1100,86.0,A-1,,90
810449,PASS,909,1100,82.64,A-1,,90
810450,PASS,790,1100,71.82,A,,90
810451,PASS,763,1100,69.36,B,,91
810452,PASS,710,1100,64.55,B,,91
810453,PASS,794,1100,72.18,A,,90
810454,PASS,723,1100,65.73,B,,91
810455,PASS,758,1100,68.91,B,,91
810456,PASS,730,1100,66.36,B,,91
810457,PASS,876,1100,79.64,A,,90
810458,PASS,907,1100,82.45,A-1,,90
810459,PASS,781,1100,71.0,A,,90
810460,PASS,716,1100,65.09,B,,91
810462,PASS,856,1100,77.82,A,,90
810463,PASS,785,1100,71.36,A,,90
810464,PASS,917,1100,83.36,A-1,,90
810465,PASS,930,1100,84.55,A-1,,90
810466,PASS,902,1100,82.0,A-1,,90
810467,PASS,809,1100,73.55,A,,90
810468,PASS,765,1100,69.55,B,,90
810469,PASS,745,1100,67.73,B,,91
810470,PASS,757,1100,68.82,B,,91
810471,PASS,802,1100,72.91,A,,90
810472,PASS,786,1100,71.45,A,,90
810473,PASS,796,1100,72.36,A,,90
810474,PASS,894,1100,81.27,A-1,,90
810475,PASS,755,1100,68.64,B,,91
810476,PASS,811,1100,73.73,A,,90
810477,PASS,806,1100,73.27,A,,90
810478,PASS,715,1100,65.0,B,,91
810479,PASS,785,1100,71.36,A,,90
810480,PASS,772,1100,70.18,A,,90
810481,PASS,684,1100,62.18,B,,91
810483,PASS,718,1100,65.27,B,,91
810485,PASS,914,1100,83.09,A-1,,90
810486,PASS,815,1100,74.09,A,,90
810487,PASS,595,1100,54.09,C,,91
810488,PASS,716,1100,65.09,B,,91
810489,PASS,804,1100,73.09,A,,90
810490,PASS,784,1100,71.27,A,,90
810491,PASS,561,1100,51.0,C,,91
810492,PASS,733,1100,66.64,B,,91
810493,PASS,914,1100,83.09,A-1,,90
810494,PASS,804,1100,73.09,A,,90
810495,PASS,596,1100,54.18,C,,91
810496,PASS,608,1100,55.27,C,,91
810497,PASS,675,1100,61.36,B,,91
810498,PASS,705,1100,64.09,B,,91
810499,PASS,883,1100,80.27,A-1,,90
810500,PASS,765,1100,69.55,B,,90
810501,PASS,773,1100,70.27,A,,90
810502,PASS,660,1100,60.0,B,,91
810503,PASS,666,1100,60.55,B,,91
810504,PASS,939,1100,85.36,A-1,,90
810505,PASS,860,1100,78.18,A,,90
810507,PASS,705,1100,64.09,B,,91
810508,PASS,693,1100,63.0,B,,91
810509,PASS,528,1100,48.0,D,,91
810510,PASS,609,1100,55.36,C,,91
810511,PASS,639,1100,58.09,C,,91
810512,PASS,849,1100,77.18,A,,90
810513,PASS,704,1100,64.0,B,,91
810514,PASS,740,1100,67.27,B,,91
810516,PASS,538,1100,48.91,D,,91
810517,PASS,721,1100,65.55,B,,91
810519,PASS,835,1100,75.91,A,,90
810520,PASS,855,1100,77.73,A,,90
810523,PASS,551,1100,50.09,C,,91
810524,WITHHELD — COMPUTERIZED ENROLMENT CARD,,,,,,124
810527,PASS,556,1100,50.55,C,,91
810528,PASS,584,1100,53.09,C,,91
810531,PASS,782,1100,71.09,A,,90
810551,PASS,517,1100,47.0,D,,92
810556,PASS,637,1100,57.91,C,,91
810558,PASS,613,1100,55.73,C,,91
810560,PASS,568,1100,51.64,C,,91
810564,PASS,677,1100,61.55,B,,91
810565,PASS,736,1100,66.91,B,,91
810566,PASS,600,1100,54.55,C,,91
810567,PASS,540,1100,49.09,D,,92
810569,PASS,600,1100,54.55,C,,91
810570,PASS,617,1100,56.09,C,,91
810574,PASS,605,1100,55.0,C,,91
810575,PASS,811,1100,73.73,A,,91
810576,PASS,731,1100,66.45,B,,91
810578,PASS,595,1100,54.09,C,,91
810579,PASS,757,1100,68.82,B,,91
810580,PASS,845,1100,76.82,A,,91
810581,PASS,671,1100,61.0,B,,91
810582,PASS,614,1100,55.82,C,,91
810583,PASS,718,1100,65.27,B,,91
810586,PASS,551,1100,50.09,C,,91
810587,PASS,666,1100,60.55,B,,91
810589,PASS,596,1100,54.18,C,,91
810591,PASS,625,1100,56.82,C,,91
810592,PASS,568,1100,51.64,C,,91
810593,PASS,564,1100,51.27,C,,91
810594,PASS,563,1100,51.18,C,,91
810595,PASS,618,1100,56.18,C,,91
810596,PASS,698,1100,63.45,B,,91
810597,PASS,626,1100,56.91,C,,91
810598,PASS,644,1100,58.55,C,,91
810599,PASS,594,1100,54.0,C,,91
810600,PASS,646,1100,58.73,C,,91
810601,PASS,633,1100,57.55,C,,91
810603,PASS,554,1100,50.36,C,,91
810605,PASS,675,1100,61.36,B,,91
810606,PASS,595,1100,54.09,C,,91
810607,PASS,615,1100,55.91,C,,91
810608,PASS,619,1100,56.27,C,,91
810609,PASS,796,1100,72.36,A,,91
810612,PASS,522,1100,47.45,D,,92
810618,WITHHELD — COMPUTERIZED ENROLMENT CARD,,,,,,124
810652,WITHHELD — VERIFICATION OF ENROLMENT CARD,,,,,,125
810663,PASS,648,1100,58.91,C,,92
810665,PASS,705,1100,64.09,B,,92
810702,PASS,628,1100,57.09,C,,92
810704,PASS,450,1100,40.91,D,,92
810705,PASS,461,1100,41.91,D,,92
810706,PASS,538,1100,48.91,D,,92
810707,PASS,517,1100,47.0,D,,92
810711,PASS,575,1100,52.27,C,,92
810719,PASS,482,1100,43.82,D,,92
810720,PASS,497,1100,45.18,D,,92
810732,PASS,459,1100,41.73,D,,92
810771,PASS,557,1100,50.64,C,,92
810772,PASS,626,1100,56.91,C,,92
810773,PASS,689,1100,62.64,B,,92
810774,PASS,764,1100,69.45,B,,92
810775,PASS,725,1100,65.91,B,,92
810776,PASS,531,1100,48.27,D,,93
810777,PASS,804,1100,73.09,A,,92
810778,PASS,639,1100,58.09,C,,92
810779,PASS,585,1100,53.18,C,,92
810780,PASS,683,1100,62.09,B,,92
810781,PASS,577,1100,52.45,C,,92
810783,PASS,540,1100,49.09,D,,93
810784,PASS,720,1100,65.45,B,,92
810792,PASS,487,1100,44.27,D,,93
810817,WITHHELD — COMPUTERIZED ENROLMENT CARD,,,,,,124
810824,PASS,546,1100,49.64,D,,93
810841,PASS,706,1100,64.18,B,,93
810843,WITHHELD — VERIFICATION OF ENROLMENT CARD,,,,,,125
810846,PASS,446,1100,40.55,D,,93
810856,WITHHELD — VERIFICATION OF ENROLMENT CARD,,,,,,125
810857,PASS,556,1100,50.55,C,,93
810860,WITHHELD — COMPUTERIZED ENROLMENT CARD,,,,,,124
810861,WITHHELD — VERIFICATION OF ENROLMENT CARD,,,,,,125
810862,WITHHELD — COMPUTERIZED ENROLMENT CARD,,,,,,124
810864,WITHHELD — COMPUTERIZED ENROLMENT CARD,,,,,,124
810866,WITHHELD — COMPUTERIZED ENROLMENT CARD,,,,,,124
810870,WITHHELD — COMPUTERIZED ENROLMENT CARD,,,,,,124
810871,WITHHELD — COMPUTERIZED ENROLMENT CARD,,,,,,124
810873,WITHHELD — U.F.M. CASE,,,,,,124
810932,PASS,581,1100,52.82,C,,94
810935,PASS,683,1100,62.09,B,,94
810942,WITHHELD — COMPUTERIZED ENROLMENT CARD,,,,,,124
810943,WITHHELD — COMPUTERIZED ENROLMENT CARD,,,,,,124
810961,WITHHELD — COMPUTERIZED ENROLMENT CARD,,,,,,124
810963,PASS,527,1100,47.91,D,,94
810965,PASS,837,1100,76.09,A,,94
810968,PASS,659,1100,59.91,C,,94
810975,PASS,470,1100,42.73,D,,94
810979,PASS,437,1100,39.73,E,,94
810983,PASS,440,1100,40.0,D,,94
810984,PASS,702,1100,63.82,B,,94
810988,PASS,574,1100,52.18,C,,94
810989,PASS,538,1100,48.91,D,,94
810992,PASS,616,1100,56.0,C,,94
810998,PASS,417,1100,37.91,E,,94
811000,PASS,462,1100,42.0,D,,94
811006,PASS,503,1100,45.73,D,,94
811008,PASS,433,1100,39.36,E,,94
811009,PASS,464,1100,42.18,D,,94
811013,PASS,511,1100,46.45,D,,94
811020,WITHHELD — VERIFICATION OF ENROLMENT CARD,,,,,,125
811023,PASS,533,1100,48.45,D,,94
811029,PASS,510,1100,46.36,D,,94
811035,PASS,561,1100,51.0,C,,94
811044,PASS,664,1100,60.36,B,,94
811045,PASS,550,1100,50.0,C,,94
811048,PASS,538,1100,48.91,D,,94
811051,PASS,636,1100,57.82,C,,94
811055,PASS,497,1100,45.18,D,,94
811060,PASS,496,1100,45.09,D,,94
811065,PASS,549,1100,49.91,D,,94
811074,WITHHELD — COMPUTERIZED ENROLMENT CARD,,,,,,124
811077,PASS,468,1100,42.55,D,,94
811080,WITHHELD — COMPUTERIZED ENROLMENT CARD,,,,,,124
811085,PASS,446,1100,40.55,D,,94
811090,WITHHELD — U.F.M. CASE,,,,,,124
811092,WITHHELD — COMPUTERIZED ENROLMENT CARD,,,,,,124
811223,PASS,463,1100,42.09,D,,94
811225,PASS,520,1100,47.27,D,,94
811229,PASS,454,1100,41.27,D,,94
811240,PASS,469,1100,42.64,D,,94
811321,PASS,537,1100,48.82,D,,95
811322,PASS,598,1100,54.36,C,,95
811323,PASS,844,1100,76.73,A,,95
811325,PASS,719,1100,65.36,B,,95
811326,PASS,588,1100,53.45,C,,95
811327,PASS,527,1100,47.91,D,,95
811329,PASS,765,1100,69.55,B,,95
811330,PASS,940,1100,85.45,A-1,,95
811332,PASS,811,1100,73.73,A,,95
811333,PASS,632,1100,57.45,C,,95
811334,PASS,795,1100,72.27,A,,95
811335,PASS,442,1100,40.18,D,,95
811336,PASS,791,1100,71.91,A,,95
811338,PASS,729,1100,66.27,B,,95
811340,PASS,740,1100,67.27,B,,95
811343,PASS,535,1100,48.64,D,,95
811344,PASS,617,1100,56.09,C,,95
811346,PASS,487,1100,44.27,D,,95
811348,PASS,676,1100,61.45,B,,95
811349,PASS,709,1100,64.45,B,,95
811350,PASS,529,1100,48.09,D,,95
811351,PASS,496,1100,45.09,D,,95
811354,PASS,798,1100,72.55,A,,95
811358,PASS,575,1100,52.27,C,,95
811361,PASS,560,1100,50.91,C,,95
811362,PASS,516,1100,46.91,D,,95
811363,PASS,697,1100,63.36,B,,95
811364,PASS,824,1100,74.91,A,,95
811367,PASS,486,1100,44.18,D,,95
811369,WITHHELD — COMPUTERIZED ENROLMENT CARD,,,,,,124
811416,PASS,603,1100,54.82,C,,95
811418,PASS,596,1100,54.18,C,,95
811419,PASS,555,1100,50.45,C,,95
811423,PASS,607,1100,55.18,C,,95
811424,PASS,596,1100,54.18,C,,95
811425,PASS,541,1100,49.18,D,,95
811427,PASS,577,1100,52.45,C,,95
811429,PASS,724,1100,65.82,B,,95
811442,PASS,460,1100,41.82,D,,95
811443,PASS,457,1100,41.55,D,,95
811445,PASS,512,1100,46.55,D,,95
811446,PASS,509,1100,46.27,D,,95
811448,PASS,531,1100,48.27,D,,95
811449,PASS,586,1100,53.27,C,,95
811450,PASS,809,1100,73.55,A,,95
811461,PASS,533,1100,48.45,D,,95
811462,PASS,813,1100,73.91,A,,95
811463,PASS,707,1100,64.27,B,,95
811464,PASS,799,1100,72.64,A,,95
811467,PASS,468,1100,42.55,D,,95
811468,PASS,638,1100,58.0,C,,95
811469,PASS,836,1100,76.0,A,,95
811471,PASS,541,1100,49.18,D,,95
811473,PASS,527,1100,47.91,D,,95
811476,PASS,440,1100,40.0,D,,95
811478,PASS,643,1100,58.45,C,,95
811481,PASS,650,1100,59.09,C,,95
811483,PASS,792,1100,72.0,A,,95
811484,PASS,596,1100,54.18,C,,95
811485,PASS,689,1100,62.64,B,,95
811492,PASS,828,1100,75.27,A,,95
811494,PASS,789,1100,71.73,A,,95
811495,PASS,567,1100,51.55,C,,95
811496,PASS,488,1100,44.36,D,,95
811497,PASS,511,1100,46.45,D,,95
811500,PASS,605,1100,55.0,C,,95
811501,PASS,513,1100,46.64,D,,95
811502,PASS,577,1100,52.45,C,,95
811503,PASS,575,1100,52.27,C,,95
811506,PASS,472,1100,42.91,D,,95
811509,PASS,854,1100,77.64,A,,95
811512,PASS,628,1100,57.09,C,,95
811516,WITHHELD — COMPUTERIZED ENROLMENT CARD,,,,,,124
811675,PASS,504,1100,45.82,D,,96
811682,PASS,579,1100,52.64,C,,96
811691,PASS,910,1100,82.73,A-1,,96
811692,PASS,699,1100,63.55,B,,96
811694,PASS,882,1100,80.18,A-1,,96
811695,PASS,838,1100,76.18,A,,96
811701,PASS,656,1100,59.64,C,,97
811703,PASS,590,1100,53.64,C,,97
811705,PASS,641,1100,58.27,C,,97
811707,PASS,799,1100,72.64,A,,96
811708,PASS,701,1100,63.73,B,,97
811710,PASS,727,1100,66.09,B,,97
811712,PASS,685,1100,62.27,B,,97
811713,PASS,701,1100,63.73,B,,97
811714,PASS,580,1100,52.73,C,,97
811715,PASS,803,1100,73.0,A,,96
811718,PASS,693,1100,63.0,B,,97
811719,PASS,811,1100,73.73,A,,96
811720,PASS,543,1100,49.36,D,,97
811721,PASS,820,1100,74.55,A,,96
811722,PASS,714,1100,64.91,B,,97
811724,PASS,637,1100,57.91,C,,97
811725,PASS,762,1100,69.27,B,,97
811726,PASS,691,1100,62.82,B,,97
811727,PASS,541,1100,49.18,D,,97
811731,PASS,873,1100,79.36,A,,97
811732,PASS,649,1100,59.0,C,,97
811734,PASS,585,1100,53.18,C,,97
811735,PASS,703,1100,63.91,B,,97
811736,PASS,595,1100,54.09,C,,97
811737,PASS,717,1100,65.18,B,,97
811738,PASS,640,1100,58.18,C,,97
811739,PASS,598,1100,54.36,C,,97
811740,PASS,722,1100,65.64,B,,97
811741,PASS,794,1100,72.18,A,,97
811743,PASS,802,1100,72.91,A,,97
811744,PASS,705,1100,64.09,B,,97
811745,PASS,540,1100,49.09,D,,97
811746,PASS,706,1100,64.18,B,,97
811747,PASS,710,1100,64.55,B,,97
811748,PASS,783,1100,71.18,A,,97
811749,PASS,725,1100,65.91,B,,97
811750,PASS,836,1100,76.0,A,,97
811752,PASS,627,1100,57.0,C,,97
811753,PASS,664,1100,60.36,B,,97
811754,PASS,830,1100,75.45,A,,97
811755,PASS,828,1100,75.27,A,,97
811756,PASS,585,1100,53.18,C,,97
811757,PASS,737,1100,67.0,B,,97
811758,PASS,593,1100,53.91,C,,97
811759,PASS,670,1100,60.91,B,,97
811760,PASS,765,1100,69.55,B,,97
811771,PASS,779,1100,70.82,A,,97
811773,PASS,925,1100,84.09,A-1,,97
811774,PASS,690,1100,62.73,B,,97
811775,PASS,757,1100,68.82,B,,97
811776,PASS,620,1100,56.36,C,,97
811777,PASS,855,1100,77.73,A,,97
811778,PASS,679,1100,61.73,B,,97
811779,PASS,733,1100,66.64,B,,97
811780,PASS,753,1100,68.45,B,,97
811781,PASS,688,1100,62.55,B,,97
811782,PASS,639,1100,58.09,C,,97
811783,PASS,761,1100,69.18,B,,97
811784,PASS,821,1100,74.64,A,,97
811785,PASS,817,1100,74.27,A,,97
811786,PASS,741,1100,67.36,B,,97
811787,PASS,562,1100,51.09,C,,97
811788,PASS,707,1100,64.27,B,,97
811789,PASS,665,1100,60.45,B,,97
811791,PASS,606,1100,55.09,C,,97
811792,WITHHELD — COMPUTERIZED ENROLMENT CARD,,,,,,124
811814,PASS,431,1100,39.18,E,,98
811822,WITHHELD — COMPUTERIZED ENROLMENT CARD,,,,,,124
811842,PASS,902,1100,82.0,A-1,,99
811844,PASS,560,1100,50.91,C,,99
811847,PASS,837,1100,76.09,A,,99
811852,PASS,631,1100,57.36,C,,99
811861,PASS,794,1100,72.18,A,,99
811862,PASS,746,1100,67.82,B,,99
811865,PASS,443,1100,40.27,D,,99
811868,PASS,702,1100,63.82,B,,99
811869,PASS,509,1100,46.27,D,,99
811873,PASS,610,1100,55.45,C,,99
811876,PASS,627,1100,57.0,C,,99
811877,PASS,739,1100,67.18,B,,99
811879,PASS,563,1100,51.18,C,,99
811881,PASS,582,1100,52.91,C,,99
811884,PASS,582,1100,52.91,C,,99
811885,PASS,611,1100,55.55,C,,99
811887,PASS,570,1100,51.82,C,,99
811888,PASS,698,1100,63.45,B,,99
811889,PASS,525,1100,47.73,D,,99
811890,PASS,539,1100,49.0,D,,99
811891,PASS,764,1100,69.45,B,,99
811893,PASS,562,1100,51.09,C,,99
811894,PASS,535,1100,48.64,D,,99
811896,PASS,712,1100,64.73,B,,99
811897,PASS,739,1100,67.18,B,,99
811898,PASS,683,1100,62.09,B,,99
811902,PASS,775,1100,70.45,A,,99
811904,PASS,440,1100,40.0,D,,99
811908,PASS,504,1100,45.82,D,,99
811909,PASS,441,1100,40.09,D,,99
811911,PASS,496,1100,45.09,D,,99
811920,PASS,533,1100,48.45,D,,99
811924,PASS,738,1100,67.09,B,,99
811925,PASS,656,1100,59.64,C,,99
811926,PASS,676,1100,61.45,B,,99
811930,PASS,505,1100,45.91,D,,99
811933,PASS,779,1100,70.82,A,,99
811935,PASS,818,1100,74.36,A,,99
811936,PASS,525,1100,47.73,D,,99
811937,PASS,473,1100,43.0,D,,99
811938,PASS,462,1100,42.0,D,,99
811945,PASS,798,1100,72.55,A,,99
811946,PASS,549,1100,49.91,D,,99
811948,PASS,433,1100,39.36,E,,99
811952,PASS,677,1100,61.55,B,,99
811961,PASS,535,1100,48.64,D,,99
811962,PASS,531,1100,48.27,D,,99
811969,PASS,649,1100,59.0,C,,99
811972,PASS,895,1100,81.36,A-1,,99
811974,PASS,607,1100,55.18,C,,99
811976,PASS,591,1100,53.73,C,,99
811977,PASS,551,1100,50.09,C,,99
811978,PASS,951,1100,86.45,A-1,,99
811979,PASS,917,1100,83.36,A-1,,99
811980,PASS,573,1100,52.09,C,,99
811985,WITHHELD — VERIFICATION OF ENROLMENT CARD,,,,,,125
811994,PASS,563,1100,51.18,C,,99
812083,PASS,743,1100,67.55,B,,99
812091,PASS,821,1100,74.64,A,,99
812096,PASS,830,1100,75.45,A,,99
812098,PASS,607,1100,55.18,C,,99
812102,PASS,497,1100,45.18,D,,99
812114,PASS,804,1100,73.09,A,,99
812115,PASS,793,1100,72.09,A,,99
812127,PASS,515,1100,46.82,D,,99
812131,PASS,484,1100,44.0,D,,99
812134,PASS,525,1100,47.73,D,,99
812135,WITHHELD — COMPUTERIZED ENROLMENT CARD,,,,,,124
812161,PASS,777,1100,70.64,A,,100
812171,PASS,896,1100,81.45,A-1,,100
812172,PASS,853,1100,77.55,A,,100
812173,PASS,925,1100,84.09,A-1,,100
812174,PASS,856,1100,77.82,A,,100
812175,PASS,960,1100,87.27,A-1,,100
812176,PASS,819,1100,74.45,A,,100
812177,PASS,948,1100,86.18,A-1,,100
812178,PASS,877,1100,79.73,A,,100
812179,PASS,901,1100,81.91,A-1,,100
812186,PASS,732,1100,66.55,B,,100
812221,PASS,644,1100,58.55,C,,101
812222,PASS,648,1100,58.91,C,,101
812242,PASS,743,1100,67.55,B,,101
812264,PASS,708,1100,64.36,B,,102
812267,PASS,921,1100,83.73,A-1,,102
812271,PASS,636,1100,57.82,C,,102
812273,PASS,584,1100,53.09,C,,102
812274,PASS,671,1100,61.0,B,,102
812275,PASS,527,1100,47.91,D,,102
812280,PASS,547,1100,49.73,D,,102
812281,PASS,531,1100,48.27,D,,102
812282,PASS,580,1100,52.73,C,,102
812283,PASS,553,1100,50.27,C,,102
812286,PASS,423,1100,38.45,E,,102
812288,PASS,524,1100,47.64,D,,102
812292,PASS,589,1100,53.55,C,,102
812293,PASS,519,1100,47.18,D,,102
812301,PASS,517,1100,47.0,D,,102
813002,PASS,713,1100,64.82,B,,29
813003,PASS,820,1100,74.55,A,,29
813039,PASS,596,1100,54.18,C,,103
813040,PASS,695,1100,63.18,B,,103
813042,PASS,618,1100,56.18,C,,103
813044,PASS,647,1100,58.82,C,,103
813046,PASS,603,1100,54.82,C,,103
813054,PASS,547,1100,49.73,D,,103
813055,PASS,556,1100,50.55,C,,103
813081,PASS,661,1100,60.09,B,,30
813082,PASS,816,1100,74.18,A,,30
813083,PASS,672,1100,61.09,B,,30
813091,PASS,660,1100,60.0,B,,31
813092,PASS,645,1100,58.64,C,,31
813093,PASS,649,1100,59.0,C,,31
813094,PASS,681,1100,61.91,B,,31
813101,PASS,839,1100,76.27,A,,31
813111,PASS,630,1100,57.27,C,,31
813112,PASS,694,1100,63.09,B,,31
813113,PASS,692,1100,62.91,B,,31
813121,PASS,771,1100,70.09,A,,103
813122,PASS,959,1100,87.18,A-1,,103
813123,PASS,650,1100,59.09,C,,103
813124,PASS,774,1100,70.36,A,,103
813125,PASS,791,1100,71.91,A,,103
813141,PASS,769,1100,69.91,B,,32
813151,PASS,622,1100,56.55,C,,32
813162,PASS,565,1100,51.36,C,,103
813165,PASS,639,1100,58.09,C,,103
813169,PASS,798,1100,72.55,A,,103
813170,PASS,629,1100,57.18,C,,103
813173,PASS,549,1100,49.91,D,,103
813176,PASS,471,1100,42.82,D,,104
813180,PASS,558,1100,50.73,C,,103
813182,PASS,528,1100,48.0,D,,104
813188,PASS,752,1100,68.36,B,,103
813189,PASS,672,1100,61.09,B,,103
813192,PASS,856,1100,77.82,A,,103
813193,PASS,611,1100,55.55,C,,103
813194,PASS,703,1100,63.91,B,,103
813197,PASS,794,1100,72.18,A,,103
813198,PASS,747,1100,67.91,B,,103
813200,PASS,663,1100,60.27,B,,103
813201,PASS,474,1100,43.09,D,,104
813202,PASS,572,1100,52.0,C,,103
813203,PASS,639,1100,58.09,C,,103
813207,PASS,477,1100,43.36,D,,104
813210,PASS,550,1100,50.0,C,,103
813211,PASS,934,1100,84.91,A-1,,103
813219,PASS,568,1100,51.64,C,,103
813223,PASS,564,1100,51.27,C,,103
813224,PASS,848,1100,77.09,A,,103
813225,PASS,578,1100,52.55,C,,103
813228,PASS,508,1100,46.18,D,,104
813229,PASS,516,1100,46.91,D,,104
813233,PASS,526,1100,47.82,D,,104
813239,PASS,611,1100,55.55,C,,103
813241,PASS,516,1100,46.91,D,,104
813243,PASS,516,1100,46.91,D,,104
813244,PASS,553,1100,50.27,C,,103
813245,PASS,624,1100,56.73,C,,103
813246,PASS,735,1100,66.82,B,,103
813247,PASS,513,1100,46.64,D,,104
813248,PASS,593,1100,53.91,C,,103
813249,PASS,573,1100,52.09,C,,103
813250,PASS,745,1100,67.73,B,,103
813253,PASS,562,1100,51.09,C,,103
813257,PASS,640,1100,58.18,C,,103
813258,PASS,644,1100,58.55,C,,103
813262,PASS,767,1100,69.73,B,,103
813266,PASS,851,1100,77.36,A,,103
813269,PASS,587,1100,53.36,C,,103
813270,PASS,594,1100,54.0,C,,103
813271,PASS,804,1100,73.09,A,,103
813272,PASS,682,1100,62.0,B,,103
813278,PASS,693,1100,63.0,B,,103
813281,PASS,650,1100,59.09,C,,103
813284,PASS,537,1100,48.82,D,,104
813285,PASS,597,1100,54.27,C,,103
813286,PASS,643,1100,58.45,C,,103
813288,PASS,590,1100,53.64,C,,104
813289,PASS,652,1100,59.27,C,,104
813290,PASS,686,1100,62.36,B,,103
813295,PASS,545,1100,49.55,D,,104
813296,PASS,574,1100,52.18,C,,104
813300,PASS,530,1100,48.18,D,,104
813302,PASS,686,1100,62.36,B,,103
813305,PASS,580,1100,52.73,C,,104
813313,PASS,534,1100,48.55,D,,104
813317,PASS,614,1100,55.82,C,,104
813318,PASS,610,1100,55.45,C,,104
813319,PASS,794,1100,72.18,A,,103
813322,PASS,671,1100,61.0,B,,103
813323,PASS,776,1100,70.55,A,,103
813324,PASS,578,1100,52.55,C,,104
813330,PASS,557,1100,50.64,C,,104
813331,PASS,602,1100,54.73,C,,104
813332,PASS,602,1100,54.73,C,,104
813333,PASS,645,1100,58.64,C,,104
813334,PASS,581,1100,52.82,C,,104
813335,PASS,643,1100,58.45,C,,104
813338,PASS,539,1100,49.0,D,,104
813341,PASS,619,1100,56.27,C,,104
813343,PASS,545,1100,49.55,D,,104
813350,PASS,521,1100,47.36,D,,104
813355,PASS,641,1100,58.27,C,,104
813356,PASS,503,1100,45.73,D,,104
813362,PASS,465,1100,42.27,D,,104
813366,PASS,592,1100,53.82,C,,104
813368,PASS,520,1100,47.27,D,,104
813369,PASS,601,1100,54.64,C,,104
813370,PASS,665,1100,60.45,B,,103
813371,PASS,781,1100,71.0,A,,103
813375,PASS,668,1100,60.73,B,,103
813376,PASS,631,1100,57.36,C,,104
813377,PASS,546,1100,49.64,D,,104
813379,PASS,572,1100,52.0,C,,104
813381,PASS,775,1100,70.45,A,,103
813389,PASS,580,1100,52.73,C,,104
813392,PASS,911,1100,82.82,A-1,,103
813397,WITHHELD — COMPUTERIZED ENROLMENT CARD,,,,,,124
813471,PASS,691,1100,62.82,B,,104
813473,PASS,654,1100,59.45,C,,104
813474,PASS,671,1100,61.0,B,,104
813475,PASS,672,1100,61.09,B,,104
813476,PASS,635,1100,57.73,C,,104
813477,PASS,698,1100,63.45,B,,104
813478,PASS,695,1100,63.18,B,,104
813479,PASS,565,1100,51.36,C,,104
813485,PASS,574,1100,52.18,C,,104
813489,PASS,577,1100,52.45,C,,104
813490,PASS,503,1100,45.73,D,,104
813491,PASS,810,1100,73.64,A,,104
813493,PASS,742,1100,67.45,B,,104
813494,PASS,766,1100,69.64,B,,104
813495,PASS,649,1100,59.0,C,,104
813496,PASS,614,1100,55.82,C,,104
813497,PASS,769,1100,69.91,B,,104
813498,PASS,909,1100,82.64,A-1,,104
813499,PASS,489,1100,44.45,D,,104
813500,PASS,585,1100,53.18,C,,104
813502,PASS,621,1100,56.45,C,,104
813503,PASS,524,1100,47.64,D,,104
813504,PASS,819,1100,74.45,A,,104
813505,PASS,587,1100,53.36,C,,104
813506,PASS,562,1100,51.09,C,,104
813507,PASS,547,1100,49.73,D,,104
813508,PASS,616,1100,56.0,C,,104
813509,PASS,714,1100,64.91,B,,104
813510,PASS,613,1100,55.73,C,,104
813511,PASS,739,1100,67.18,B,,104
813512,PASS,575,1100,52.27,C,,104
813513,PASS,655,1100,59.55,C,,104
813514,PASS,686,1100,62.36,B,,104
813515,PASS,661,1100,60.09,B,,104
813516,PASS,704,1100,64.0,B,,104
813519,PASS,569,1100,51.73,C,,104
813520,PASS,790,1100,71.82,A,,104
813521,PASS,834,1100,75.82,A,,104
813522,PASS,655,1100,59.55,C,,104
813526,PASS,681,1100,61.91,B,,104
813527,PASS,613,1100,55.73,C,,104
813530,PASS,685,1100,62.27,B,,104
813531,PASS,599,1100,54.45,C,,104
813532,PASS,692,1100,62.91,B,,104
813533,PASS,881,1100,80.09,A-1,,104
813534,PASS,775,1100,70.45,A,,104
813535,PASS,529,1100,48.09,D,,104
813536,PASS,671,1100,61.0,B,,104
813537,PASS,665,1100,60.45,B,,104
813551,PASS,674,1100,61.27,B,,105
813555,PASS,682,1100,62.0,B,,105
813557,PASS,663,1100,60.27,B,,105
813558,PASS,747,1100,67.91,B,,105
813559,PASS,514,1100,46.73,D,,105
813560,PASS,832,1100,75.64,A,,104
813561,PASS,596,1100,54.18,C,,105
813562,PASS,778,1100,70.73,A,,104
813563,PASS,622,1100,56.55,C,,105
813564,PASS,808,1100,73.45,A,,104
813565,PASS,681,1100,61.91,B,,105
813566,PASS,720,1100,65.45,B,,105
813567,PASS,680,1100,61.82,B,,105
813568,PASS,821,1100,74.64,A,,104
813570,PASS,839,1100,76.27,A,,104
813571,PASS,731,1100,66.45,B,,105
813572,PASS,721,1100,65.55,B,,105
813573,PASS,594,1100,54.0,C,,105
813574,PASS,741,1100,67.36,B,,105
813575,PASS,709,1100,64.45,B,,105
813576,PASS,829,1100,75.36,A,,104
813577,PASS,757,1100,68.82,B,,105
813578,PASS,772,1100,70.18,A,,104
813579,PASS,840,1100,76.36,A,,104
813580,PASS,678,1100,61.64,B,,105
813581,PASS,827,1100,75.18,A,,104
813582,PASS,842,1100,76.55,A,,104
813583,PASS,748,1100,68.0,B,,105
813584,PASS,649,1100,59.0,C,,105
813585,PASS,726,1100,66.0,B,,105
813586,PASS,776,1100,70.55,A,,104
813587,PASS,783,1100,71.18,A,,104
813588,PASS,585,1100,53.18,C,,105
813589,PASS,772,1100,70.18,A,,104
813590,PASS,719,1100,65.36,B,,105
813591,PASS,628,1100,57.09,C,,105
813592,PASS,651,1100,59.18,C,,105
813593,PASS,564,1100,51.27,C,,105
813594,PASS,639,1100,58.09,C,,105
813595,PASS,721,1100,65.55,B,,105
813596,PASS,580,1100,52.73,C,,105
813597,PASS,758,1100,68.91,B,,105
813599,PASS,727,1100,66.09,B,,105
813601,PASS,612,1100,55.64,C,,105
813602,PASS,718,1100,65.27,B,,105
813603,PASS,768,1100,69.82,B,,104
813604,PASS,894,1100,81.27,A-1,,104
813605,PASS,689,1100,62.64,B,,105
813607,PASS,897,1100,81.55,A-1,,104
813608,PASS,798,1100,72.55,A,,104
813609,PASS,610,1100,55.45,C,,105
813610,PASS,741,1100,67.36,B,,105
813611,PASS,644,1100,58.55,C,,105
813612,PASS,626,1100,56.91,C,,105
813613,PASS,707,1100,64.27,B,,105
813615,PASS,669,1100,60.82,B,,105
813616,PASS,905,1100,82.27,A-1,,104
813617,PASS,929,1100,84.45,A-1,,104
813619,PASS,784,1100,71.27,A,,104
813620,PASS,591,1100,53.73,C,,105
813621,PASS,574,1100,52.18,C,,105
813623,PASS,606,1100,55.09,C,,105
813624,PASS,830,1100,75.45,A,,104
813626,PASS,591,1100,53.73,C,,105
813627,PASS,785,1100,71.36,A,,104
813628,PASS,767,1100,69.73,B,,104
813629,PASS,713,1100,64.82,B,,105
813631,PASS,786,1100,71.45,A,,104
813632,PASS,530,1100,48.18,D,,105
813634,PASS,928,1100,84.36,A-1,,104
813635,PASS,844,1100,76.73,A,,105
813636,PASS,602,1100,54.73,C,,105
813637,PASS,654,1100,59.45,C,,105
813640,PASS,697,1100,63.36,B,,105
813641,PASS,596,1100,54.18,C,,105
813642,PASS,717,1100,65.18,B,,105
813643,PASS,600,1100,54.55,C,,105
813644,PASS,672,1100,61.09,B,,105
813645,PASS,513,1100,46.64,D,,105
813646,PASS,515,1100,46.82,D,,105
813648,PASS,585,1100,53.18,C,,105
813649,PASS,662,1100,60.18,B,,105
813650,PASS,780,1100,70.91,A,,105
813652,PASS,745,1100,67.73,B,,105
813653,PASS,603,1100,54.82,C,,105
813655,PASS,630,1100,57.27,C,,105
813656,PASS,707,1100,64.27,B,,105
813657,PASS,610,1100,55.45,C,,105
813659,PASS,594,1100,54.0,C,,105
813665,PASS,492,1100,44.73,D,,105
813666,PASS,514,1100,46.73,D,,105
813667,PASS,690,1100,62.73,B,,105
813668,PASS,551,1100,50.09,C,,105
813669,PASS,756,1100,68.73,B,,105
813670,PASS,743,1100,67.55,B,,105
813671,PASS,665,1100,60.45,B,,105
813672,PASS,875,1100,79.55,A,,104
813674,PASS,546,1100,49.64,D,,105
813675,PASS,689,1100,62.64,B,,105
813676,PASS,834,1100,75.82,A,,105
813679,PASS,646,1100,58.73,C,,105
813681,PASS,557,1100,50.64,C,,105
813683,PASS,638,1100,58.0,C,,105
813684,PASS,681,1100,61.91,B,,105
813685,PASS,867,1100,78.82,A,,105
813686,PASS,737,1100,67.0,B,,105
813687,PASS,625,1100,56.82,C,,105
813689,PASS,636,1100,57.82,C,,105
813690,PASS,740,1100,67.27,B,,105
813691,PASS,780,1100,70.91,A,,105
813692,PASS,669,1100,60.82,B,,105
813693,PASS,842,1100,76.55,A,,105
813695,PASS,545,1100,49.55,D,,105
813696,PASS,631,1100,57.36,C,,105
813698,PASS,744,1100,67.64,B,,105
813699,PASS,735,1100,66.82,B,,105
813700,PASS,743,1100,67.55,B,,105
813701,PASS,757,1100,68.82,B,,105
813702,PASS,601,1100,54.64,C,,105
813703,PASS,789,1100,71.73,A,,105
813705,PASS,678,1100,61.64,B,,105
813707,PASS,527,1100,47.91,D,,105
813710,PASS,566,1100,51.45,C,,105
813711,PASS,693,1100,63.0,B,,105
813712,PASS,700,1100,63.64,B,,105
813713,PASS,675,1100,61.36,B,,105
813714,PASS,634,1100,57.64,C,,105
813715,PASS,599,1100,54.45,C,,105
813716,PASS,711,1100,64.64,B,,105
813717,PASS,586,1100,53.27,C,,105
813718,PASS,596,1100,54.18,C,,105
813719,PASS,580,1100,52.73,C,,105
813720,PASS,635,1100,57.73,C,,105
813721,PASS,665,1100,60.45,B,,105
813722,PASS,649,1100,59.0,C,,105
813724,PASS,617,1100,56.09,C,,105
813725,PASS,633,1100,57.55,C,,105
813726,PASS,832,1100,75.64,A,,105
813727,PASS,548,1100,49.82,D,,105
813729,PASS,686,1100,62.36,B,,105
813730,PASS,610,1100,55.45,C,,105
813731,PASS,549,1100,49.91,D,,105
813733,PASS,775,1100,70.45,A,,105
813734,PASS,834,1100,75.82,A,,105
813735,PASS,688,1100,62.55,B,,105
813736,PASS,674,1100,61.27,B,,105
813738,PASS,756,1100,68.73,B,,105
813740,PASS,740,1100,67.27,B,,105
813741,PASS,520,1100,47.27,D,,105
813743,PASS,687,1100,62.45,B,,105
813744,PASS,505,1100,45.91,D,,105
813745,PASS,682,1100,62.0,B,,105
813746,PASS,791,1100,71.91,A,,105
813747,PASS,858,1100,78.0,A,,105
813748,PASS,712,1100,64.73,B,,105
813750,PASS,829,1100,75.36,A,,105
813751,PASS,807,1100,73.36,A,,105
813752,PASS,730,1100,66.36,B,,105
813753,PASS,769,1100,69.91,B,,105
813754,PASS,715,1100,65.0,B,,105
813755,PASS,720,1100,65.45,B,,105
813756,PASS,724,1100,65.82,B,,105
813757,PASS,614,1100,55.82,C,,105
813761,PASS,791,1100,71.91,A,,105
813811,PASS,584,1100,53.09,C,,106
813813,PASS,480,1100,43.64,D,,106
813815,PASS,592,1100,53.82,C,,106
813817,PASS,550,1100,50.0,C,,106
813818,PASS,585,1100,53.18,C,,106
813821,PASS,716,1100,65.09,B,,106
813825,PASS,583,1100,53.0,C,,106
813826,PASS,569,1100,51.73,C,,106
813827,PASS,564,1100,51.27,C,,106
813830,PASS,520,1100,47.27,D,,106
813831,PASS,545,1100,49.55,D,,106
813834,PASS,866,1100,78.73,A,,105
813835,PASS,514,1100,46.73,D,,106
813836,PASS,546,1100,49.64,D,,106
813837,PASS,547,1100,49.73,D,,106
813841,PASS,669,1100,60.82,B,,106
813847,PASS,677,1100,61.55,B,,106
813850,PASS,637,1100,57.91,C,,106
813853,PASS,584,1100,53.09,C,,106
813855,PASS,478,1100,43.45,D,,106
813858,PASS,497,1100,45.18,D,,106
813861,PASS,700,1100,63.64,B,,106
813862,PASS,558,1100,50.73,C,,106
813863,PASS,720,1100,65.45,B,,106
813866,PASS,446,1100,40.55,D,,106
813876,PASS,487,1100,44.27,D,,106
813880,PASS,737,1100,67.0,B,,106
813881,PASS,580,1100,52.73,C,,106
813891,PASS,821,1100,74.64,A,,105
813892,PASS,462,1100,42.0,D,,106
813898,PASS,479,1100,43.55,D,,106
813899,PASS,661,1100,60.09,B,,106
813903,PASS,604,1100,54.91,C,,106
813904,PASS,543,1100,49.36,D,,106
813908,PASS,582,1100,52.91,C,,106
813916,PASS,577,1100,52.45,C,,106
813923,PASS,533,1100,48.45,D,,106
813924,PASS,513,1100,46.64,D,,106
813930,PASS,582,1100,52.91,C,,106
813934,PASS,646,1100,58.73,C,,106
813937,PASS,660,1100,60.0,B,,106
813939,PASS,508,1100,46.18,D,,106
813951,PASS,571,1100,51.91,C,,106
813954,PASS,629,1100,57.18,C,,106
813982,WITHHELD — COMPUTERIZED ENROLMENT CARD,,,,,,124
813984,WITHHELD — COMPUTERIZED ENROLMENT CARD,,,,,,124
813988,WITHHELD — COMPUTERIZED ENROLMENT CARD,,,,,,124
814064,PASS,671,1100,61.0,B,,106
814066,PASS,526,1100,47.82,D,,106
814069,PASS,483,1100,43.91,D,,106
814075,PASS,717,1100,65.18,B,,106
814077,PASS,557,1100,50.64,C,,106
814078,PASS,604,1100,54.91,C,,106
814089,PASS,507,1100,46.09,D,,106
814093,PASS,536,1100,48.73,D,,106
814100,PASS,532,1100,48.36,D,,106
814101,PASS,681,1100,61.91,B,,106
814105,PASS,459,1100,41.73,D,,106
814113,PASS,475,1100,43.18,D,,106
814115,PASS,481,1100,43.73,D,,106
814116,PASS,475,1100,43.18,D,,106
814120,PASS,561,1100,51.0,C,,106
814125,PASS,549,1100,49.91,D,,106
814130,PASS,644,1100,58.55,C,,106
814137,PASS,500,1100,45.45,D,,106
814139,PASS,781,1100,71.0,A,,106
814142,PASS,529,1100,48.09,D,,106
814143,PASS,603,1100,54.82,C,,106
814144,PASS,645,1100,58.64,C,,106
814151,PASS,565,1100,51.36,C,,106
814160,PASS,812,1100,73.82,A,,106
814174,PASS,733,1100,66.64,B,,106
814176,PASS,645,1100,58.64,C,,106
814182,PASS,589,1100,53.55,C,,106
814188,PASS,674,1100,61.27,B,,106
814189,PASS,484,1100,44.0,D,,106
814190,PASS,763,1100,69.36,B,,106
814192,PASS,562,1100,51.09,C,,106
814193,PASS,675,1100,61.36,B,,106
814194,PASS,516,1100,46.91,D,,106
814198,PASS,487,1100,44.27,D,,106
814199,PASS,659,1100,59.91,C,,106
814204,PASS,595,1100,54.09,C,,106
814207,PASS,539,1100,49.0,D,,106
814212,PASS,618,1100,56.18,C,,106
814213,PASS,741,1100,67.36,B,,106
814228,PASS,566,1100,51.45,C,,106
814311,PASS,650,1100,59.09,C,,107
814313,PASS,524,1100,47.64,D,,107
814314,PASS,717,1100,65.18,B,,106
814315,PASS,547,1100,49.73,D,,107
814325,PASS,560,1100,50.91,C,,107
814326,PASS,561,1100,51.0,C,,107
814327,PASS,779,1100,70.82,A,,107
814329,PASS,470,1100,42.73,D,,107
814331,PASS,590,1100,53.64,C,,107
814332,PASS,528,1100,48.0,D,,107
814335,PASS,636,1100,57.82,C,,107
814336,PASS,576,1100,52.36,C,,107
814341,PASS,677,1100,61.55,B,,107
814342,PASS,703,1100,63.91,B,,107
814344,PASS,701,1100,63.73,B,,107
814345,PASS,542,1100,49.27,D,,107
814346,PASS,728,1100,66.18,B,,107
814347,PASS,527,1100,47.91,D,,107
814348,PASS,522,1100,47.45,D,,107
814350,PASS,711,1100,64.64,B,,107
814353,PASS,544,1100,49.45,D,,107
814354,PASS,545,1100,49.55,D,,107
814355,PASS,771,1100,70.09,A,,107
814357,PASS,639,1100,58.09,C,,107
814360,PASS,481,1100,43.73,D,,107
814364,PASS,599,1100,54.45,C,,107
814365,PASS,689,1100,62.64,B,,107
814372,PASS,552,1100,50.18,C,,107
814374,PASS,509,1100,46.27,D,,107
814377,PASS,452,1100,41.09,D,,107
814378,PASS,663,1100,60.27,B,,107
814379,PASS,465,1100,42.27,D,,107
814382,PASS,528,1100,48.0,D,,107
814383,PASS,568,1100,51.64,C,,107
814385,PASS,543,1100,49.36,D,,107
814387,PASS,678,1100,61.64,B,,107
814388,PASS,567,1100,51.55,C,,107
814389,PASS,534,1100,48.55,D,,107
814390,PASS,623,1100,56.64,C,,107
814391,PASS,684,1100,62.18,B,,107
814392,PASS,915,1100,83.18,A-1,,107
814393,PASS,589,1100,53.55,C,,107
814394,PASS,507,1100,46.09,D,,107
814395,PASS,770,1100,70.0,A,,107
814397,PASS,662,1100,60.18,B,,107
814398,PASS,571,1100,51.91,C,,107
814399,PASS,586,1100,53.27,C,,107
814400,PASS,740,1100,67.27,B,,107
814402,PASS,681,1100,61.91,B,,107
814403,PASS,614,1100,55.82,C,,107
814404,PASS,453,1100,41.18,D,,107
814408,PASS,877,1100,79.73,A,,107
814410,PASS,607,1100,55.18,C,,107
814411,PASS,550,1100,50.0,C,,107
814413,PASS,481,1100,43.73,D,,107
814419,PASS,640,1100,58.18,C,,107
814421,PASS,468,1100,42.55,D,,107
814423,PASS,481,1100,43.73,D,,107
814425,PASS,576,1100,52.36,C,,107
814426,PASS,671,1100,61.0,B,,107
814428,PASS,727,1100,66.09,B,,107
814429,PASS,505,1100,45.91,D,,107
814431,PASS,500,1100,45.45,D,,107
814432,PASS,624,1100,56.73,C,,107
814434,PASS,517,1100,47.0,D,,107
814436,PASS,460,1100,41.82,D,,107
814437,PASS,698,1100,63.45,B,,107
814439,PASS,743,1100,67.55,B,,107
814441,PASS,507,1100,46.09,D,,107
814444,PASS,602,1100,54.73,C,,107
814445,PASS,593,1100,53.91,C,,107
814446,PASS,606,1100,55.09,C,,107
814450,PASS,574,1100,52.18,C,,107
814451,PASS,712,1100,64.73,B,,107
814452,PASS,798,1100,72.55,A,,107
814456,PASS,552,1100,50.18,C,,107
814460,PASS,577,1100,52.45,C,,107
814461,PASS,717,1100,65.18,B,,107
814467,PASS,644,1100,58.55,C,,107
814468,PASS,577,1100,52.45,C,,107
814469,PASS,578,1100,52.55,C,,107
814473,PASS,599,1100,54.45,C,,107
814476,PASS,647,1100,58.82,C,,107
814482,PASS,500,1100,45.45,D,,107
814483,PASS,515,1100,46.82,D,,107
814484,PASS,559,1100,50.82,C,,107
814485,PASS,534,1100,48.55,D,,107
814488,PASS,570,1100,51.82,C,,107
814491,PASS,640,1100,58.18,C,,107
814493,PASS,528,1100,48.0,D,,107
814494,PASS,484,1100,44.0,D,,107
814495,PASS,780,1100,70.91,A,,107
814499,PASS,603,1100,54.82,C,,107
814500,PASS,542,1100,49.27,D,,107
814501,PASS,587,1100,53.36,C,,107
814502,PASS,673,1100,61.18,B,,107
814503,PASS,451,1100,41.0,D,,107
814505,PASS,646,1100,58.73,C,,107
814511,PASS,536,1100,48.73,D,,107
814513,PASS,617,1100,56.09,C,,107
814514,PASS,540,1100,49.09,D,,107
814516,PASS,472,1100,42.91,D,,107
814517,PASS,572,1100,52.0,C,,107
814520,PASS,528,1100,48.0,D,,107
814521,PASS,753,1100,68.45,B,,107
814522,PASS,687,1100,62.45,B,,107
814523,PASS,459,1100,41.73,D,,107
814526,PASS,650,1100,59.09,C,,107
814532,PASS,563,1100,51.18,C,,107
814534,PASS,580,1100,52.73,C,,107
814535,PASS,541,1100,49.18,D,,107
814536,PASS,663,1100,60.27,B,,107
814538,PASS,591,1100,53.73,C,,107
814540,PASS,543,1100,49.36,D,,107
814541,PASS,481,1100,43.73,D,,107
814542,PASS,496,1100,45.09,D,,107
814543,PASS,524,1100,47.64,D,,107
814549,PASS,614,1100,55.82,C,,107
814550,PASS,504,1100,45.82,D,,107
814552,PASS,547,1100,49.73,D,,107
814553,PASS,535,1100,48.64,D,,107
814554,PASS,822,1100,74.73,A,,107
814555,PASS,502,1100,45.64,D,,107
814559,PASS,708,1100,64.36,B,,107
814562,PASS,587,1100,53.36,C,,107
814566,PASS,849,1100,77.18,A,,107
814567,PASS,499,1100,45.36,D,,107
814568,PASS,558,1100,50.73,C,,107
814569,PASS,704,1100,64.0,B,,107
814571,PASS,535,1100,48.64,D,,107
814572,PASS,507,1100,46.09,D,,107
814573,PASS,633,1100,57.55,C,,107
814578,PASS,546,1100,49.64,D,,107
814579,PASS,852,1100,77.45,A,,107
814581,PASS,531,1100,48.27,D,,107
814582,PASS,629,1100,57.18,C,,107
814583,PASS,541,1100,49.18,D,,107
814584,PASS,472,1100,42.91,D,,107
814588,PASS,553,1100,50.27,C,,107
814590,PASS,670,1100,60.91,B,,107
814594,PASS,591,1100,53.73,C,,107
814596,PASS,657,1100,59.73,C,,107
814597,PASS,513,1100,46.64,D,,107
814598,PASS,510,1100,46.36,D,,108
814599,PASS,687,1100,62.45,B,,107
814600,PASS,575,1100,52.27,C,,107
814606,PASS,578,1100,52.55,C,,107
814607,PASS,773,1100,70.27,A,,107
814619,PASS,655,1100,59.55,C,,107
814620,PASS,575,1100,52.27,C,,107
814626,PASS,603,1100,54.82,C,,107
814631,PASS,521,1100,47.36,D,,108
814701,PASS,594,1100,54.0,C,,108
814706,PASS,875,1100,79.55,A,,108
814711,PASS,508,1100,46.18,D,,108
814712,PASS,803,1100,73.0,A,,108
814722,PASS,581,1100,52.82,C,,108
814728,PASS,631,1100,57.36,C,,108
814731,PASS,694,1100,63.09,B,,108
814732,PASS,843,1100,76.64,A,,108
814733,PASS,579,1100,52.64,C,,108
814735,PASS,606,1100,55.09,C,,108
814737,PASS,522,1100,47.45,D,,108
814740,PASS,532,1100,48.36,D,,108
814742,PASS,568,1100,51.64,C,,108
814747,PASS,625,1100,56.82,C,,108
814753,PASS,560,1100,50.91,C,,108
814754,PASS,668,1100,60.73,B,,108
814755,PASS,537,1100,48.82,D,,108
814756,PASS,594,1100,54.0,C,,108
814757,PASS,521,1100,47.36,D,,108
814758,PASS,583,1100,53.0,C,,108
814769,PASS,467,1100,42.45,D,,108
814801,PASS,705,1100,64.09,B,,108
814802,PASS,654,1100,59.45,C,,108
814811,PASS,876,1100,79.64,A,,108
814812,PASS,971,1100,88.27,A-1,,108
814813,PASS,843,1100,76.64,A,,108
814814,PASS,886,1100,80.55,A-1,,108
814815,PASS,883,1100,80.27,A-1,,108
814817,PASS,986,1100,89.64,A-1,,108
814818,PASS,918,1100,83.45,A-1,,108
814819,PASS,934,1100,84.91,A-1,,108
814820,PASS,862,1100,78.36,A,,108
814821,PASS,954,1100,86.73,A-1,,108
814822,PASS,937,1100,85.18,A-1,,108
814823,PASS,872,1100,79.27,A,,108
814824,PASS,962,1100,87.45,A-1,,108
814825,PASS,882,1100,80.18,A-1,,108
814826,PASS,948,1100,86.18,A-1,,108
814827,PASS,863,1100,78.45,A,,108
814828,PASS,739,1100,67.18,B,,109
814829,PASS,977,1100,88.82,A-1,,108
814830,PASS,909,1100,82.64,A-1,,108
814831,PASS,893,1100,81.18,A-1,,108
814832,PASS,805,1100,73.18,A,,108
814833,PASS,829,1100,75.36,A,,108
814834,PASS,827,1100,75.18,A,,108
814835,PASS,901,1100,81.91,A-1,,108
814836,PASS,977,1100,88.82,A-1,,108
814837,PASS,854,1100,77.64,A,,108
814838,PASS,813,1100,73.91,A,,108
814839,PASS,979,1100,89.0,A-1,,108
814840,PASS,827,1100,75.18,A,,108
814841,PASS,927,1100,84.27,A-1,,108
814842,PASS,757,1100,68.82,B,,109
814843,PASS,955,1100,86.82,A-1,,108
814844,PASS,940,1100,85.45,A-1,,108
814851,PASS,846,1100,76.91,A,,109
814865,PASS,957,1100,87.0,A-1,,109
814881,WITHHELD — VERIFICATION OF ENROLMENT CARD,,,,,,125
814884,PASS,551,1100,50.09,C,,109
814886,PASS,609,1100,55.36,C,,109
814887,PASS,631,1100,57.36,C,,109
814901,PASS,516,1100,46.91,D,,38
814911,PASS,525,1100,47.73,D,,39
814912,PASS,570,1100,51.82,C,,39
814913,PASS,608,1100,55.27,C,,39
814914,PASS,632,1100,57.45,C,,39
814921,PASS,733,1100,66.64,B,,39
814922,PASS,716,1100,65.09,B,,39
814923,PASS,698,1100,63.45,B,,39
814924,PASS,837,1100,76.09,A,,39
814925,PASS,648,1100,58.91,C,,39
814927,PASS,719,1100,65.36,B,,39
814931,PASS,655,1100,59.55,C,,39
814932,PASS,579,1100,52.64,C,,39
814933,PASS,760,1100,69.09,B,,39
814934,PASS,655,1100,59.55,C,,39
814935,PASS,646,1100,58.73,C,,39
814936,PASS,653,1100,59.36,C,,39
814938,PASS,600,1100,54.55,C,,39
814939,PASS,846,1100,76.91,A,,39
814940,PASS,563,1100,51.18,C,,39
814941,PASS,696,1100,63.27,B,,39
814942,PASS,758,1100,68.91,B,,39
814951,PASS,944,1100,85.82,A-1,,39
814952,PASS,907,1100,82.45,A-1,,39
814953,PASS,618,1100,56.18,C,,40
814954,PASS,713,1100,64.82,B,,40
814955,PASS,848,1100,77.09,A,,40
814956,PASS,574,1100,52.18,C,,40
814958,PASS,771,1100,70.09,A,,40
814959,PASS,780,1100,70.91,A,,40
814960,PASS,648,1100,58.91,C,,40
814961,PASS,561,1100,51.0,C,,40
814962,PASS,726,1100,66.0,B,,40
814963,PASS,792,1100,72.0,A,,40
814964,PASS,808,1100,73.45,A,,40
814965,PASS,466,1100,42.36,D,,40
814966,PASS,646,1100,58.73,C,,40
814967,PASS,698,1100,63.45,B,,40
814968,PASS,604,1100,54.91,C,,40
814969,PASS,597,1100,54.27,C,,40
814970,PASS,670,1100,60.91,B,,40
814971,PASS,664,1100,60.36,B,,40
814974,PASS,765,1100,69.55,B,,40
814975,PASS,836,1100,76.0,A,,40
814991,PASS,562,1100,51.09,C,,110
814993,PASS,679,1100,61.73,B,,110
814996,PASS,594,1100,54.0,C,,110
814999,PASS,818,1100,74.36,A,,110
815010,PASS,730,1100,66.36,B,,110
815017,PASS,552,1100,50.18,C,,110
815019,PASS,501,1100,45.55,D,,110
815020,PASS,607,1100,55.18,C,,110
815022,WITHHELD — COMPUTERIZED ENROLMENT CARD,,,,,,124
815026,PASS,636,1100,57.82,C,,110
815241,PASS,691,1100,62.82,B,,42
815242,PASS,654,1100,59.45,C,,42
815243,PASS,601,1100,54.64,C,,42
815251,PASS,783,1100,71.18,A,,43
815252,PASS,912,1100,82.91,A-1,,43
815253,PASS,734,1100,66.73,B,,43
815254,PASS,610,1100,55.45,C,,43
815256,PASS,608,1100,55.27,C,,43
815257,PASS,622,1100,56.55,C,,43
815258,PASS,554,1100,50.36,C,,43
815259,PASS,829,1100,75.36,A,,43
815260,PASS,811,1100,73.73,A,,43
815261,PASS,766,1100,69.64,B,,43
815262,PASS,939,1100,85.36,A-1,,43
815263,PASS,739,1100,67.18,B,,43
815264,PASS,707,1100,64.27,B,,43
815265,PASS,806,1100,73.27,A,,43
815266,PASS,740,1100,67.27,B,,43
815267,PASS,742,1100,67.45,B,,43
815268,PASS,946,1100,86.0,A-1,,43
815269,PASS,703,1100,63.91,B,,43
815270,PASS,932,1100,84.73,A-1,,43
815271,PASS,707,1100,64.27,B,,43
815272,PASS,571,1100,51.91,C,,43
815273,PASS,863,1100,78.45,A,,43
815274,PASS,856,1100,77.82,A,,43
815275,PASS,705,1100,64.09,B,,43
815277,PASS,864,1100,78.55,A,,43
815278,PASS,793,1100,72.09,A,,43
815279,PASS,868,1100,78.91,A,,43
815281,PASS,643,1100,58.45,C,,43
815282,PASS,709,1100,64.45,B,,43
815283,PASS,732,1100,66.55,B,,43
815284,PASS,818,1100,74.36,A,,43
815286,PASS,722,1100,65.64,B,,43
815291,PASS,645,1100,58.64,C,,111
815294,PASS,539,1100,49.0,D,,111
815295,PASS,605,1100,55.0,C,,111
815296,PASS,539,1100,49.0,D,,111
815297,PASS,602,1100,54.73,C,,111
815302,PASS,536,1100,48.73,D,,111
815303,PASS,731,1100,66.45,B,,111
815305,PASS,543,1100,49.36,D,,111
815307,PASS,542,1100,49.27,D,,111
815308,PASS,545,1100,49.55,D,,111
815313,PASS,860,1100,78.18,A,,111
815314,PASS,879,1100,79.91,A,,111
815318,PASS,550,1100,50.0,C,,111
815319,PASS,615,1100,55.91,C,,111
815320,PASS,594,1100,54.0,C,,111
815327,PASS,540,1100,49.09,D,,111
815330,PASS,788,1100,71.64,A,,111
815334,PASS,545,1100,49.55,D,,111
815335,PASS,792,1100,72.0,A,,111
815336,PASS,689,1100,62.64,B,,111
815337,PASS,588,1100,53.45,C,,111
815340,PASS,590,1100,53.64,C,,111
815341,PASS,738,1100,67.09,B,,111
815343,PASS,769,1100,69.91,B,,111
815344,PASS,664,1100,60.36,B,,111
815346,PASS,587,1100,53.36,C,,111
815347,PASS,546,1100,49.64,D,,111
815352,PASS,554,1100,50.36,C,,111
815359,PASS,660,1100,60.0,B,,111
815360,PASS,777,1100,70.64,A,,111
815361,PASS,723,1100,65.73,B,,111
815362,PASS,790,1100,71.82,A,,111
815364,PASS,588,1100,53.45,C,,111
815365,PASS,671,1100,61.0,B,,111
815366,PASS,526,1100,47.82,D,,111
815367,PASS,614,1100,55.82,C,,111
815370,PASS,524,1100,47.64,D,,111
815371,PASS,627,1100,57.0,C,,111
815372,PASS,697,1100,63.36,B,,111
815373,PASS,628,1100,57.09,C,,111
815379,PASS,727,1100,66.09,B,,111
815381,PASS,595,1100,54.09,C,,111
815387,PASS,492,1100,44.73,D,,111
815388,PASS,582,1100,52.91,C,,111
815416,PASS,763,1100,69.36,B,,111
815418,PASS,752,1100,68.36,B,,111
815419,PASS,729,1100,66.27,B,,111
815422,PASS,562,1100,51.09,C,,111
815427,PASS,619,1100,56.27,C,,111
815431,PASS,544,1100,49.45,D,,112
815438,PASS,645,1100,58.64,C,,111
815439,PASS,837,1100,76.09,A,,111
815444,PASS,536,1100,48.73,D,,112
815445,PASS,492,1100,44.73,D,,112
815446,PASS,607,1100,55.18,C,,111
815449,PASS,507,1100,46.09,D,,112
815451,PASS,531,1100,48.27,D,,112
815452,PASS,571,1100,51.91,C,,111
815457,PASS,567,1100,51.55,C,,112
815461,PASS,656,1100,59.64,C,,112
815465,PASS,497,1100,45.18,D,,112
815476,PASS,697,1100,63.36,B,,111
815477,PASS,621,1100,56.45,C,,112
815480,PASS,483,1100,43.91,D,,112
815483,PASS,523,1100,47.55,D,,112
815489,PASS,468,1100,42.55,D,,112
815491,PASS,618,1100,56.18,C,,112
815492,PASS,624,1100,56.73,C,,112
815495,PASS,502,1100,45.64,D,,112
815497,WITHHELD — COMPUTERIZED ENROLMENT CARD,,,,,,124
815506,PASS,602,1100,54.73,C,,112
815514,PASS,548,1100,49.82,D,,112
815515,PASS,556,1100,50.55,C,,112
815522,PASS,595,1100,54.09,C,,112
815527,PASS,640,1100,58.18,C,,112
815528,WITHHELD — COMPUTERIZED ENROLMENT CARD,,,,,,124
815529,WITHHELD — COMPUTERIZED ENROLMENT CARD,,,,,,124
815561,PASS,560,1100,50.91,C,,112
815562,PASS,608,1100,55.27,C,,112
815563,PASS,786,1100,71.45,A,,112
815566,PASS,819,1100,74.45,A,,112
815567,PASS,582,1100,52.91,C,,112
815568,PASS,495,1100,45.0,D,,112
815571,PASS,622,1100,56.55,C,,112
815573,PASS,526,1100,47.82,D,,112
815574,PASS,654,1100,59.45,C,,112
815575,PASS,586,1100,53.27,C,,112
815576,PASS,623,1100,56.64,C,,112
815578,PASS,515,1100,46.82,D,,112
815580,PASS,684,1100,62.18,B,,112
815581,PASS,853,1100,77.55,A,,112
815582,PASS,519,1100,47.18,D,,112
815587,PASS,553,1100,50.27,C,,112
815588,PASS,569,1100,51.73,C,,112
815590,PASS,684,1100,62.18,B,,112
815592,PASS,487,1100,44.27,D,,112
815594,PASS,532,1100,48.36,D,,112
815596,PASS,535,1100,48.64,D,,112
815598,PASS,637,1100,57.91,C,,112
815599,PASS,495,1100,45.0,D,,112
815601,PASS,699,1100,63.55,B,,112
815605,PASS,544,1100,49.45,D,,112
815606,PASS,545,1100,49.55,D,,112
815610,PASS,517,1100,47.0,D,,112
815613,PASS,534,1100,48.55,D,,112
815620,PASS,497,1100,45.18,D,,112
815622,PASS,495,1100,45.0,D,,112
815630,PASS,647,1100,58.82,C,,112
815631,PASS,566,1100,51.45,C,,112
815632,PASS,628,1100,57.09,C,,112
815633,PASS,542,1100,49.27,D,,112
815640,PASS,720,1100,65.45,B,,112
815642,PASS,515,1100,46.82,D,,112
815643,PASS,572,1100,52.0,C,,112
815647,PASS,625,1100,56.82,C,,112
815648,PASS,669,1100,60.82,B,,112
815649,PASS,585,1100,53.18,C,,112
815650,PASS,725,1100,65.91,B,,112
815652,PASS,568,1100,51.64,C,,112
815653,PASS,531,1100,48.27,D,,112
815656,PASS,595,1100,54.09,C,,112
815657,PASS,667,1100,60.64,B,,112
815659,PASS,676,1100,61.45,B,,112
815664,PASS,568,1100,51.64,C,,112
815672,PASS,579,1100,52.64,C,,112
815674,PASS,652,1100,59.27,C,,112
815675,PASS,631,1100,57.36,C,,112
815676,PASS,578,1100,52.55,C,,112
815682,PASS,541,1100,49.18,D,,112
815686,PASS,677,1100,61.55,B,,112
815687,PASS,571,1100,51.91,C,,112
815691,PASS,586,1100,53.27,C,,112
815692,PASS,649,1100,59.0,C,,112
815695,PASS,574,1100,52.18,C,,112
815696,PASS,815,1100,74.09,A,,112
815700,PASS,584,1100,53.09,C,,112
815702,PASS,533,1100,48.45,D,,112
815706,PASS,747,1100,67.91,B,,112
815707,PASS,559,1100,50.82,C,,112
815711,PASS,562,1100,51.09,C,,112
815712,PASS,628,1100,57.09,C,,112
815713,PASS,666,1100,60.55,B,,112
815716,PASS,496,1100,45.09,D,,112
815718,PASS,655,1100,59.55,C,,112
815721,PASS,814,1100,74.0,A,,112
815723,PASS,749,1100,68.09,B,,112
815725,PASS,535,1100,48.64,D,,112
815726,PASS,589,1100,53.55,C,,112
815728,PASS,612,1100,55.64,C,,112
815730,PASS,604,1100,54.91,C,,112
815731,PASS,671,1100,61.0,B,,112
815733,PASS,602,1100,54.73,C,,112
815734,PASS,603,1100,54.82,C,,112
815735,PASS,628,1100,57.09,C,,112
815737,PASS,605,1100,55.0,C,,112
815739,PASS,875,1100,79.55,A,,112
815744,PASS,785,1100,71.36,A,,112
815745,PASS,572,1100,52.0,C,,112
815747,PASS,733,1100,66.64,B,,112
815748,PASS,522,1100,47.45,D,,112
815752,PASS,736,1100,66.91,B,,112
815753,PASS,624,1100,56.73,C,,112
815754,PASS,587,1100,53.36,C,,112
815755,PASS,530,1100,48.18,D,,112
815757,PASS,579,1100,52.64,C,,112
815758,PASS,683,1100,62.09,B,,112
815760,PASS,469,1100,42.64,D,,112
815763,PASS,578,1100,52.55,C,,112
815764,PASS,793,1100,72.09,A,,112
815765,PASS,800,1100,72.73,A,,112
815766,PASS,698,1100,63.45,B,,112
815769,PASS,604,1100,54.91,C,,112
815770,PASS,619,1100,56.27,C,,112
815771,PASS,668,1100,60.73,B,,112
815775,PASS,596,1100,54.18,C,,112
815777,PASS,638,1100,58.0,C,,112
815778,PASS,699,1100,63.55,B,,112
815780,PASS,746,1100,67.82,B,,112
815781,PASS,576,1100,52.36,C,,112
815785,PASS,727,1100,66.09,B,,112
815786,PASS,723,1100,65.73,B,,112
815787,PASS,716,1100,65.09,B,,112
815788,PASS,736,1100,66.91,B,,112
815789,PASS,567,1100,51.55,C,,112
815790,PASS,572,1100,52.0,C,,112
815791,PASS,907,1100,82.45,A-1,,112
815792,PASS,642,1100,58.36,C,,112
815794,PASS,506,1100,46.0,D,,112
815795,PASS,544,1100,49.45,D,,112
815796,PASS,670,1100,60.91,B,,112
815799,PASS,727,1100,66.09,B,,112
815803,PASS,496,1100,45.09,D,,112
815807,PASS,682,1100,62.0,B,,112
815817,PASS,567,1100,51.55,C,,112
815820,WITHHELD — VERIFICATION OF ENROLMENT CARD,,,,,,125
815822,PASS,733,1100,66.64,B,,112
815827,PASS,495,1100,45.0,D,,112
815828,WITHHELD — VERIFICATION OF ENROLMENT CARD,,,,,,125
815861,PASS,827,1100,75.18,A,,113
815862,PASS,921,1100,83.73,A-1,,113
815863,PASS,897,1100,81.55,A-1,,113
815864,PASS,949,1100,86.27,A-1,,113
815865,PASS,863,1100,78.45,A,,113
815866,PASS,775,1100,70.45,A,,113
815867,PASS,854,1100,77.64,A,,113
815868,PASS,911,1100,82.82,A-1,,113
815869,PASS,908,1100,82.55,A-1,,113
815870,PASS,611,1100,55.55,C,,113
815871,PASS,944,1100,85.82,A-1,,113
815872,PASS,801,1100,72.82,A,,113
815873,PASS,840,1100,76.36,A,,113
815874,PASS,903,1100,82.09,A-1,,113
815875,PASS,835,1100,75.91,A,,113
815876,PASS,764,1100,69.45,B,,113
815877,PASS,731,1100,66.45,B,,113
815878,PASS,741,1100,67.36,B,,113
815879,PASS,762,1100,69.27,B,,113
815880,PASS,970,1100,88.18,A-1,,113
815881,PASS,729,1100,66.27,B,,113
815882,PASS,913,1100,83.0,A-1,,113
815883,PASS,828,1100,75.27,A,,113
815884,PASS,877,1100,79.73,A,,113
815885,PASS,753,1100,68.45,B,,113
815886,PASS,849,1100,77.18,A,,113
815887,PASS,935,1100,85.0,A-1,,113
815888,PASS,918,1100,83.45,A-1,,113
815889,PASS,874,1100,79.45,A,,113
815890,PASS,773,1100,70.27,A,,113
815892,PASS,541,1100,49.18,D,,113
815901,PASS,896,1100,81.45,A-1,,113
815902,PASS,644,1100,58.55,C,,114
815903,PASS,802,1100,72.91,A,,113
815904,PASS,868,1100,78.91,A,,113
815905,PASS,626,1100,56.91,C,,114
815907,PASS,780,1100,70.91,A,,113
815908,PASS,719,1100,65.36,B,,114
815910,PASS,536,1100,48.73,D,,114
815911,PASS,805,1100,73.18,A,,113
815912,PASS,750,1100,68.18,B,,114
815914,PASS,699,1100,63.55,B,,114
815915,PASS,849,1100,77.18,A,,113
815916,PASS,699,1100,63.55,B,,114
815917,PASS,757,1100,68.82,B,,114
815918,PASS,809,1100,73.55,A,,113
815919,PASS,647,1100,58.82,C,,114
815920,PASS,847,1100,77.0,A,,113
815921,PASS,848,1100,77.09,A,,113
815922,PASS,741,1100,67.36,B,,114
815923,PASS,924,1100,84.0,A-1,,113
815924,PASS,919,1100,83.55,A-1,,113
815925,PASS,861,1100,78.27,A,,113
815926,PASS,791,1100,71.91,A,,113
815927,PASS,764,1100,69.45,B,,114
815928,PASS,861,1100,78.27,A,,113
815929,PASS,607,1100,55.18,C,,114
815931,PASS,655,1100,59.55,C,,114
815932,PASS,826,1100,75.09,A,,113
815933,PASS,823,1100,74.82,A,,113
815934,PASS,802,1100,72.91,A,,113
815935,PASS,775,1100,70.45,A,,113
815936,PASS,635,1100,57.73,C,,114
815937,PASS,530,1100,48.18,D,,114
815938,PASS,743,1100,67.55,B,,114
815939,PASS,672,1100,61.09,B,,114
815940,PASS,605,1100,55.0,C,,114
815941,PASS,822,1100,74.73,A,,113
815942,PASS,701,1100,63.73,B,,114
815943,PASS,762,1100,69.27,B,,114
815944,PASS,825,1100,75.0,A,,113
815945,PASS,705,1100,64.09,B,,114
815946,PASS,514,1100,46.73,D,,114
815947,PASS,749,1100,68.09,B,,114
815948,PASS,920,1100,83.64,A-1,,113
815949,PASS,693,1100,63.0,B,,114
815950,PASS,924,1100,84.0,A-1,,113
815951,PASS,703,1100,63.91,B,,114
815952,PASS,780,1100,70.91,A,,113
815953,PASS,667,1100,60.64,B,,114
815954,PASS,893,1100,81.18,A-1,,113
815955,PASS,820,1100,74.55,A,,113
815956,PASS,569,1100,51.73,C,,114
815957,PASS,743,1100,67.55,B,,114
815958,PASS,524,1100,47.64,D,,114
815959,PASS,898,1100,81.64,A-1,,113
815960,PASS,813,1100,73.91,A,,113
815961,PASS,716,1100,65.09,B,,114
815962,PASS,701,1100,63.73,B,,114
815963,PASS,538,1100,48.91,D,,114
815964,PASS,616,1100,56.0,C,,114
815965,PASS,658,1100,59.82,C,,114
815966,PASS,585,1100,53.18,C,,114
815967,PASS,735,1100,66.82,B,,114
815968,PASS,796,1100,72.36,A,,113
815969,PASS,886,1100,80.55,A-1,,113
815970,PASS,608,1100,55.27,C,,114
815973,PASS,801,1100,72.82,A,,113
815974,PASS,666,1100,60.55,B,,114
815975,PASS,890,1100,80.91,A-1,,113
815976,PASS,907,1100,82.45,A-1,,113
815977,PASS,661,1100,60.09,B,,114
815978,PASS,769,1100,69.91,B,,113
815979,PASS,707,1100,64.27,B,,114
815980,PASS,867,1100,78.82,A,,113
815981,PASS,792,1100,72.0,A,,113
815982,PASS,679,1100,61.73,B,,114
815983,PASS,749,1100,68.09,B,,114
815984,PASS,801,1100,72.82,A,,113
815985,PASS,719,1100,65.36,B,,114
815986,PASS,772,1100,70.18,A,,113
815987,PASS,689,1100,62.64,B,,114
815988,PASS,724,1100,65.82,B,,114
815989,PASS,718,1100,65.27,B,,114
815990,PASS,485,1100,44.09,D,,114
815991,PASS,654,1100,59.45,C,,114
815992,PASS,836,1100,76.0,A,,113
815993,PASS,604,1100,54.91,C,,114
815994,PASS,887,1100,80.64,A-1,,113
815995,PASS,783,1100,71.18,A,,113
815996,PASS,699,1100,63.55,B,,114
815997,PASS,659,1100,59.91,C,,114
815998,PASS,580,1100,52.73,C,,114
815999,PASS,856,1100,77.82,A,,113
816001,PASS,913,1100,83.0,A-1,,113
816002,PASS,644,1100,58.55,C,,114
816003,PASS,685,1100,62.27,B,,114
816004,PASS,855,1100,77.73,A,,113
816005,PASS,860,1100,78.18,A,,113
816006,PASS,752,1100,68.36,B,,114
816007,PASS,714,1100,64.91,B,,114
816008,PASS,838,1100,76.18,A,,113
816009,PASS,831,1100,75.55,A,,113
816010,PASS,645,1100,58.64,C,,114
816012,PASS,667,1100,60.64,B,,114
816013,PASS,804,1100,73.09,A,,113
816014,WITHHELD — VERIFICATION OF ENROLMENT CARD,,,,,,125
816015,PASS,629,1100,57.18,C,,114
816021,PASS,920,1100,83.64,A-1,,114
816022,PASS,945,1100,85.91,A-1,,114
816023,PASS,745,1100,67.73,B,,114
816024,PASS,683,1100,62.09,B,,114
816025,PASS,915,1100,83.18,A-1,,114
816026,PASS,796,1100,72.36,A,,114
816027,PASS,858,1100,78.0,A,,114
816028,PASS,637,1100,57.91,C,,114
816029,PASS,736,1100,66.91,B,,114
816030,PASS,835,1100,75.91,A,,114
816031,PASS,957,1100,87.0,A-1,,114
816032,PASS,913,1100,83.0,A-1,,114
816033,PASS,873,1100,79.36,A,,114
816034,PASS,903,1100,82.09,A-1,,114
816035,PASS,850,1100,77.27,A,,114
816036,PASS,808,1100,73.45,A,,114
816037,PASS,975,1100,88.64,A-1,,114
816038,PASS,752,1100,68.36,B,,114
816039,PASS,885,1100,80.45,A-1,,114
816040,PASS,881,1100,80.09,A-1,,114
816041,PASS,956,1100,86.91,A-1,,114
816042,PASS,771,1100,70.09,A,,114
816043,PASS,884,1100,80.36,A-1,,114
816044,PASS,801,1100,72.82,A,,114
816051,PASS,473,1100,43.0,D,,47
816071,PASS,560,1100,50.91,C,,115
816073,PASS,656,1100,59.64,C,,115
816074,PASS,600,1100,54.55,C,,115
816075,PASS,670,1100,60.91,B,,115
816076,PASS,778,1100,70.73,A,,115
816077,PASS,825,1100,75.0,A,,115
816079,PASS,625,1100,56.82,C,,115
816080,PASS,750,1100,68.18,B,,115
816081,PASS,665,1100,60.45,B,,115
816082,PASS,692,1100,62.91,B,,115
816084,PASS,460,1100,41.82,D,,115
816085,PASS,509,1100,46.27,D,,115
816086,PASS,570,1100,51.82,C,,115
816087,PASS,728,1100,66.18,B,,115
816088,PASS,686,1100,62.36,B,,115
816092,PASS,780,1100,70.91,A,,115
816093,PASS,767,1100,69.73,B,,115
816094,PASS,531,1100,48.27,D,,115
816095,PASS,686,1100,62.36,B,,115
816096,PASS,821,1100,74.64,A,,115
816098,PASS,565,1100,51.36,C,,115
816099,PASS,678,1100,61.64,B,,115
816100,PASS,731,1100,66.45,B,,115
816101,PASS,696,1100,63.27,B,,115
816102,PASS,936,1100,85.09,A-1,,115
816103,PASS,801,1100,72.82,A,,115
816104,PASS,829,1100,75.36,A,,115
816105,PASS,759,1100,69.0,B,,115
816107,PASS,520,1100,47.27,D,,115
816109,PASS,718,1100,65.27,B,,115
816110,PASS,753,1100,68.45,B,,115
816112,PASS,695,1100,63.18,B,,115
816113,PASS,829,1100,75.36,A,,115
816114,PASS,754,1100,68.55,B,,115
816116,PASS,859,1100,78.09,A,,115
816117,PASS,749,1100,68.09,B,,115
816118,PASS,823,1100,74.82,A,,115
816119,PASS,489,1100,44.45,D,,115
816120,PASS,675,1100,61.36,B,,115
816122,PASS,509,1100,46.27,D,,115
816123,PASS,876,1100,79.64,A,,115
816124,PASS,641,1100,58.27,C,,115
816125,PASS,918,1100,83.45,A-1,,115
816126,PASS,865,1100,78.64,A,,115
816127,PASS,931,1100,84.64,A-1,,115
816128,PASS,805,1100,73.18,A,,115
816129,PASS,875,1100,79.55,A,,115
816130,PASS,639,1100,58.09,C,,115
816131,PASS,829,1100,75.36,A,,115
816133,PASS,705,1100,64.09,B,,115
816134,PASS,778,1100,70.73,A,,115
816135,PASS,729,1100,66.27,B,,115
816136,PASS,629,1100,57.18,C,,115
816137,PASS,811,1100,73.73,A,,115
816138,PASS,883,1100,80.27,A-1,,115
816139,PASS,807,1100,73.36,A,,115
816141,PASS,560,1100,50.91,C,,115
816147,PASS,500,1100,45.45,D,,115
816148,PASS,633,1100,57.55,C,,115
816149,PASS,582,1100,52.91,C,,115
816150,PASS,613,1100,55.73,C,,115
816151,PASS,713,1100,64.82,B,,115
816152,PASS,690,1100,62.73,B,,115
816153,PASS,698,1100,63.45,B,,115
816155,PASS,581,1100,52.82,C,,115
816156,PASS,719,1100,65.36,B,,115
816157,PASS,600,1100,54.55,C,,115
816158,PASS,601,1100,54.64,C,,115
816159,PASS,675,1100,61.36,B,,115
816161,PASS,848,1100,77.09,A,,115
816162,PASS,854,1100,77.64,A,,115
816163,PASS,802,1100,72.91,A,,115
816164,PASS,914,1100,83.09,A-1,,115
816165,PASS,780,1100,70.91,A,,115
816166,PASS,659,1100,59.91,C,,115
816167,PASS,858,1100,78.0,A,,115
816168,PASS,819,1100,74.45,A,,115
816169,PASS,924,1100,84.0,A-1,,115
816171,PASS,732,1100,66.55,B,,115
816172,PASS,625,1100,56.82,C,,115
816173,PASS,840,1100,76.36,A,,115
816175,PASS,758,1100,68.91,B,,115
816176,PASS,818,1100,74.36,A,,115
816178,PASS,800,1100,72.73,A,,115
816179,PASS,922,1100,83.82,A-1,,115
816181,PASS,742,1100,67.45,B,,115
816182,PASS,772,1100,70.18,A,,115
816183,PASS,848,1100,77.09,A,,115
816186,PASS,762,1100,69.27,B,,115
816187,PASS,701,1100,63.73,B,,115
816188,PASS,737,1100,67.0,B,,115
816189,PASS,636,1100,57.82,C,,115
816193,PASS,649,1100,59.0,C,,115
816195,PASS,670,1100,60.91,B,,115
816196,PASS,636,1100,57.82,C,,115
816197,PASS,654,1100,59.45,C,,115
816199,PASS,515,1100,46.82,D,,115
816200,PASS,731,1100,66.45,B,,115
816204,PASS,510,1100,46.36,D,,115
816205,PASS,558,1100,50.73,C,,115
816206,PASS,755,1100,68.64,B,,115
816208,PASS,803,1100,73.0,A,,115
816209,PASS,667,1100,60.64,B,,115
816210,PASS,614,1100,55.82,C,,115
816211,PASS,897,1100,81.55,A-1,,115
816213,PASS,584,1100,53.09,C,,115
816214,PASS,779,1100,70.82,A,,115
816215,PASS,836,1100,76.0,A,,115
816216,PASS,941,1100,85.55,A-1,,115
816217,PASS,900,1100,81.82,A-1,,115
816218,PASS,635,1100,57.73,C,,115
816219,PASS,562,1100,51.09,C,,115
816220,PASS,623,1100,56.64,C,,115
816221,PASS,702,1100,63.82,B,,115
816222,PASS,839,1100,76.27,A,,115
816223,PASS,535,1100,48.64,D,,115
816225,PASS,645,1100,58.64,C,,115
816226,PASS,662,1100,60.18,B,,115
816227,PASS,840,1100,76.36,A,,115
816228,PASS,867,1100,78.82,A,,115
816230,PASS,577,1100,52.45,C,,115
816231,PASS,914,1100,83.09,A-1,,115
816233,PASS,688,1100,62.55,B,,115
816234,PASS,646,1100,58.73,C,,115
816236,PASS,593,1100,53.91,C,,115
816239,PASS,627,1100,57.0,C,,115
816240,PASS,516,1100,46.91,D,,115
816242,PASS,547,1100,49.73,D,,115
816243,PASS,689,1100,62.64,B,,115
816245,PASS,581,1100,52.82,C,,115
816246,PASS,749,1100,68.09,B,,115
816247,PASS,533,1100,48.45,D,,115
816248,PASS,673,1100,61.18,B,,115
816249,PASS,603,1100,54.82,C,,115
816250,PASS,561,1100,51.0,C,,115
816252,PASS,616,1100,56.0,C,,115
816254,PASS,622,1100,56.55,C,,115
816255,PASS,869,1100,79.0,A,,115
816256,PASS,616,1100,56.0,C,,115
816257,PASS,647,1100,58.82,C,,115
816259,PASS,687,1100,62.45,B,,115
816260,PASS,707,1100,64.27,B,,115
816261,PASS,561,1100,51.0,C,,115
816263,PASS,620,1100,56.36,C,,115
816266,PASS,696,1100,63.27,B,,115
816267,PASS,548,1100,49.82,D,,115
816271,PASS,547,1100,49.73,D,,115
816301,PASS,589,1100,53.55,C,,116
816303,WITHHELD — VERIFICATION OF ENROLMENT CARD,,,,,,125
816312,PASS,554,1100,50.36,C,,116
816314,PASS,553,1100,50.27,C,,116
816316,PASS,559,1100,50.82,C,,116
816318,PASS,556,1100,50.55,C,,116
816319,PASS,541,1100,49.18,D,,116
816321,PASS,688,1100,62.55,B,,116
816322,PASS,650,1100,59.09,C,,116
816327,PASS,642,1100,58.36,C,,116
816332,PASS,706,1100,64.18,B,,116
816333,PASS,633,1100,57.55,C,,116
816338,PASS,683,1100,62.09,B,,116
816345,PASS,451,1100,41.0,D,,116
816346,PASS,532,1100,48.36,D,,116
816353,PASS,513,1100,46.64,D,,116
816354,PASS,603,1100,54.82,C,,116
816362,PASS,568,1100,51.64,C,,116
816367,PASS,541,1100,49.18,D,,116
816368,PASS,489,1100,44.45,D,,116
816373,WITHHELD — COMPUTERIZED ENROLMENT CARD,,,,,,124
816374,WITHHELD — COMPUTERIZED ENROLMENT CARD,,,,,,124
816376,WITHHELD — VERIFICATION OF ENROLMENT CARD,,,,,,125
816377,WITHHELD — COMPUTERIZED ENROLMENT CARD,,,,,,124
816401,PASS,649,1100,59.0,C,,116
816404,PASS,830,1100,75.45,A,,116
816409,PASS,578,1100,52.55,C,,116
816410,PASS,598,1100,54.36,C,,116
816411,PASS,679,1100,61.73,B,,116
816417,PASS,519,1100,47.18,D,,117
816423,PASS,725,1100,65.91,B,,116
816426,PASS,501,1100,45.55,D,,117
816428,PASS,560,1100,50.91,C,,116
816429,PASS,535,1100,48.64,D,,117
816435,PASS,490,1100,44.55,D,,117
816440,PASS,740,1100,67.27,B,,116
816448,PASS,628,1100,57.09,C,,116
816454,PASS,558,1100,50.73,C,,116
816462,PASS,481,1100,43.73,D,,117
816463,PASS,658,1100,59.82,C,,116
816468,PASS,602,1100,54.73,C,,116
816470,PASS,666,1100,60.55,B,,116
816471,PASS,636,1100,57.82,C,,116
816472,PASS,600,1100,54.55,C,,116
816473,PASS,511,1100,46.45,D,,117
816474,PASS,524,1100,47.64,D,,117
816480,PASS,461,1100,41.91,D,,117
816485,PASS,554,1100,50.36,C,,116
816488,PASS,480,1100,43.64,D,,117
816494,PASS,488,1100,44.36,D,,117
816496,PASS,481,1100,43.73,D,,117
816509,PASS,547,1100,49.73,D,,116
816512,PASS,671,1100,61.0,B,,116
816514,PASS,479,1100,43.55,D,,117
816518,PASS,499,1100,45.36,D,,117
816525,PASS,651,1100,59.18,C,,116
816601,PASS,789,1100,71.73,A,,117
816603,PASS,696,1100,63.27,B,,117
816604,PASS,822,1100,74.73,A,,117
816606,PASS,670,1100,60.91,B,,117
816607,PASS,597,1100,54.27,C,,118
816608,PASS,832,1100,75.64,A,,117
816609,PASS,587,1100,53.36,C,,118
816610,PASS,725,1100,65.91,B,,117
816611,PASS,835,1100,75.91,A,,117
816612,PASS,650,1100,59.09,C,,118
816613,PASS,681,1100,61.91,B,,117
816614,PASS,505,1100,45.91,D,,118
816615,PASS,813,1100,73.91,A,,117
816616,PASS,847,1100,77.0,A,,117
816617,PASS,747,1100,67.91,B,,117
816618,PASS,811,1100,73.73,A,,117
816619,PASS,749,1100,68.09,B,,117
816621,PASS,722,1100,65.64,B,,117
816622,PASS,908,1100,82.55,A-1,,117
816623,PASS,735,1100,66.82,B,,117
816624,PASS,605,1100,55.0,C,,118
816625,PASS,690,1100,62.73,B,,117
816626,PASS,585,1100,53.18,C,,118
816627,PASS,802,1100,72.91,A,,117
816628,PASS,535,1100,48.64,D,,118
816629,PASS,601,1100,54.64,C,,118
816630,PASS,758,1100,68.91,B,,117
816631,PASS,843,1100,76.64,A,,117
816632,PASS,715,1100,65.0,B,,117
816635,PASS,587,1100,53.36,C,,118
816636,PASS,522,1100,47.45,D,,118
816637,PASS,854,1100,77.64,A,,117
816638,PASS,856,1100,77.82,A,,117
816639,PASS,852,1100,77.45,A,,117
816641,PASS,841,1100,76.45,A,,117
816642,PASS,885,1100,80.45,A-1,,117
816643,PASS,693,1100,63.0,B,,117
816645,PASS,835,1100,75.91,A,,117
816646,PASS,830,1100,75.45,A,,117
816647,PASS,798,1100,72.55,A,,117
816650,PASS,602,1100,54.73,C,,118
816651,PASS,685,1100,62.27,B,,117
816652,PASS,765,1100,69.55,B,,117
816653,PASS,761,1100,69.18,B,,117
816654,PASS,666,1100,60.55,B,,117
816655,PASS,705,1100,64.09,B,,117
816656,PASS,610,1100,55.45,C,,118
816657,PASS,912,1100,82.91,A-1,,117
816658,PASS,727,1100,66.09,B,,117
816659,PASS,777,1100,70.64,A,,117
816660,PASS,764,1100,69.45,B,,117
816661,PASS,617,1100,56.09,C,,118
816662,PASS,682,1100,62.0,B,,117
816663,PASS,672,1100,61.09,B,,117
816664,PASS,769,1100,69.91,B,,117
816665,PASS,704,1100,64.0,B,,117
816666,PASS,773,1100,70.27,A,,117
816667,PASS,595,1100,54.09,C,,118
816669,PASS,555,1100,50.45,C,,118
816670,PASS,761,1100,69.18,B,,117
816671,PASS,618,1100,56.18,C,,118
816672,PASS,828,1100,75.27,A,,117
816673,PASS,537,1100,48.82,D,,118
816674,PASS,823,1100,74.82,A,,117
816675,PASS,781,1100,71.0,A,,117
816676,PASS,773,1100,70.27,A,,117
816678,PASS,698,1100,63.45,B,,117
816679,PASS,740,1100,67.27,B,,117
816680,PASS,834,1100,75.82,A,,117
816681,PASS,697,1100,63.36,B,,117
816682,PASS,690,1100,62.73,B,,117
816683,PASS,586,1100,53.27,C,,118
816684,PASS,861,1100,78.27,A,,117
816685,PASS,888,1100,80.73,A-1,,117
816686,PASS,563,1100,51.18,C,,118
816687,PASS,606,1100,55.09,C,,118
816688,PASS,860,1100,78.18,A,,117
816689,PASS,814,1100,74.0,A,,117
816690,PASS,858,1100,78.0,A,,117
816691,PASS,552,1100,50.18,C,,118
816692,PASS,782,1100,71.09,A,,117
816693,PASS,835,1100,75.91,A,,117
816694,PASS,706,1100,64.18,B,,117
816695,PASS,576,1100,52.36,C,,118
816696,PASS,707,1100,64.27,B,,117
816697,PASS,960,1100,87.27,A-1,,117
816698,PASS,771,1100,70.09,A,,117
816699,PASS,833,1100,75.73,A,,117
816701,PASS,794,1100,72.18,A,,117
816702,PASS,798,1100,72.55,A,,117
816703,PASS,733,1100,66.64,B,,117
816704,PASS,903,1100,82.09,A-1,,117
816705,PASS,676,1100,61.45,B,,117
816706,PASS,759,1100,69.0,B,,117
816707,PASS,814,1100,74.0,A,,117
816709,PASS,567,1100,51.55,C,,118
816710,PASS,727,1100,66.09,B,,117
816711,PASS,780,1100,70.91,A,,117
816712,PASS,693,1100,63.0,B,,117
816713,PASS,763,1100,69.36,B,,117
816714,PASS,527,1100,47.91,D,,118
816715,PASS,542,1100,49.27,D,,118
816716,PASS,545,1100,49.55,D,,118
816717,PASS,879,1100,79.91,A,,117
816718,PASS,685,1100,62.27,B,,117
816719,PASS,840,1100,76.36,A,,117
816721,PASS,623,1100,56.64,C,,118
816722,PASS,539,1100,49.0,D,,118
816723,PASS,826,1100,75.09,A,,117
816724,PASS,927,1100,84.27,A-1,,117
816725,PASS,605,1100,55.0,C,,118
816727,PASS,671,1100,61.0,B,,117
816728,PASS,949,1100,86.27,A-1,,117
816729,PASS,792,1100,72.0,A,,117
816730,PASS,602,1100,54.73,C,,118
816731,PASS,715,1100,65.0,B,,117
816732,PASS,829,1100,75.36,A,,117
816733,PASS,881,1100,80.09,A-1,,117
816734,PASS,883,1100,80.27,A-1,,117
816735,PASS,919,1100,83.55,A-1,,117
816736,PASS,945,1100,85.91,A-1,,117
816737,PASS,673,1100,61.18,B,,117
816738,PASS,685,1100,62.27,B,,117
816739,PASS,826,1100,75.09,A,,117
816740,PASS,650,1100,59.09,C,,118
816741,PASS,659,1100,59.91,C,,118
816742,PASS,542,1100,49.27,D,,118
816743,PASS,880,1100,80.0,A-1,,117
816744,PASS,752,1100,68.36,B,,117
816745,PASS,818,1100,74.36,A,,117
816746,PASS,890,1100,80.91,A-1,,117
816747,PASS,882,1100,80.18,A-1,,117
816748,PASS,535,1100,48.64,D,,118
816749,PASS,631,1100,57.36,C,,118
816750,PASS,788,1100,71.64,A,,117
816751,PASS,960,1100,87.27,A-1,,117
816752,PASS,691,1100,62.82,B,,117
816754,PASS,651,1100,59.18,C,,118
816756,PASS,885,1100,80.45,A-1,,117
816757,PASS,866,1100,78.73,A,,117
816758,PASS,636,1100,57.82,C,,118
816759,PASS,677,1100,61.55,B,,117
816760,PASS,745,1100,67.73,B,,117
816761,PASS,868,1100,78.91,A,,117
816764,PASS,598,1100,54.36,C,,118
816765,PASS,658,1100,59.82,C,,117
816766,PASS,778,1100,70.73,A,,117
816767,PASS,866,1100,78.73,A,,117
816768,PASS,758,1100,68.91,B,,117
816769,PASS,757,1100,68.82,B,,117
816770,PASS,843,1100,76.64,A,,117
816771,PASS,690,1100,62.73,B,,117
816772,PASS,727,1100,66.09,B,,117
816773,PASS,861,1100,78.27,A,,117
816774,PASS,874,1100,79.45,A,,117
816775,PASS,794,1100,72.18,A,,117
816776,PASS,518,1100,47.09,D,,118
816777,PASS,761,1100,69.18,B,,117
816778,PASS,672,1100,61.09,B,,117
816779,PASS,842,1100,76.55,A,,117
816780,PASS,848,1100,77.09,A,,117
816781,PASS,743,1100,67.55,B,,117
816782,PASS,891,1100,81.0,A-1,,117
816783,PASS,646,1100,58.73,C,,118
816784,PASS,595,1100,54.09,C,,118
816785,PASS,872,1100,79.27,A,,117
816786,PASS,853,1100,77.55,A,,117
816787,PASS,783,1100,71.18,A,,117
816788,PASS,609,1100,55.36,C,,118
816789,PASS,914,1100,83.09,A-1,,117
816790,PASS,746,1100,67.82,B,,117
816791,PASS,783,1100,71.18,A,,117
816792,PASS,888,1100,80.73,A-1,,117
816793,PASS,879,1100,79.91,A,,117
816794,PASS,802,1100,72.91,A,,117
816795,PASS,895,1100,81.36,A-1,,117
816796,PASS,817,1100,74.27,A,,117
816798,PASS,811,1100,73.73,A,,117
816800,PASS,962,1100,87.45,A-1,,117
816801,PASS,915,1100,83.18,A-1,,117
816802,PASS,874,1100,79.45,A,,117
816803,PASS,948,1100,86.18,A-1,,117
816804,PASS,823,1100,74.82,A,,117
816807,PASS,731,1100,66.45,B,,117
816809,PASS,739,1100,67.18,B,,117
816810,PASS,629,1100,57.18,C,,118
816811,PASS,830,1100,75.45,A,,117
816812,PASS,796,1100,72.36,A,,117
816813,PASS,860,1100,78.18,A,,117
816814,PASS,747,1100,67.91,B,,117
816815,PASS,947,1100,86.09,A-1,,117
816816,PASS,946,1100,86.0,A-1,,117
816817,PASS,908,1100,82.55,A-1,,117
816818,PASS,690,1100,62.73,B,,118
816819,PASS,898,1100,81.64,A-1,,117
816821,PASS,730,1100,66.36,B,,118
816822,PASS,965,1100,87.73,A-1,,117
816823,PASS,898,1100,81.64,A-1,,117
816824,PASS,518,1100,47.09,D,,118
816825,PASS,638,1100,58.0,C,,118
816827,PASS,660,1100,60.0,B,,118
816829,PASS,980,1100,89.09,A-1,,117
816830,PASS,971,1100,88.27,A-1,,117
816831,PASS,731,1100,66.45,B,,118
816832,PASS,639,1100,58.09,C,,118
816833,PASS,741,1100,67.36,B,,118
816835,PASS,606,1100,55.09,C,,118
816837,PASS,590,1100,53.64,C,,118
816838,PASS,813,1100,73.91,A,,117
816839,PASS,838,1100,76.18,A,,117
816840,PASS,961,1100,87.36,A-1,,117
816841,PASS,551,1100,50.09,C,,118
816842,PASS,786,1100,71.45,A,,117
816861,PASS,643,1100,58.45,C,,51
816872,PASS,828,1100,75.27,A,,51
816873,PASS,600,1100,54.55,C,,51
816874,PASS,713,1100,64.82,B,,51
816875,PASS,726,1100,66.0,B,,51
816878,PASS,808,1100,73.45,A,,51
816879,PASS,650,1100,59.09,C,,51
816881,PASS,557,1100,50.64,C,,52
816892,PASS,677,1100,61.55,B,,52
816893,PASS,755,1100,68.64,B,,52
816895,PASS,717,1100,65.18,B,,52
816896,PASS,823,1100,74.82,A,,52
816897,PASS,845,1100,76.82,A,,52
816898,PASS,845,1100,76.82,A,,52
816902,PASS,800,1100,72.73,A,,118
816903,PASS,692,1100,62.91,B,,118
816904,PASS,803,1100,73.0,A,,118
816905,PASS,864,1100,78.55,A,,118
816906,PASS,862,1100,78.36,A,,118
816907,PASS,895,1100,81.36,A-1,,118
816908,PASS,748,1100,68.0,B,,118
816909,PASS,649,1100,59.0,C,,118
816921,PASS,887,1100,80.64,A-1,,53
816923,PASS,638,1100,58.0,C,,53
816924,PASS,737,1100,67.0,B,,53
816927,PASS,569,1100,51.73,C,,53
816928,PASS,815,1100,74.09,A,,53
816930,PASS,705,1100,64.09,B,,53
816931,PASS,659,1100,59.91,C,,53
816932,PASS,539,1100,49.0,D,,53
816941,PASS,590,1100,53.64,C,,54
816942,PASS,816,1100,74.18,A,,53
816943,PASS,603,1100,54.82,C,,54
816944,PASS,690,1100,62.73,B,,53
816945,PASS,695,1100,63.18,B,,53
816951,PASS,862,1100,78.36,A,,118
816952,PASS,905,1100,82.27,A-1,,118
816953,PASS,918,1100,83.45,A-1,,118
816954,PASS,895,1100,81.36,A-1,,118
816961,PASS,802,1100,72.91,A,,119
816962,PASS,859,1100,78.09,A,,119
816963,PASS,914,1100,83.09,A-1,,119
816964,PASS,670,1100,60.91,B,,120
816965,PASS,922,1100,83.82,A-1,,119
816966,PASS,806,1100,73.27,A,,119
816967,PASS,922,1100,83.82,A-1,,119
816968,PASS,904,1100,82.18,A-1,,119
816969,PASS,851,1100,77.36,A,,119
816970,PASS,694,1100,63.09,B,,120
816971,PASS,909,1100,82.64,A-1,,119
816972,PASS,915,1100,83.18,A-1,,119
816973,PASS,937,1100,85.18,A-1,,119
816974,PASS,692,1100,62.91,B,,120
816975,PASS,957,1100,87.0,A-1,,119
816976,PASS,931,1100,84.64,A-1,,119
816977,PASS,841,1100,76.45,A,,119
816978,PASS,874,1100,79.45,A,,119
816979,PASS,695,1100,63.18,B,,120
816980,PASS,916,1100,83.27,A-1,,119
816981,PASS,753,1100,68.45,B,,120
816982,PASS,656,1100,59.64,C,,120
816983,PASS,964,1100,87.64,A-1,,119
816984,PASS,907,1100,82.45,A-1,,119
816985,PASS,931,1100,84.64,A-1,,119
816986,PASS,805,1100,73.18,A,,119
816987,PASS,942,1100,85.64,A-1,,119
816988,PASS,801,1100,72.82,A,,119
816989,PASS,913,1100,83.0,A-1,,119
816990,PASS,932,1100,84.73,A-1,,119
816991,PASS,933,1100,84.82,A-1,,119
816992,PASS,939,1100,85.36,A-1,,119
816993,PASS,659,1100,59.91,C,,120
816994,PASS,949,1100,86.27,A-1,,119
816995,PASS,938,1100,85.27,A-1,,119
816996,PASS,668,1100,60.73,B,,120
816997,PASS,936,1100,85.09,A-1,,119
816998,PASS,770,1100,70.0,A,,119
816999,PASS,947,1100,86.09,A-1,,119
817000,PASS,832,1100,75.64,A,,119
817001,PASS,777,1100,70.64,A,,119
817002,PASS,847,1100,77.0,A,,119
817003,PASS,970,1100,88.18,A-1,,119
817004,PASS,967,1100,87.91,A-1,,119
817005,PASS,863,1100,78.45,A,,119
817006,PASS,841,1100,76.45,A,,119
817007,PASS,839,1100,76.27,A,,119
817008,PASS,951,1100,86.45,A-1,,119
817009,PASS,542,1100,49.27,D,,120
817010,PASS,709,1100,64.45,B,,120
817011,PASS,752,1100,68.36,B,,120
817012,PASS,724,1100,65.82,B,,120
817013,PASS,828,1100,75.27,A,,119
817014,PASS,886,1100,80.55,A-1,,119
817015,PASS,943,1100,85.73,A-1,,119
817016,PASS,978,1100,88.91,A-1,,119
817017,PASS,909,1100,82.64,A-1,,119
817018,PASS,915,1100,83.18,A-1,,119
817019,PASS,947,1100,86.09,A-1,,119
817020,PASS,867,1100,78.82,A,,119
817021,PASS,836,1100,76.0,A,,119
817022,PASS,774,1100,70.36,A,,119
817023,PASS,791,1100,71.91,A,,119
817024,PASS,857,1100,77.91,A,,119
817025,PASS,685,1100,62.27,B,,120
817026,PASS,915,1100,83.18,A-1,,119
817027,PASS,933,1100,84.82,A-1,,119
817028,PASS,877,1100,79.73,A,,119
817029,PASS,893,1100,81.18,A-1,,119
817030,PASS,901,1100,81.91,A-1,,119
817031,PASS,958,1100,87.09,A-1,,119
817032,PASS,944,1100,85.82,A-1,,119
817033,PASS,799,1100,72.64,A,,119
817034,PASS,791,1100,71.91,A,,119
817035,PASS,929,1100,84.45,A-1,,119
817036,PASS,913,1100,83.0,A-1,,119
817037,PASS,957,1100,87.0,A-1,,119
817038,PASS,776,1100,70.55,A,,119
817039,PASS,950,1100,86.36,A-1,,119
817040,PASS,934,1100,84.91,A-1,,119
817041,PASS,921,1100,83.73,A-1,,119
817042,PASS,951,1100,86.45,A-1,,119
817043,PASS,811,1100,73.73,A,,119
817044,PASS,878,1100,79.82,A,,119
817045,PASS,955,1100,86.82,A-1,,119
817046,PASS,910,1100,82.73,A-1,,119
817047,PASS,934,1100,84.91,A-1,,119
817048,PASS,939,1100,85.36,A-1,,119
817049,PASS,926,1100,84.18,A-1,,119
817050,PASS,830,1100,75.45,A,,119
817051,PASS,753,1100,68.45,B,,120
817052,PASS,794,1100,72.18,A,,119
817053,PASS,798,1100,72.55,A,,119
817054,PASS,814,1100,74.0,A,,119
817055,PASS,823,1100,74.82,A,,119
817056,PASS,561,1100,51.0,C,,120
817057,PASS,847,1100,77.0,A,,119
817058,PASS,856,1100,77.82,A,,119
817059,PASS,718,1100,65.27,B,,120
817060,PASS,616,1100,56.0,C,,120
817061,PASS,632,1100,57.45,C,,120
817062,PASS,630,1100,57.27,C,,120
817063,PASS,741,1100,67.36,B,,120
817064,PASS,888,1100,80.73,A-1,,119
817065,PASS,896,1100,81.45,A-1,,119
817066,PASS,907,1100,82.45,A-1,,119
817067,PASS,833,1100,75.73,A,,119
817068,PASS,853,1100,77.55,A,,119
817069,PASS,750,1100,68.18,B,,120
817070,PASS,866,1100,78.73,A,,119
817071,PASS,813,1100,73.91,A,,119
817072,PASS,925,1100,84.09,A-1,,119
817073,PASS,908,1100,82.55,A-1,,119
817074,PASS,940,1100,85.45,A-1,,119
817075,PASS,979,1100,89.0,A-1,,119
817076,PASS,754,1100,68.55,B,,120
817077,PASS,705,1100,64.09,B,,120
817078,PASS,822,1100,74.73,A,,119
817079,PASS,799,1100,72.64,A,,119
817080,PASS,706,1100,64.18,B,,120
817081,PASS,944,1100,85.82,A-1,,119
817082,PASS,678,1100,61.64,B,,120
817083,PASS,681,1100,61.91,B,,120
817084,PASS,653,1100,59.36,C,,120
817085,PASS,807,1100,73.36,A,,119
817086,PASS,850,1100,77.27,A,,119
817087,PASS,870,1100,79.09,A,,119
817088,PASS,667,1100,60.64,B,,120
817089,PASS,846,1100,76.91,A,,119
817090,PASS,957,1100,87.0,A-1,,119
817091,PASS,968,1100,88.0,A-1,,119
817092,PASS,967,1100,87.91,A-1,,119
817093,PASS,980,1100,89.09,A-1,,119
817094,PASS,909,1100,82.64,A-1,,119
817095,PASS,930,1100,84.55,A-1,,119
817096,PASS,768,1100,69.82,B,,119
817097,PASS,822,1100,74.73,A,,119
817098,PASS,936,1100,85.09,A-1,,119
817099,PASS,977,1100,88.82,A-1,,119
817100,PASS,929,1100,84.45,A-1,,119
817101,PASS,972,1100,88.36,A-1,,119
817102,PASS,710,1100,64.55,B,,120
817103,PASS,812,1100,73.82,A,,119
817104,PASS,890,1100,80.91,A-1,,119
817105,PASS,800,1100,72.73,A,,119
817106,PASS,973,1100,88.45,A-1,,119
817107,PASS,855,1100,77.73,A,,119
817108,PASS,813,1100,73.91,A,,119
817109,PASS,967,1100,87.91,A-1,,119
817110,PASS,962,1100,87.45,A-1,,119
817111,PASS,959,1100,87.18,A-1,,119
817112,PASS,917,1100,83.36,A-1,,119
817113,PASS,900,1100,81.82,A-1,,119
817114,PASS,902,1100,82.0,A-1,,119
817115,PASS,783,1100,71.18,A,,119
817116,PASS,873,1100,79.36,A,,119
817117,PASS,957,1100,87.0,A-1,,119
817118,PASS,957,1100,87.0,A-1,,119
817119,PASS,906,1100,82.36,A-1,,119
817120,PASS,790,1100,71.82,A,,119
817121,PASS,955,1100,86.82,A-1,,119
817122,PASS,979,1100,89.0,A-1,,119
817123,PASS,915,1100,83.18,A-1,,119
817124,PASS,806,1100,73.27,A,,119
817125,PASS,889,1100,80.82,A-1,,119
817126,PASS,877,1100,79.73,A,,119
817127,PASS,885,1100,80.45,A-1,,119
817128,PASS,968,1100,88.0,A-1,,119
817129,PASS,651,1100,59.18,C,,120
817130,PASS,876,1100,79.64,A,,119
817131,PASS,659,1100,59.91,C,,120
817132,PASS,948,1100,86.18,A-1,,119
817133,PASS,892,1100,81.09,A-1,,119
817134,PASS,850,1100,77.27,A,,119
817135,PASS,788,1100,71.64,A,,119
817136,PASS,674,1100,61.27,B,,120
817137,PASS,731,1100,66.45,B,,120
817138,PASS,612,1100,55.64,C,,120
817139,PASS,643,1100,58.45,C,,120
817140,PASS,760,1100,69.09,B,,120
817141,PASS,874,1100,79.45,A,,119
817142,PASS,894,1100,81.27,A-1,,119
817143,PASS,812,1100,73.82,A,,119
817144,PASS,956,1100,86.91,A-1,,119
817145,PASS,868,1100,78.91,A,,119
817146,PASS,770,1100,70.0,A,,119
817147,PASS,666,1100,60.55,B,,120
817148,PASS,900,1100,81.82,A-1,,119
817149,PASS,807,1100,73.36,A,,119
817150,PASS,798,1100,72.55,A,,119
817151,PASS,829,1100,75.36,A,,120
817152,PASS,874,1100,79.45,A,,120
817153,PASS,786,1100,71.45,A,,120
817154,PASS,884,1100,80.36,A-1,,119
817155,PASS,807,1100,73.36,A,,120
817156,PASS,815,1100,74.09,A,,120
817157,PASS,897,1100,81.55,A-1,,119
817158,PASS,928,1100,84.36,A-1,,119
817159,PASS,813,1100,73.91,A,,120
817160,PASS,978,1100,88.91,A-1,,119
817161,PASS,634,1100,57.64,C,,120
817162,PASS,778,1100,70.73,A,,120
817163,PASS,880,1100,80.0,A-1,,119
817164,PASS,901,1100,81.91,A-1,,119
817165,PASS,701,1100,63.73,B,,120
817166,PASS,842,1100,76.55,A,,120
817167,PASS,914,1100,83.09,A-1,,119
817168,PASS,836,1100,76.0,A,,120
817169,PASS,789,1100,71.73,A,,120
817170,PASS,743,1100,67.55,B,,120
817171,PASS,764,1100,69.45,B,,120
817172,PASS,795,1100,72.27,A,,120
817173,PASS,905,1100,82.27,A-1,,119
817174,PASS,860,1100,78.18,A,,120
817175,PASS,825,1100,75.0,A,,120
817176,PASS,802,1100,72.91,A,,120
817177,PASS,790,1100,71.82,A,,120
817178,PASS,925,1100,84.09,A-1,,119
817179,PASS,957,1100,87.0,A-1,,119
817180,PASS,737,1100,67.0,B,,120
817181,PASS,928,1100,84.36,A-1,,119
817182,PASS,580,1100,52.73,C,,120
817183,PASS,796,1100,72.36,A,,120
817184,PASS,760,1100,69.09,B,,120
817185,PASS,896,1100,81.45,A-1,,119
817186,PASS,867,1100,78.82,A,,120
817187,PASS,874,1100,79.45,A,,120
817188,PASS,759,1100,69.0,B,,120
817189,PASS,927,1100,84.27,A-1,,119
817190,PASS,927,1100,84.27,A-1,,119
817191,PASS,871,1100,79.18,A,,120
817192,PASS,890,1100,80.91,A-1,,119
817193,PASS,887,1100,80.64,A-1,,119
817194,PASS,817,1100,74.27,A,,120
817195,PASS,955,1100,86.82,A-1,,119
817196,PASS,984,1100,89.45,A-1,,119
817197,PASS,769,1100,69.91,B,,120
817198,PASS,959,1100,87.18,A-1,,119
817199,PASS,769,1100,69.91,B,,120
817200,PASS,829,1100,75.36,A,,120
817201,PASS,952,1100,86.55,A-1,,119
817202,PASS,899,1100,81.73,A-1,,119
817203,PASS,755,1100,68.64,B,,120
817204,PASS,720,1100,65.45,B,,120
817205,PASS,811,1100,73.73,A,,120
817206,PASS,986,1100,89.64,A-1,,119
817207,PASS,843,1100,76.64,A,,120
817208,PASS,716,1100,65.09,B,,120
817209,PASS,968,1100,88.0,A-1,,119
817210,PASS,959,1100,87.18,A-1,,119
817211,PASS,792,1100,72.0,A,,120
817212,PASS,885,1100,80.45,A-1,,119
817214,PASS,965,1100,87.73,A-1,,119
817215,PASS,737,1100,67.0,B,,120
817216,PASS,905,1100,82.27,A-1,,119
817217,PASS,543,1100,49.36,D,,120
817218,PASS,815,1100,74.09,A,,120
817219,PASS,797,1100,72.45,A,,120
817220,PASS,731,1100,66.45,B,,120
817221,PASS,707,1100,64.27,B,,120
817222,PASS,627,1100,57.0,C,,120
817223,PASS,885,1100,80.45,A-1,,119
817224,PASS,790,1100,71.82,A,,120
817225,PASS,638,1100,58.0,C,,120
817226,PASS,922,1100,83.82,A-1,,119
817228,PASS,901,1100,81.91,A-1,,119
817229,PASS,750,1100,68.18,B,,120
817230,PASS,570,1100,51.82,C,,120
817231,PASS,607,1100,55.18,C,,120
817232,PASS,959,1100,87.18,A-1,,119
817233,PASS,934,1100,84.91,A-1,,119
817234,PASS,921,1100,83.73,A-1,,119
817235,PASS,601,1100,54.64,C,,120
817236,PASS,666,1100,60.55,B,,120
817237,PASS,857,1100,77.91,A,,120
817238,PASS,685,1100,62.27,B,,120
817239,PASS,858,1100,78.0,A,,120
817240,PASS,892,1100,81.09,A-1,,119
817241,PASS,790,1100,71.82,A,,120
817243,PASS,758,1100,68.91,B,,120
817261,PASS,614,1100,55.82,C,,56
817271,PASS,773,1100,70.27,A,,120
817272,PASS,612,1100,55.64,C,,120
817273,PASS,620,1100,56.36,C,,120
817277,PASS,516,1100,46.91,D,,120
817282,PASS,618,1100,56.18,C,,120
817284,PASS,588,1100,53.45,C,,120
817288,PASS,598,1100,54.36,C,,120
817294,PASS,631,1100,57.36,C,,120
817296,PASS,604,1100,54.91,C,,120
817298,PASS,710,1100,64.55,B,,120
817304,PASS,849,1100,77.18,A,,120
817309,PASS,616,1100,56.0,C,,120
817312,PASS,534,1100,48.55,D,,120
817314,WITHHELD — COMPUTERIZED ENROLMENT CARD,,,,,,124
817334,PASS,572,1100,52.0,C,,121
817344,PASS,558,1100,50.73,C,,121
817345,PASS,616,1100,56.0,C,,121
817347,PASS,608,1100,55.27,C,,121
817349,PASS,856,1100,77.82,A,,121
817352,PASS,720,1100,65.45,B,,121
817355,PASS,564,1100,51.27,C,,121
817360,PASS,586,1100,53.27,C,,121
817362,PASS,738,1100,67.09,B,,121
817364,PASS,673,1100,61.18,B,,121
817367,PASS,626,1100,56.91,C,,121
817369,PASS,596,1100,54.18,C,,121
817379,PASS,658,1100,59.82,C,,121
817380,PASS,522,1100,47.45,D,,121
817384,PASS,808,1100,73.45,A,,121
817388,PASS,525,1100,47.73,D,,121
817396,PASS,714,1100,64.91,B,,121
817397,PASS,835,1100,75.91,A,,121
817398,PASS,719,1100,65.36,B,,121
817401,PASS,829,1100,75.36,A,,121
817411,WITHHELD — COMPUTERIZED ENROLMENT CARD,,,,,,124
817427,PASS,594,1100,54.0,C,,121
817462,PASS,556,1100,50.55,C,,121
817464,PASS,575,1100,52.27,C,,121
817465,PASS,662,1100,60.18,B,,121
817471,PASS,872,1100,79.27,A,,121
817481,PASS,637,1100,57.91,C,,122
817482,PASS,705,1100,64.09,B,,122
817483,PASS,634,1100,57.64,C,,122
817485,PASS,931,1100,84.64,A-1,,122
817487,PASS,619,1100,56.27,C,,122
817489,PASS,715,1100,65.0,B,,122
817490,PASS,606,1100,55.09,C,,122
817491,PASS,799,1100,72.64,A,,122
817492,PASS,596,1100,54.18,C,,122
817493,PASS,651,1100,59.18,C,,122
817494,PASS,618,1100,56.18,C,,122
817495,PASS,624,1100,56.73,C,,122
817496,PASS,592,1100,53.82,C,,122
817498,PASS,613,1100,55.73,C,,122
817499,PASS,575,1100,52.27,C,,122
817500,PASS,606,1100,55.09,C,,122
817502,PASS,718,1100,65.27,B,,122
817503,PASS,663,1100,60.27,B,,122
817505,PASS,577,1100,52.45,C,,122
817507,PASS,755,1100,68.64,B,,122
817508,PASS,577,1100,52.45,C,,122
817509,PASS,753,1100,68.45,B,,122
817511,PASS,706,1100,64.18,B,,122
817512,PASS,543,1100,49.36,D,,122
817514,PASS,707,1100,64.27,B,,122
817515,PASS,721,1100,65.55,B,,122
817516,PASS,678,1100,61.64,B,,122
817517,PASS,743,1100,67.55,B,,122
817518,PASS,764,1100,69.45,B,,122
817519,PASS,727,1100,66.09,B,,122
817520,PASS,958,1100,87.09,A-1,,122
817522,PASS,629,1100,57.18,C,,122
817523,PASS,762,1100,69.27,B,,122
817524,PASS,683,1100,62.09,B,,122
817527,PASS,534,1100,48.55,D,,122
817528,PASS,778,1100,70.73,A,,122
817529,PASS,722,1100,65.64,B,,122
817530,PASS,732,1100,66.55,B,,122
817533,PASS,586,1100,53.27,C,,122
817534,PASS,580,1100,52.73,C,,122
817535,PASS,623,1100,56.64,C,,122
817536,PASS,553,1100,50.27,C,,122
817537,PASS,513,1100,46.64,D,,122
817538,PASS,600,1100,54.55,C,,122
817539,PASS,739,1100,67.18,B,,122
817540,PASS,715,1100,65.0,B,,122
817541,PASS,835,1100,75.91,A,,122
817542,PASS,759,1100,69.0,B,,122
817543,PASS,686,1100,62.36,B,,122
817545,PASS,839,1100,76.27,A,,122
817546,PASS,662,1100,60.18,B,,122
817547,PASS,744,1100,67.64,B,,122
817548,PASS,889,1100,80.82,A-1,,122
817549,PASS,572,1100,52.0,C,,122
817550,PASS,624,1100,56.73,C,,122
817551,PASS,722,1100,65.64,B,,122
817552,PASS,746,1100,67.82,B,,122
817555,PASS,646,1100,58.73,C,,122
817556,PASS,655,1100,59.55,C,,122
817557,PASS,629,1100,57.18,C,,122
817558,PASS,731,1100,66.45,B,,122
817559,PASS,657,1100,59.73,C,,122
817561,PASS,845,1100,76.82,A,,122
817562,PASS,743,1100,67.55,B,,122
817563,PASS,693,1100,63.0,B,,122
817564,PASS,945,1100,85.91,A-1,,122
817572,PASS,806,1100,73.27,A,,122
817576,PASS,561,1100,51.0,C,,122
817580,PASS,563,1100,51.18,C,,122
817581,PASS,594,1100,54.0,C,,122
817590,PASS,601,1100,54.64,C,,122
817591,PASS,503,1100,45.73,D,,122
817594,PASS,664,1100,60.36,B,,122
817602,PASS,713,1100,64.82,B,,122
817604,PASS,710,1100,64.55,B,,122
817607,PASS,651,1100,59.18,C,,122
817610,WITHHELD — COMPUTERIZED ENROLMENT CARD,,,,,,124
817619,PASS,455,1100,41.36,D,,122
817671,PASS,567,1100,51.55,C,,123
817674,PASS,624,1100,56.73,C,,123
817677,PASS,634,1100,57.64,C,,123
817681,PASS,866,1100,78.73,A,,59
817682,PASS,718,1100,65.27,B,,59
817683,PASS,832,1100,75.64,A,,59
817684,PASS,658,1100,59.82,C,,59
817685,PASS,976,1100,88.73,A-1,,59
817686,PASS,629,1100,57.18,C,,60
817691,PASS,779,1100,70.82,A,,60
817692,PASS,681,1100,61.91,B,,60
817693,PASS,789,1100,71.73,A,,60
817694,PASS,746,1100,67.82,B,,60
817695,PASS,756,1100,68.73,B,,60
817696,PASS,777,1100,70.64,A,,60
817697,PASS,917,1100,83.36,A-1,,60
817698,PASS,829,1100,75.36,A,,60
817699,PASS,698,1100,63.45,B,,60
817700,PASS,829,1100,75.36,A,,60
817701,PASS,713,1100,64.82,B,,60
817702,PASS,712,1100,64.73,B,,60
817703,PASS,748,1100,68.0,B,,60
817704,PASS,631,1100,57.36,C,,60
817705,PASS,728,1100,66.18,B,,60
817711,PASS,725,1100,65.91,B,,62
817712,PASS,734,1100,66.73,B,,62
817713,PASS,953,1100,86.64,A-1,,62
817714,PASS,916,1100,83.27,A-1,,62
817715,PASS,817,1100,74.27,A,,62
817716,PASS,548,1100,49.82,D,,63
817717,PASS,746,1100,67.82,B,,62
817721,PASS,765,1100,69.55,B,,123
817722,PASS,740,1100,67.27,B,,123
817723,PASS,852,1100,77.45,A,,123
817724,PASS,902,1100,82.0,A-1,,123
817725,PASS,834,1100,75.82,A,,123
817726,PASS,870,1100,79.09,A,,123
817727,PASS,906,1100,82.36,A-1,,123
817728,PASS,905,1100,82.27,A-1,,123
817729,PASS,906,1100,82.36,A-1,,123
817730,PASS,906,1100,82.36,A-1,,123
817731,PASS,886,1100,80.55,A-1,,123
817732,PASS,875,1100,79.55,A,,123
817733,PASS,679,1100,61.73,B,,123
817734,PASS,708,1100,64.36,B,,123
817735,PASS,980,1100,89.09,A-1,,123
817736,PASS,787,1100,71.55,A,,123
817737,PASS,735,1100,66.82,B,,123
817738,PASS,699,1100,63.55,B,,123
817741,PASS,700,1100,63.64,B,,60
817742,PASS,613,1100,55.73,C,,60
817751,PASS,820,1100,74.55,A,,61
817752,PASS,547,1100,49.73,D,,61
817753,PASS,899,1100,81.73,A-1,,61
817754,PASS,951,1100,86.45,A-1,,61
817755,PASS,926,1100,84.18,A-1,,61
817756,PASS,898,1100,81.64,A-1,,61
817757,PASS,771,1100,70.09,A,,61
817758,PASS,697,1100,63.36,B,,61
817759,PASS,933,1100,84.82,A-1,,61
817760,PASS,615,1100,55.91,C,,61
817761,PASS,856,1100,77.82,A,,61
817762,PASS,731,1100,66.45,B,,61
817763,PASS,919,1100,83.55,A-1,,61
817764,PASS,954,1100,86.73,A-1,,61
817765,PASS,926,1100,84.18,A-1,,61
817766,PASS,766,1100,69.64,B,,61
817767,PASS,823,1100,74.82,A,,61
817768,PASS,735,1100,66.82,B,,61
817771,PASS,714,1100,64.91,B,,61
817772,PASS,705,1100,64.09,B,,61
817774,PASS,533,1100,48.45,D,,62
817775,PASS,589,1100,53.55,C,,62
817776,PASS,582,1100,52.91,C,,62
817777,PASS,578,1100,52.55,C,,62
817778,PASS,925,1100,84.09,A-1,,61
817781,PASS,719,1100,65.36,B,,62
817791,PASS,501,1100,45.55,D,,123
817792,PASS,541,1100,49.18,D,,123
817794,PASS,649,1100,59.0,C,,123
817795,PASS,648,1100,58.91,C,,123
817796,PASS,631,1100,57.36,C,,123
817797,PASS,694,1100,63.09,B,,123
817798,PASS,700,1100,63.64,B,,123
817799,PASS,611,1100,55.55,C,,123
817800,PASS,667,1100,60.64,B,,123
817801,PASS,628,1100,57.09,C,,124
817802,PASS,709,1100,64.45,B,,124
817803,PASS,833,1100,75.73,A,,124
817804,PASS,646,1100,58.73,C,,124
817805,PASS,710,1100,64.55,B,,124
817806,PASS,745,1100,67.73,B,,124
817807,PASS,768,1100,69.82,B,,124
817811,PASS,693,1100,63.0,B,,124
817812,PASS,882,1100,80.18,A-1,,124
817813,PASS,683,1100,62.09,B,,124
817816,PASS,621,1100,56.45,C,,124
817817,PASS,487,1100,44.27,D,,124
817818,PASS,724,1100,65.82,B,,124
817819,PASS,668,1100,60.73,B,,124
817821,PASS,505,1100,45.91,D,,124
817822,PASS,549,1100,49.91,D,,124
817823,PASS,653,1100,59.36,C,,124
817824,PASS,562,1100,51.09,C,,124
817825,PASS,470,1100,42.73,D,,124
817826,PASS,503,1100,45.73,D,,124
817827,PASS,458,1100,41.64,D,,124
817828,PASS,533,1100,48.45,D,,124
817829,PASS,538,1100,48.91,D,,124
817830,PASS,602,1100,54.73,C,,124
817831,PASS,669,1100,60.82,B,,124
817832,PASS,748,1100,68.0,B,,124
817833,PASS,494,1100,44.91,D,,124
817840,PASS,554,1100,50.36,C,,124
817842,PASS,628,1100,57.09,C,,124
817845,PASS,587,1100,53.36,C,,124
817846,PASS,675,1100,61.36,B,,124
817848,PASS,643,1100,58.45,C,,124
817849,PASS,698,1100,63.45,B,,124
817851,PASS,562,1100,51.09,C,,124
817852,PASS,566,1100,51.45,C,,124
817853,PASS,697,1100,63.36,B,,124
817854,PASS,787,1100,71.55,A,,124
817859,PASS,551,1100,50.09,C,,124
817861,PASS,575,1100,52.27,C,,124
817868,PASS,663,1100,60.27,B,,124
817870,PASS,598,1100,54.36,C,,124
817871,PASS,529,1100,48.09,D,,124
817872,PASS,506,1100,46.0,D,,124
817873,PASS,708,1100,64.36,B,,124
817874,PASS,535,1100,48.64,D,,124
817875,PASS,617,1100,56.09,C,,124
817876,PASS,592,1100,53.82,C,,124
817878,PASS,777,1100,70.64,A,,124
817879,PASS,638,1100,58.0,C,,124
817880,PASS,596,1100,54.18,C,,124
817881,PASS,567,1100,51.55,C,,124
817882,PASS,530,1100,48.18,D,,124
817884,PASS,559,1100,50.82,C,,124
817887,PASS,565,1100,51.36,C,,124
817888,PASS,557,1100,50.64,C,,124
817889,PASS,624,1100,56.73,C,,124
817890,PASS,530,1100,48.18,D,,124
817891,PASS,739,1100,67.18,B,,124
817899,PASS,451,1100,41.0,D,,124
817900,PASS,515,1100,46.82,D,,124
817902,PASS,620,1100,56.36,C,,124
817912,PASS,503,1100,45.73,D,,124
817915,PASS,658,1100,59.82,C,,124
817916,PASS,570,1100,51.82,C,,124
817917,PASS,825,1100,75.0,A,,124
817926,PASS,568,1100,51.64,C,,124
817927,PASS,616,1100,56.0,C,,124
817928,PASS,534,1100,48.55,D,,124
817930,PASS,557,1100,50.64,C,,124
817933,PASS,625,1100,56.82,C,,124
817934,PASS,544,1100,49.45,D,,124
817935,PASS,817,1100,74.27,A,,124
817936,PASS,507,1100,46.09,D,,124
817939,PASS,474,1100,43.09,D,,124
817940,PASS,600,1100,54.55,C,,124
817942,PASS,529,1100,48.09,D,,124
817943,PASS,564,1100,51.27,C,,124
817953,PASS,541,1100,49.18,D,,124
817954,PASS,639,1100,58.09,C,,124
817956,PASS,630,1100,57.27,C,,124
817964,PASS,536,1100,48.73,D,,124
817965,PASS,618,1100,56.18,C,,124
817966,PASS,687,1100,62.45,B,,124
817967,PASS,537,1100,48.82,D,,124
817969,PASS,613,1100,55.73,C,,124
817977,PASS,604,1100,54.91,C,,124
817979,PASS,511,1100,46.45,D,,124
817980,PASS,611,1100,55.55,C,,124
817987,PASS,548,1100,49.82,D,,124
817988,PASS,560,1100,50.91,C,,124
817992,PASS,513,1100,46.64,D,,124
818009,PASS,591,1100,53.73,C,,124
818010,PASS,513,1100,46.64,D,,124
818017,WITHHELD — VERIFICATION OF ENROLMENT CARD,,,,,,125
818080,WITHHELD — COMPUTERIZED ENROLMENT CARD,,,,,,124
818083,PASS,685,1100,62.27,B,,125
818086,PASS,706,1100,64.18,B,,125
818087,PASS,567,1100,51.55,C,,125
818088,PASS,558,1100,50.73,C,,125
818089,PASS,656,1100,59.64,C,,125
818090,WITHHELD — COMPUTERIZED ENROLMENT CARD,,,,,,124
818091,PASS,524,1100,47.64,D,,125
818092,WITHHELD — COMPUTERIZED ENROLMENT CARD,,,,,,124
818097,PASS,611,1100,55.55,C,,125
818098,WITHHELD — COMPUTERIZED ENROLMENT CARD,,,,,,124
818117,PASS,477,1100,43.36,D,,125
818118,PASS,443,1100,40.27,D,,125
818120,PASS,794,1100,72.18,A,,125
818123,PASS,465,1100,42.27,D,,125
818128,PASS,584,1100,53.09,C,,125
818132,PASS,485,1100,44.09,D,,125
818133,PASS,572,1100,52.0,C,,125
818135,PASS,500,1100,45.45,D,,125
818142,PASS,539,1100,49.0,D,,125
818156,PASS,596,1100,54.18,C,,125
818161,PASS,750,1100,68.18,B,,125
818167,PASS,494,1100,44.91,D,,125
818177,PASS,580,1100,52.73,C,,125
818184,PASS,533,1100,48.45,D,,125
818190,PASS,742,1100,67.45,B,,125
818193,PASS,547,1100,49.73,D,,125
818194,PASS,543,1100,49.36,D,,125
818195,PASS,529,1100,48.09,D,,125
818205,PASS,462,1100,42.0,D,,125
818207,PASS,531,1100,48.27,D,,125
818208,PASS,603,1100,54.82,C,,125
818210,PASS,476,1100,43.27,D,,125
818215,PASS,485,1100,44.09,D,,125
818231,WITHHELD — COMPUTERIZED ENROLMENT CARD,,,,,,124
818232,PASS,557,1100,50.64,C,,125
818271,PASS,578,1100,52.55,C,,126
818274,PASS,752,1100,68.36,B,,126
818276,PASS,625,1100,56.82,C,,126
818279,PASS,932,1100,84.73,A-1,,126
818280,PASS,563,1100,51.18,C,,126
818281,PASS,505,1100,45.91,D,,126
818283,PASS,609,1100,55.36,C,,126
818285,PASS,595,1100,54.09,C,,126
818288,PASS,541,1100,49.18,D,,126
818290,PASS,644,1100,58.55,C,,126
818292,PASS,650,1100,59.09,C,,126
818297,PASS,729,1100,66.27,B,,126
818298,PASS,597,1100,54.27,C,,126
818300,PASS,521,1100,47.36,D,,126
818301,PASS,580,1100,52.73,C,,126
818302,PASS,713,1100,64.82,B,,126
818303,PASS,574,1100,52.18,C,,126
818304,PASS,502,1100,45.64,D,,126
818305,PASS,724,1100,65.82,B,,126
818307,PASS,541,1100,49.18,D,,126
818308,PASS,535,1100,48.64,D,,126
818312,PASS,583,1100,53.0,C,,126
818313,PASS,564,1100,51.27,C,,126
818321,PASS,478,1100,43.45,D,,126
818326,PASS,577,1100,52.45,C,,126
818328,WITHHELD — VERIFICATION OF ENROLMENT CARD,,,,,,125
818329,WITHHELD — VERIFICATION OF ENROLMENT CARD,,,,,,125
818333,WITHHELD — VERIFICATION OF ENROLMENT CARD,,,,,,125
818334,WITHHELD — VERIFICATION OF ENROLMENT CARD,,,,,,125
818363,PASS,888,1100,80.73,A-1,,126
818364,PASS,587,1100,53.36,C,,126
818365,PASS,626,1100,56.91,C,,126
818372,PASS,713,1100,64.82,B,,126
818375,PASS,747,1100,67.91,B,,126
818379,PASS,574,1100,52.18,C,,126
818382,PASS,554,1100,50.36,C,,126
818383,PASS,796,1100,72.36,A,,126
818387,PASS,571,1100,51.91,C,,126
818388,PASS,792,1100,72.0,A,,126
818411,PASS,852,1100,77.45,A,,126
818412,PASS,802,1100,72.91,A,,126
818413,PASS,737,1100,67.0,B,,126
818421,PASS,742,1100,67.45,B,,66
818422,PASS,853,1100,77.55,A,,66
818423,PASS,685,1100,62.27,B,,66
818431,PASS,628,1100,57.09,C,,127
818432,PASS,858,1100,78.0,A,,127
818433,PASS,873,1100,79.36,A,,127
818435,PASS,940,1100,85.45,A-1,,127
818436,PASS,817,1100,74.27,A,,127
818437,PASS,869,1100,79.0,A,,127
818438,PASS,859,1100,78.09,A,,127
818439,PASS,842,1100,76.55,A,,127
818440,PASS,803,1100,73.0,A,,127
818441,PASS,886,1100,80.55,A-1,,127
818442,PASS,830,1100,75.45,A,,127
818443,PASS,736,1100,66.91,B,,127
818444,PASS,639,1100,58.09,C,,127
818445,PASS,762,1100,69.27,B,,127
818451,PASS,952,1100,86.55,A-1,,127
818452,PASS,814,1100,74.0,A,,127
818453,PASS,904,1100,82.18,A-1,,127
818454,PASS,650,1100,59.09,C,,127
818455,PASS,883,1100,80.27,A-1,,127
818456,PASS,740,1100,67.27,B,,127
818457,PASS,589,1100,53.55,C,,127
818458,PASS,899,1100,81.73,A-1,,127
818459,PASS,932,1100,84.73,A-1,,127
818460,PASS,891,1100,81.0,A-1,,127
818461,PASS,789,1100,71.73,A,,127
818462,PASS,803,1100,73.0,A,,127
818463,PASS,830,1100,75.45,A,,127
818465,PASS,920,1100,83.64,A-1,,127
818466,PASS,728,1100,66.18,B,,127
818467,PASS,802,1100,72.91,A,,127
818468,PASS,741,1100,67.36,B,,127
818469,PASS,842,1100,76.55,A,,127
818470,PASS,732,1100,66.55,B,,127
818471,PASS,742,1100,67.45,B,,127
818472,PASS,754,1100,68.55,B,,127
818473,PASS,774,1100,70.36,A,,127
818474,PASS,832,1100,75.64,A,,127
818475,PASS,865,1100,78.64,A,,127
818476,PASS,771,1100,70.09,A,,127
818477,PASS,748,1100,68.0,B,,127
818478,PASS,723,1100,65.73,B,,127
818479,PASS,894,1100,81.27,A-1,,127
818480,PASS,869,1100,79.0,A,,127
818482,PASS,728,1100,66.18,B,,127
818483,PASS,649,1100,59.0,C,,127
818484,PASS,749,1100,68.09,B,,127
818485,PASS,841,1100,76.45,A,,127
818486,PASS,845,1100,76.82,A,,127
818487,PASS,657,1100,59.73,C,,127
818488,PASS,848,1100,77.09,A,,127
818489,PASS,699,1100,63.55,B,,127
818490,PASS,901,1100,81.91,A-1,,127
818491,PASS,891,1100,81.0,A-1,,127
818492,PASS,970,1100,88.18,A-1,,127
818493,PASS,763,1100,69.36,B,,127
818494,PASS,911,1100,82.82,A-1,,127
818495,PASS,606,1100,55.09,C,,127
818496,PASS,919,1100,83.55,A-1,,127
818497,PASS,553,1100,50.27,C,,127
818498,PASS,663,1100,60.27,B,,127
818499,PASS,830,1100,75.45,A,,127
818500,PASS,821,1100,74.64,A,,127
818501,PASS,666,1100,60.55,B,,127
818502,PASS,693,1100,63.0,B,,127
818503,PASS,759,1100,69.0,B,,127
818504,PASS,784,1100,71.27,A,,127
818505,PASS,719,1100,65.36,B,,127
818506,PASS,838,1100,76.18,A,,127
818507,PASS,737,1100,67.0,B,,127
818508,PASS,873,1100,79.36,A,,127
818510,PASS,658,1100,59.82,C,,127
818511,PASS,684,1100,62.18,B,,127
818512,PASS,732,1100,66.55,B,,127
818513,PASS,647,1100,58.82,C,,127
818514,PASS,702,1100,63.82,B,,127
818515,PASS,1001,1100,91.0,A-1,,127
818516,PASS,754,1100,68.55,B,,127
818517,PASS,899,1100,81.73,A-1,,127
818518,PASS,614,1100,55.82,C,,127
818519,PASS,808,1100,73.45,A,,127
818520,PASS,827,1100,75.18,A,,127
818521,PASS,848,1100,77.09,A,,127
818522,PASS,851,1100,77.36,A,,127
818523,PASS,904,1100,82.18,A-1,,127
818524,PASS,706,1100,64.18,B,,127
818525,PASS,919,1100,83.55,A-1,,127
818526,PASS,908,1100,82.55,A-1,,127
818527,PASS,852,1100,77.45,A,,127
818528,PASS,667,1100,60.64,B,,127
818529,PASS,1002,1100,91.09,A-1,,127
818530,PASS,779,1100,70.82,A,,127
818531,PASS,819,1100,74.45,A,,127
818532,PASS,773,1100,70.27,A,,127
818533,PASS,653,1100,59.36,C,,127
818534,PASS,893,1100,81.18,A-1,,127
818535,PASS,628,1100,57.09,C,,127
818551,PASS,582,1100,52.91,C,,68
818552,PASS,626,1100,56.91,C,,68
818561,PASS,584,1100,53.09,C,,128
818567,PASS,588,1100,53.45,C,,128
818568,PASS,552,1100,50.18,C,,128
818569,PASS,825,1100,75.0,A,,128
818570,WITHHELD — COMPUTERIZED ENROLMENT CARD,,,,,,124
818581,PASS,786,1100,71.45,A,,128
818582,PASS,606,1100,55.09,C,,128
818583,PASS,554,1100,50.36,C,,128
818584,PASS,790,1100,71.82,A,,128
818585,PASS,726,1100,66.0,B,,128
818586,PASS,634,1100,57.64,C,,128
818587,PASS,571,1100,51.91,C,,128
818588,PASS,759,1100,69.0,B,,128
818595,PASS,589,1100,53.55,C,,129
818596,WITHHELD — VERIFICATION OF ENROLMENT CARD,,,,,,125
818601,PASS,587,1100,53.36,C,,129
818602,PASS,540,1100,49.09,D,,129
818606,PASS,617,1100,56.09,C,,129
818613,WITHHELD — COMPUTERIZED ENROLMENT CARD,,,,,,124
818631,PASS,625,1100,56.82,C,,69
818632,PASS,625,1100,56.82,C,,69
818641,WITHHELD — COMPUTERIZED ENROLMENT CARD,,,,,,124
818661,PASS,882,1100,80.18,A-1,,70
818662,PASS,641,1100,58.27,C,,70
818663,PASS,508,1100,46.18,D,,70
818664,PASS,887,1100,80.64,A-1,,70
818665,PASS,562,1100,51.09,C,,70
818666,PASS,676,1100,61.45,B,,70
818667,PASS,692,1100,62.91,B,,70
818668,PASS,953,1100,86.64,A-1,,70
818669,PASS,722,1100,65.64,B,,70
818670,PASS,739,1100,67.18,B,,70
818671,PASS,617,1100,56.09,C,,70
818672,PASS,568,1100,51.64,C,,70
818675,PASS,539,1100,49.0,D,,70
818676,PASS,561,1100,51.0,C,,70
818677,PASS,932,1100,84.73,A-1,,70
818678,PASS,676,1100,61.45,B,,70
818711,PASS,604,1100,54.91,C,,72
818712,PASS,798,1100,72.55,A,,71
818713,PASS,583,1100,53.0,C,,72
818723,PASS,586,1100,53.27,C,,72
818724,PASS,724,1100,65.82,B,,72
818725,PASS,521,1100,47.36,D,,72
818726,PASS,626,1100,56.91,C,,72
818728,PASS,842,1100,76.55,A,,72
818729,PASS,685,1100,62.27,B,,72
818730,PASS,662,1100,60.18,B,,72
818734,PASS,626,1100,56.91,C,,72
818735,PASS,604,1100,54.91,C,,72
818736,PASS,644,1100,58.55,C,,72
818737,PASS,678,1100,61.64,B,,72
818738,PASS,584,1100,53.09,C,,72
818739,PASS,621,1100,56.45,C,,72
818741,PASS,662,1100,60.18,B,,72
818743,WITHHELD — COMPUTERIZED ENROLMENT CARD,,,,,,124
818751,PASS,725,1100,65.91,B,,73
818752,PASS,741,1100,67.36,B,,73
818753,PASS,622,1100,56.55,C,,73
818754,PASS,815,1100,74.09,A,,73
818755,PASS,831,1100,75.55,A,,73
818757,PASS,693,1100,63.0,B,,73
818758,PASS,637,1100,57.91,C,,73
818761,PASS,913,1100,83.0,A-1,,73
818762,PASS,755,1100,68.64,B,,74
818763,PASS,936,1100,85.09,A-1,,73
818764,PASS,906,1100,82.36,A-1,,73
818765,PASS,812,1100,73.82,A,,73
818766,PASS,888,1100,80.73,A-1,,73
818767,PASS,919,1100,83.55,A-1,,73
818768,PASS,682,1100,62.0,B,,74
818769,PASS,760,1100,69.09,B,,74
818770,PASS,749,1100,68.09,B,,74
818771,PASS,761,1100,69.18,B,,74
818772,PASS,787,1100,71.55,A,,73
818773,PASS,749,1100,68.09,B,,74
818774,PASS,808,1100,73.45,A,,73
818775,PASS,798,1100,72.55,A,,73
818776,PASS,705,1100,64.09,B,,74
818777,PASS,627,1100,57.0,C,,74
818778,PASS,857,1100,77.91,A,,73
818779,PASS,647,1100,58.82,C,,74
818780,PASS,703,1100,63.91,B,,74
818781,PASS,783,1100,71.18,A,,73
818782,PASS,644,1100,58.55,C,,74
818783,PASS,603,1100,54.82,C,,74
818784,PASS,667,1100,60.64,B,,74
818785,PASS,684,1100,62.18,B,,74
818786,PASS,669,1100,60.82,B,,74
818787,PASS,619,1100,56.27,C,,74
818788,PASS,560,1100,50.91,C,,74
818789,PASS,802,1100,72.91,A,,73
818790,PASS,942,1100,85.64,A-1,,73
818791,PASS,643,1100,58.45,C,,74
818792,PASS,846,1100,76.91,A,,73
818793,PASS,937,1100,85.18,A-1,,73
818794,PASS,918,1100,83.45,A-1,,73
818795,PASS,775,1100,70.45,A,,73
818796,PASS,782,1100,71.09,A,,73
818797,PASS,794,1100,72.18,A,,73
818798,PASS,716,1100,65.09,B,,74
818799,PASS,818,1100,74.36,A,,73
818800,PASS,866,1100,78.73,A,,73
818801,PASS,775,1100,70.45,A,,73
818802,PASS,741,1100,67.36,B,,74
818803,PASS,771,1100,70.09,A,,73
818804,PASS,667,1100,60.64,B,,74
818805,PASS,839,1100,76.27,A,,73
818806,PASS,854,1100,77.64,A,,73
818807,PASS,765,1100,69.55,B,,73
818808,PASS,753,1100,68.45,B,,74
818809,PASS,904,1100,82.18,A-1,,73
818810,PASS,827,1100,75.18,A,,73
818811,PASS,765,1100,69.55,B,,73
818812,PASS,813,1100,73.91,A,,73
818822,PASS,511,1100,46.45,D,,74
818831,PASS,726,1100,66.0,B,,74
818832,PASS,829,1100,75.36,A,,74
818841,PASS,634,1100,57.64,C,,76
818842,PASS,701,1100,63.73,B,,76
818843,PASS,823,1100,74.82,A,,75
818844,PASS,784,1100,71.27,A,,75
818845,PASS,715,1100,65.0,B,,76
818846,PASS,681,1100,61.91,B,,76
818847,PASS,862,1100,78.36,A,,75
818848,PASS,858,1100,78.0,A,,75
818849,PASS,570,1100,51.82,C,,76
818850,PASS,704,1100,64.0,B,,76
818851,PASS,605,1100,55.0,C,,76
818852,PASS,614,1100,55.82,C,,76
818853,PASS,547,1100,49.73,D,,76
818854,PASS,693,1100,63.0,B,,76
818855,PASS,687,1100,62.45,B,,76
818857,PASS,794,1100,72.18,A,,75
818858,PASS,752,1100,68.36,B,,76
818859,PASS,904,1100,82.18,A-1,,75
818860,PASS,730,1100,66.36,B,,76
818862,PASS,702,1100,63.82,B,,76
818863,PASS,807,1100,73.36,A,,75
818864,PASS,683,1100,62.09,B,,76
818865,PASS,889,1100,80.82,A-1,,75
818866,PASS,575,1100,52.27,C,,76
818867,PASS,797,1100,72.45,A,,75
818868,PASS,617,1100,56.09,C,,76
818870,PASS,921,1100,83.73,A-1,,75
818871,PASS,821,1100,74.64,A,,75
818872,PASS,635,1100,57.73,C,,76
818873,PASS,789,1100,71.73,A,,75
818874,PASS,764,1100,69.45,B,,76
818875,PASS,913,1100,83.0,A-1,,75
818876,PASS,692,1100,62.91,B,,76
818877,PASS,752,1100,68.36,B,,76
818878,PASS,824,1100,74.91,A,,75
818879,PASS,787,1100,71.55,A,,75
818880,PASS,677,1100,61.55,B,,76
818881,PASS,897,1100,81.55,A-1,,75
818882,PASS,906,1100,82.36,A-1,,75
818883,PASS,921,1100,83.73,A-1,,75
818884,PASS,801,1100,72.82,A,,75
818885,PASS,864,1100,78.55,A,,75
818887,PASS,783,1100,71.18,A,,75
818888,PASS,801,1100,72.82,A,,75
818889,PASS,638,1100,58.0,C,,76
818890,PASS,796,1100,72.36,A,,75
818892,PASS,801,1100,72.82,A,,75
818893,PASS,707,1100,64.27,B,,76
818894,PASS,718,1100,65.27,B,,76
818895,PASS,881,1100,80.09,A-1,,75
818896,PASS,637,1100,57.91,C,,76
818897,PASS,735,1100,66.82,B,,76
818898,PASS,913,1100,83.0,A-1,,75
818899,PASS,825,1100,75.0,A,,75
818900,PASS,637,1100,57.91,C,,76
818911,PASS,750,1100,68.18,B,,77
818912,PASS,708,1100,64.36,B,,77
818914,PASS,624,1100,56.73,C,,77
818916,PASS,756,1100,68.73,B,,77
818917,PASS,542,1100,49.27,D,,78
818918,PASS,823,1100,74.82,A,,76
818919,PASS,828,1100,75.27,A,,76
818920,PASS,633,1100,57.55,C,,77
818921,PASS,747,1100,67.91,B,,77
818922,PASS,775,1100,70.45,A,,76
818923,PASS,799,1100,72.64,A,,76
818924,PASS,955,1100,86.82,A-1,,76
818925,PASS,739,1100,67.18,B,,77
818926,PASS,774,1100,70.36,A,,76
818927,PASS,915,1100,83.18,A-1,,76
818928,PASS,954,1100,86.73,A-1,,76
818929,PASS,706,1100,64.18,B,,77
818930,PASS,790,1100,71.82,A,,76
818931,PASS,881,1100,80.09,A-1,,76
818935,PASS,600,1100,54.55,C,,77
818936,PASS,869,1100,79.0,A,,76
818937,PASS,803,1100,73.0,A,,76
818938,PASS,839,1100,76.27,A,,76
818939,PASS,829,1100,75.36,A,,76
818941,PASS,820,1100,74.55,A,,76
818943,PASS,870,1100,79.09,A,,76
818944,PASS,796,1100,72.36,A,,76
818945,PASS,820,1100,74.55,A,,76
818946,PASS,814,1100,74.0,A,,76
818947,PASS,761,1100,69.18,B,,77
818948,PASS,878,1100,79.82,A,,76
818949,PASS,751,1100,68.27,B,,77
818950,PASS,739,1100,67.18,B,,77
818951,PASS,657,1100,59.73,C,,77
818952,PASS,682,1100,62.0,B,,77
818953,PASS,923,1100,83.91,A-1,,76
818954,PASS,854,1100,77.64,A,,76
818955,PASS,650,1100,59.09,C,,77
818956,PASS,611,1100,55.55,C,,77
818957,PASS,838,1100,76.18,A,,76
818958,PASS,953,1100,86.64,A-1,,76
818959,PASS,946,1100,86.0,A-1,,76
818960,PASS,714,1100,64.91,B,,77
818961,PASS,792,1100,72.0,A,,76
818962,PASS,871,1100,79.18,A,,76
818963,PASS,872,1100,79.27,A,,76
818964,PASS,836,1100,76.0,A,,76
818965,PASS,634,1100,57.64,C,,77
818966,PASS,853,1100,77.55,A,,76
818967,PASS,875,1100,79.55,A,,76
818968,PASS,828,1100,75.27,A,,76
818969,PASS,760,1100,69.09,B,,77
818970,PASS,725,1100,65.91,B,,77
818971,PASS,869,1100,79.0,A,,76
818972,PASS,623,1100,56.64,C,,77
818973,PASS,748,1100,68.0,B,,77
818974,PASS,939,1100,85.36,A-1,,76
818975,PASS,756,1100,68.73,B,,77
818976,PASS,692,1100,62.91,B,,77
818977,PASS,685,1100,62.27,B,,77
818978,PASS,703,1100,63.91,B,,77
818980,PASS,737,1100,67.0,B,,77
818981,PASS,951,1100,86.45,A-1,,76
818982,PASS,600,1100,54.55,C,,77
818983,PASS,645,1100,58.64,C,,77
818984,PASS,627,1100,57.0,C,,77
818985,PASS,845,1100,76.82,A,,76
818986,PASS,891,1100,81.0,A-1,,76
818988,PASS,666,1100,60.55,B,,77
818990,PASS,812,1100,73.82,A,,76
818991,PASS,854,1100,77.64,A,,77
818992,PASS,702,1100,63.82,B,,77
818993,PASS,650,1100,59.09,C,,77
818994,PASS,618,1100,56.18,C,,77
818995,PASS,795,1100,72.27,A,,77
818996,PASS,853,1100,77.55,A,,77
818997,PASS,663,1100,60.27,B,,77
818998,PASS,716,1100,65.09,B,,77
819001,PASS,629,1100,57.18,C,,77
819002,PASS,655,1100,59.55,C,,77
819003,PASS,785,1100,71.36,A,,77
819004,PASS,816,1100,74.18,A,,77
819005,PASS,941,1100,85.55,A-1,,76
819006,PASS,639,1100,58.09,C,,77
819007,PASS,780,1100,70.91,A,,77
819008,PASS,837,1100,76.09,A,,77
819009,PASS,740,1100,67.27,B,,77
819010,PASS,697,1100,63.36,B,,77
819021,PASS,690,1100,62.73,B,,129
819022,PASS,914,1100,83.09,A-1,,129
819023,PASS,549,1100,49.91,D,,129
819024,PASS,950,1100,86.36,A-1,,129
819025,PASS,822,1100,74.73,A,,129
819031,PASS,598,1100,54.36,C,,78
819042,PASS,642,1100,58.36,C,,129
819043,PASS,718,1100,65.27,B,,129
819044,PASS,877,1100,79.73,A,,129
819045,PASS,558,1100,50.73,C,,129
819046,PASS,630,1100,57.27,C,,129
819047,PASS,807,1100,73.36,A,,129
819048,PASS,719,1100,65.36,B,,129
819049,PASS,624,1100,56.73,C,,129
819050,PASS,703,1100,63.91,B,,129
819051,WITHHELD — COMPUTERIZED ENROLMENT CARD,,,,,,124
819053,PASS,752,1100,68.36,B,,129
819054,PASS,607,1100,55.18,C,,129
819055,PASS,597,1100,54.27,C,,129
819056,PASS,772,1100,70.18,A,,129
819057,PASS,517,1100,47.0,D,,129
819058,PASS,522,1100,47.45,D,,129
819059,PASS,853,1100,77.55,A,,129
819060,PASS,737,1100,67.0,B,,129
819061,PASS,640,1100,58.18,C,,129
819062,PASS,579,1100,52.64,C,,129
819064,PASS,712,1100,64.73,B,,129
819065,PASS,826,1100,75.09,A,,129
819067,PASS,805,1100,73.18,A,,129
819068,PASS,725,1100,65.91,B,,129
819069,PASS,936,1100,85.09,A-1,,129
819072,PASS,656,1100,59.64,C,,129
819074,PASS,823,1100,74.82,A,,129
819075,PASS,771,1100,70.09,A,,129
819076,PASS,692,1100,62.91,B,,129
819077,PASS,824,1100,74.91,A,,129
819079,PASS,705,1100,64.09,B,,129
819080,PASS,668,1100,60.73,B,,129
819081,PASS,575,1100,52.27,C,,129
819082,PASS,635,1100,57.73,C,,129
819083,PASS,634,1100,57.64,C,,129
819085,PASS,754,1100,68.55,B,,129
819087,PASS,669,1100,60.82,B,,129
819089,PASS,585,1100,53.18,C,,129
819097,WITHHELD — COMPUTERIZED ENROLMENT CARD,,,,,,124
819112,PASS,763,1100,69.36,B,,130
819114,PASS,887,1100,80.64,A-1,,129
819116,PASS,601,1100,54.64,C,,130
819119,PASS,687,1100,62.45,B,,130
819123,PASS,610,1100,55.45,C,,130
819127,PASS,552,1100,50.18,C,,130
819131,PASS,476,1100,43.27,D,,130
819133,PASS,656,1100,59.64,C,,130
819135,PASS,587,1100,53.36,C,,130
819141,PASS,604,1100,54.91,C,,130
819142,PASS,798,1100,72.55,A,,129
819150,PASS,614,1100,55.82,C,,130
819153,PASS,706,1100,64.18,B,,130
819156,PASS,496,1100,45.09,D,,130
819157,PASS,481,1100,43.73,D,,130
819160,PASS,813,1100,73.91,A,,129
819164,PASS,678,1100,61.64,B,,130
819165,PASS,665,1100,60.45,B,,130
819167,PASS,501,1100,45.55,D,,130
819171,PASS,592,1100,53.82,C,,130
819172,PASS,607,1100,55.18,C,,130
819175,PASS,695,1100,63.18,B,,130
819184,PASS,560,1100,50.91,C,,130
819185,PASS,773,1100,70.27,A,,129
819186,PASS,467,1100,42.45,D,,130
819196,PASS,573,1100,52.09,C,,130
819198,PASS,485,1100,44.09,D,,130
819210,PASS,880,1100,80.0,A-1,,129
819217,WITHHELD — COMPUTERIZED ENROLMENT CARD,,,,,,124
819219,PASS,465,1100,42.27,D,,130
819222,PASS,661,1100,60.09,B,,130
819223,PASS,515,1100,46.82,D,,130
819224,PASS,534,1100,48.55,D,,130
819225,PASS,595,1100,54.09,C,,130
819226,PASS,563,1100,51.18,C,,130
819227,PASS,564,1100,51.27,C,,130
819228,PASS,571,1100,51.91,C,,130
819229,PASS,529,1100,48.09,D,,130
819230,PASS,520,1100,47.27,D,,130
819231,PASS,498,1100,45.27,D,,130
819232,PASS,703,1100,63.91,B,,130
819233,PASS,572,1100,52.0,C,,130
819236,PASS,560,1100,50.91,C,,130
819237,PASS,498,1100,45.27,D,,130
819238,PASS,519,1100,47.18,D,,130
819240,PASS,511,1100,46.45,D,,130
819242,PASS,445,1100,40.45,D,,130
819244,PASS,467,1100,42.45,D,,130
819246,PASS,437,1100,39.73,E,,130
819247,PASS,436,1100,39.64,E,,130
819248,PASS,481,1100,43.73,D,,130
819249,PASS,474,1100,43.09,D,,130
819250,WITHHELD — U.F.M. CASE,,,,,,124
819251,WITHHELD — U.F.M. CASE,,,,,,124
819252,PASS,555,1100,50.45,C,,130
819253,PASS,543,1100,49.36,D,,130
819254,PASS,479,1100,43.55,D,,130
819256,PASS,494,1100,44.91,D,,130
819258,PASS,616,1100,56.0,C,,130
819260,PASS,523,1100,47.55,D,,130
819263,PASS,646,1100,58.73,C,,130
819266,PASS,816,1100,74.18,A,,129
819267,PASS,436,1100,39.64,E,,130
819268,PASS,633,1100,57.55,C,,130
819270,PASS,426,1100,38.73,E,,130
819271,PASS,527,1100,47.91,D,,130
819272,PASS,575,1100,52.27,C,,130
819273,PASS,595,1100,54.09,C,,130
819276,PASS,539,1100,49.0,D,,130
819277,PASS,455,1100,41.36,D,,130
819282,PASS,553,1100,50.27,C,,130
819286,PASS,491,1100,44.64,D,,130
819291,PASS,509,1100,46.27,D,,130
819293,PASS,641,1100,58.27,C,,130
819294,PASS,716,1100,65.09,B,,130
819299,PASS,518,1100,47.09,D,,130
819300,PASS,659,1100,59.91,C,,130
819305,WITHHELD — VERIFICATION OF ENROLMENT CARD,,,,,,125
819306,WITHHELD — VERIFICATION OF ENROLMENT CARD,,,,,,125
819311,PASS,521,1100,47.36,D,,130
819312,PASS,566,1100,51.45,C,,130
819313,PASS,556,1100,50.55,C,,130
819314,PASS,612,1100,55.64,C,,130
819316,PASS,584,1100,53.09,C,,130
819317,WITHHELD — COMPUTERIZED ENROLMENT CARD,,,,,,124
819319,WITHHELD — COMPUTERIZED ENROLMENT CARD,,,,,,124
819381,PASS,667,1100,60.64,B,,130
819385,PASS,595,1100,54.09,C,,131
819386,PASS,662,1100,60.18,B,,130
819388,PASS,565,1100,51.36,C,,131
819391,PASS,676,1100,61.45,B,,130
819393,PASS,614,1100,55.82,C,,131
819394,PASS,631,1100,57.36,C,,131
819395,PASS,649,1100,59.0,C,,131
819397,PASS,683,1100,62.09,B,,130
819398,PASS,640,1100,58.18,C,,131
819402,PASS,841,1100,76.45,A,,130
819403,PASS,664,1100,60.36,B,,130
819404,PASS,645,1100,58.64,C,,131
819405,PASS,554,1100,50.36,C,,131
819406,PASS,789,1100,71.73,A,,130
819407,WITHHELD — COMPUTERIZED ENROLMENT CARD,,,,,,124
819408,PASS,618,1100,56.18,C,,131
819409,PASS,555,1100,50.45,C,,131
819410,PASS,591,1100,53.73,C,,131
819411,PASS,622,1100,56.55,C,,131
819416,PASS,658,1100,59.82,C,,130
819417,PASS,734,1100,66.73,B,,130
819418,PASS,857,1100,77.91,A,,130
819420,PASS,723,1100,65.73,B,,130
819422,PASS,657,1100,59.73,C,,130
819423,PASS,669,1100,60.82,B,,130
819425,PASS,774,1100,70.36,A,,130
819426,PASS,703,1100,63.91,B,,130
819427,PASS,693,1100,63.0,B,,130
819430,PASS,578,1100,52.55,C,,131
819432,PASS,903,1100,82.09,A-1,,130
819433,PASS,652,1100,59.27,C,,131
819434,PASS,666,1100,60.55,B,,130
819435,PASS,741,1100,67.36,B,,130
819436,WITHHELD — COMPUTERIZED ENROLMENT CARD,,,,,,124
819437,PASS,606,1100,55.09,C,,131
819438,PASS,590,1100,53.64,C,,131
819439,PASS,583,1100,53.0,C,,131
819440,PASS,558,1100,50.73,C,,131
819441,PASS,686,1100,62.36,B,,130
819444,PASS,605,1100,55.0,C,,131
819445,PASS,738,1100,67.09,B,,130
819446,PASS,793,1100,72.09,A,,130
819447,PASS,854,1100,77.64,A,,130
819448,PASS,532,1100,48.36,D,,131
819449,PASS,853,1100,77.55,A,,130
819450,PASS,659,1100,59.91,C,,130
819451,PASS,850,1100,77.27,A,,130
819452,PASS,796,1100,72.36,A,,130
819453,PASS,829,1100,75.36,A,,130
819454,PASS,622,1100,56.55,C,,131
819455,PASS,814,1100,74.0,A,,130
819456,PASS,522,1100,47.45,D,,131
819457,PASS,608,1100,55.27,C,,131
819458,PASS,725,1100,65.91,B,,130
819459,PASS,617,1100,56.09,C,,131
819460,PASS,986,1100,89.64,A-1,,130
819461,PASS,994,1100,90.36,A-1,,130
819463,PASS,645,1100,58.64,C,,131
819464,PASS,646,1100,58.73,C,,131
819470,PASS,646,1100,58.73,C,,131
819471,PASS,641,1100,58.27,C,,131
819472,PASS,784,1100,71.27,A,,130
819473,PASS,631,1100,57.36,C,,131
819475,PASS,752,1100,68.36,B,,130
819476,PASS,612,1100,55.64,C,,131
819477,PASS,712,1100,64.73,B,,130
819479,PASS,612,1100,55.64,C,,131
819483,PASS,644,1100,58.55,C,,131
819485,PASS,663,1100,60.27,B,,130
819486,PASS,595,1100,54.09,C,,131
819487,PASS,651,1100,59.18,C,,131
819490,PASS,885,1100,80.45,A-1,,130
819493,PASS,604,1100,54.91,C,,131
819494,PASS,801,1100,72.82,A,,130
819499,PASS,598,1100,54.36,C,,131
819500,PASS,601,1100,54.64,C,,131
819501,PASS,635,1100,57.73,C,,131
819502,PASS,671,1100,61.0,B,,130
819508,PASS,778,1100,70.73,A,,130
819512,PASS,758,1100,68.91,B,,130
819513,PASS,557,1100,50.64,C,,131
819514,PASS,612,1100,55.64,C,,131
819515,PASS,742,1100,67.45,B,,130
819516,PASS,865,1100,78.64,A,,130
819517,PASS,557,1100,50.64,C,,131
819519,PASS,570,1100,51.82,C,,131
819520,PASS,620,1100,56.36,C,,131
819521,PASS,678,1100,61.64,B,,130
819522,PASS,618,1100,56.18,C,,131
819523,PASS,591,1100,53.73,C,,131
819525,PASS,583,1100,53.0,C,,131
819526,PASS,529,1100,48.09,D,,131
819527,PASS,723,1100,65.73,B,,130
819528,PASS,617,1100,56.09,C,,131
819529,PASS,525,1100,47.73,D,,131
819530,PASS,580,1100,52.73,C,,131
819531,PASS,586,1100,53.27,C,,131
819532,PASS,520,1100,47.27,D,,131
819534,PASS,626,1100,56.91,C,,131
819535,PASS,653,1100,59.36,C,,131
819536,PASS,870,1100,79.09,A,,130
819537,PASS,671,1100,61.0,B,,130
819538,PASS,714,1100,64.91,B,,130
819539,PASS,791,1100,71.91,A,,130
819541,PASS,794,1100,72.18,A,,130
819542,PASS,612,1100,55.64,C,,131
819543,PASS,790,1100,71.82,A,,130
819544,PASS,691,1100,62.82,B,,130
819545,PASS,832,1100,75.64,A,,130
819546,PASS,782,1100,71.09,A,,130
819548,PASS,715,1100,65.0,B,,130
819550,PASS,745,1100,67.73,B,,130
819554,PASS,901,1100,81.91,A-1,,130
819555,PASS,731,1100,66.45,B,,130
819556,PASS,566,1100,51.45,C,,131
819557,PASS,791,1100,71.91,A,,130
819558,PASS,670,1100,60.91,B,,130
819559,PASS,607,1100,55.18,C,,131
819560,PASS,608,1100,55.27,C,,131
819564,PASS,703,1100,63.91,B,,130
819565,PASS,889,1100,80.82,A-1,,130
819566,PASS,692,1100,62.91,B,,130
819567,PASS,624,1100,56.73,C,,131
819569,PASS,635,1100,57.73,C,,131
819570,PASS,745,1100,67.73,B,,130
819572,PASS,704,1100,64.0,B,,130
819573,PASS,743,1100,67.55,B,,130
819574,PASS,723,1100,65.73,B,,130
819575,PASS,619,1100,56.27,C,,131
819576,PASS,590,1100,53.64,C,,131
819577,PASS,680,1100,61.82,B,,130
819578,PASS,536,1100,48.73,D,,131
819579,PASS,425,1100,38.64,E,,131
819582,PASS,546,1100,49.64,D,,131
819583,PASS,540,1100,49.09,D,,131
819584,PASS,505,1100,45.91,D,,131
819585,PASS,534,1100,48.55,D,,131
819587,PASS,470,1100,42.73,D,,131
819588,PASS,742,1100,67.45,B,,130
819589,PASS,750,1100,68.18,B,,130
819590,PASS,686,1100,62.36,B,,130
819592,PASS,617,1100,56.09,C,,131
819593,PASS,565,1100,51.36,C,,131
819594,PASS,595,1100,54.09,C,,131
819595,PASS,508,1100,46.18,D,,131
819596,PASS,805,1100,73.18,A,,130
819597,PASS,678,1100,61.64,B,,130
819598,PASS,561,1100,51.0,C,,131
819599,PASS,694,1100,63.09,B,,130
819600,PASS,812,1100,73.82,A,,130
819601,PASS,603,1100,54.82,C,,131
819602,PASS,618,1100,56.18,C,,131
819603,PASS,573,1100,52.09,C,,131
819604,PASS,567,1100,51.55,C,,131
819605,PASS,496,1100,45.09,D,,131
819606,PASS,631,1100,57.36,C,,131
819607,PASS,647,1100,58.82,C,,131
819608,PASS,818,1100,74.36,A,,130
819609,PASS,494,1100,44.91,D,,131
819610,PASS,550,1100,50.0,C,,131
819611,PASS,619,1100,56.27,C,,131
819612,PASS,635,1100,57.73,C,,131
819613,PASS,590,1100,53.64,C,,131
819614,PASS,626,1100,56.91,C,,131
819616,PASS,764,1100,69.45,B,,130
819617,PASS,657,1100,59.73,C,,130
819618,PASS,645,1100,58.64,C,,131
819619,PASS,540,1100,49.09,D,,131
819620,PASS,774,1100,70.36,A,,130
819621,PASS,621,1100,56.45,C,,131
819623,PASS,867,1100,78.82,A,,130
819624,PASS,534,1100,48.55,D,,131
819625,PASS,596,1100,54.18,C,,131
819626,PASS,747,1100,67.91,B,,130
819627,PASS,737,1100,67.0,B,,130
819628,PASS,913,1100,83.0,A-1,,130
819629,PASS,676,1100,61.45,B,,130
819630,PASS,600,1100,54.55,C,,131
819631,PASS,634,1100,57.64,C,,131
819632,PASS,881,1100,80.09,A-1,,130
819633,PASS,877,1100,79.73,A,,130
819634,PASS,487,1100,44.27,D,,131
819637,PASS,684,1100,62.18,B,,131
819639,PASS,578,1100,52.55,C,,131
819640,PASS,731,1100,66.45,B,,131
819641,PASS,647,1100,58.82,C,,131
819642,PASS,568,1100,51.64,C,,131
819643,PASS,579,1100,52.64,C,,131
819644,PASS,729,1100,66.27,B,,131
819645,PASS,509,1100,46.27,D,,131
819646,PASS,587,1100,53.36,C,,131
819647,PASS,624,1100,56.73,C,,131
819648,PASS,823,1100,74.82,A,,130
819649,PASS,716,1100,65.09,B,,131
819651,PASS,848,1100,77.09,A,,130
819652,PASS,589,1100,53.55,C,,131
819653,PASS,620,1100,56.36,C,,131
819654,PASS,715,1100,65.0,B,,131
819655,PASS,775,1100,70.45,A,,130
819656,PASS,746,1100,67.82,B,,131
819661,PASS,615,1100,55.91,C,,131
819662,PASS,515,1100,46.82,D,,131
819663,PASS,715,1100,65.0,B,,131
819664,PASS,664,1100,60.36,B,,131
819665,PASS,554,1100,50.36,C,,131
819666,PASS,489,1100,44.45,D,,131
819668,PASS,598,1100,54.36,C,,131
819669,PASS,654,1100,59.45,C,,131
819670,PASS,573,1100,52.09,C,,131
819671,PASS,574,1100,52.18,C,,131
819672,PASS,611,1100,55.55,C,,131
819673,PASS,728,1100,66.18,B,,131
819674,PASS,572,1100,52.0,C,,131
819675,PASS,696,1100,63.27,B,,131
819676,PASS,579,1100,52.64,C,,131
819678,PASS,565,1100,51.36,C,,131
819679,PASS,877,1100,79.73,A,,130
819684,PASS,514,1100,46.73,D,,131
819713,PASS,581,1100,52.82,C,,131
819731,PASS,676,1100,61.45,B,,132
819732,PASS,715,1100,65.0,B,,132
819734,PASS,887,1100,80.64,A-1,,132
819735,PASS,907,1100,82.45,A-1,,132
819736,PASS,633,1100,57.55,C,,132
819737,PASS,766,1100,69.64,B,,132
819738,PASS,699,1100,63.55,B,,132
819741,PASS,761,1100,69.18,B,,132
819742,PASS,876,1100,79.64,A,,132
819743,PASS,829,1100,75.36,A,,132
819744,PASS,848,1100,77.09,A,,132
819745,PASS,768,1100,69.82,B,,132
819746,PASS,682,1100,62.0,B,,132
819747,PASS,945,1100,85.91,A-1,,132
819748,PASS,993,1100,90.27,A-1,,132
819749,PASS,907,1100,82.45,A-1,,132
819750,PASS,924,1100,84.0,A-1,,132
819751,PASS,889,1100,80.82,A-1,,132
819752,PASS,928,1100,84.36,A-1,,132
819753,PASS,607,1100,55.18,C,,132
819754,PASS,884,1100,80.36,A-1,,132
819755,PASS,924,1100,84.0,A-1,,132
819756,PASS,951,1100,86.45,A-1,,132
819757,PASS,886,1100,80.55,A-1,,132
819758,PASS,972,1100,88.36,A-1,,132
819759,PASS,940,1100,85.45,A-1,,132
819760,PASS,747,1100,67.91,B,,132
819761,PASS,800,1100,72.73,A,,132
819762,PASS,951,1100,86.45,A-1,,132
819763,PASS,516,1100,46.91,D,,132
819765,PASS,803,1100,73.0,A,,132
819766,PASS,737,1100,67.0,B,,132
819767,PASS,945,1100,85.91,A-1,,132
819768,PASS,811,1100,73.73,A,,132
819769,PASS,679,1100,61.73,B,,132
819770,PASS,938,1100,85.27,A-1,,132
819771,PASS,905,1100,82.27,A-1,,132
819772,PASS,810,1100,73.64,A,,132
819773,PASS,751,1100,68.27,B,,132
819774,PASS,790,1100,71.82,A,,132
819775,PASS,760,1100,69.09,B,,132
819776,PASS,864,1100,78.55,A,,132
819777,PASS,645,1100,58.64,C,,132
819778,PASS,825,1100,75.0,A,,132
819779,PASS,641,1100,58.27,C,,132
819780,PASS,938,1100,85.27,A-1,,132
819782,PASS,734,1100,66.73,B,,132
819783,PASS,566,1100,51.45,C,,132
819784,PASS,966,1100,87.82,A-1,,132
819785,PASS,812,1100,73.82,A,,132
819786,PASS,640,1100,58.18,C,,132
819787,PASS,878,1100,79.82,A,,132
819788,PASS,859,1100,78.09,A,,132
819789,PASS,809,1100,73.55,A,,132
819790,PASS,869,1100,79.0,A,,132
819791,PASS,851,1100,77.36,A,,132
819792,PASS,808,1100,73.45,A,,132
819793,PASS,730,1100,66.36,B,,132
819794,PASS,687,1100,62.45,B,,132
819795,PASS,858,1100,78.0,A,,132
819796,PASS,938,1100,85.27,A-1,,132
819797,PASS,859,1100,78.09,A,,132
819798,PASS,911,1100,82.82,A-1,,132
819799,PASS,875,1100,79.55,A,,132
819800,PASS,654,1100,59.45,C,,132
819802,PASS,785,1100,71.36,A,,132
819803,PASS,804,1100,73.09,A,,132
819804,PASS,766,1100,69.64,B,,132
819805,PASS,789,1100,71.73,A,,132
819806,PASS,961,1100,87.36,A-1,,132
819807,PASS,763,1100,69.36,B,,132
819808,PASS,691,1100,62.82,B,,132
819811,PASS,919,1100,83.55,A-1,,132
819812,PASS,775,1100,70.45,A,,132
819813,PASS,735,1100,66.82,B,,132
819814,PASS,644,1100,58.55,C,,132
819815,PASS,926,1100,84.18,A-1,,132
819816,PASS,750,1100,68.18,B,,132
819817,PASS,721,1100,65.55,B,,132
819818,PASS,703,1100,63.91,B,,132
819819,PASS,929,1100,84.45,A-1,,132
819820,PASS,754,1100,68.55,B,,132
819821,PASS,687,1100,62.45,B,,132
819822,PASS,698,1100,63.45,B,,132
819823,PASS,742,1100,67.45,B,,132
819824,PASS,759,1100,69.0,B,,132
819825,PASS,946,1100,86.0,A-1,,132
819826,PASS,586,1100,53.27,C,,132
819828,PASS,636,1100,57.82,C,,132
819829,PASS,714,1100,64.91,B,,132
819830,PASS,766,1100,69.64,B,,132
819833,WITHHELD — COMPUTERIZED ENROLMENT CARD,,,,,,124
819834,PASS,616,1100,56.0,C,,132
819835,PASS,767,1100,69.73,B,,132
819836,PASS,591,1100,53.73,C,,132
819837,PASS,742,1100,67.45,B,,132
819838,PASS,752,1100,68.36,B,,132
819841,PASS,580,1100,52.73,C,,82
819854,PASS,575,1100,52.27,C,,133
819855,PASS,644,1100,58.55,C,,133
819859,PASS,488,1100,44.36,D,,133
819862,PASS,589,1100,53.55,C,,133
819866,PASS,587,1100,53.36,C,,133
819891,PASS,641,1100,58.27,C,,82
819911,PASS,939,1100,85.36,A-1,,83
819912,PASS,925,1100,84.09,A-1,,83
819913,PASS,919,1100,83.55,A-1,,83
819914,PASS,863,1100,78.45,A,,83
819915,PASS,870,1100,79.09,A,,83
819916,PASS,753,1100,68.45,B,,83
819917,PASS,860,1100,78.18,A,,83
819918,PASS,843,1100,76.64,A,,83
819919,PASS,866,1100,78.73,A,,83
819920,PASS,872,1100,79.27,A,,83
819922,PASS,873,1100,79.36,A,,83
819923,PASS,918,1100,83.45,A-1,,83
819924,PASS,858,1100,78.0,A,,83
819925,PASS,887,1100,80.64,A-1,,83
819926,PASS,872,1100,79.27,A,,83
819927,PASS,930,1100,84.55,A-1,,83
819928,PASS,898,1100,81.64,A-1,,83
819929,PASS,953,1100,86.64,A-1,,83
819930,PASS,875,1100,79.55,A,,83
819931,PASS,792,1100,72.0,A,,83
819932,PASS,859,1100,78.09,A,,83
819933,PASS,747,1100,67.91,B,,83
819934,PASS,807,1100,73.36,A,,83
819935,PASS,776,1100,70.55,A,,83
819936,PASS,844,1100,76.73,A,,83
819937,PASS,889,1100,80.82,A-1,,83
819938,PASS,864,1100,78.55,A,,83
819939,PASS,854,1100,77.64,A,,83
819940,PASS,927,1100,84.27,A-1,,83
819941,PASS,901,1100,81.91,A-1,,83
819942,PASS,853,1100,77.55,A,,83
819943,PASS,962,1100,87.45,A-1,,83
819944,PASS,836,1100,76.0,A,,83
819945,PASS,878,1100,79.82,A,,83
819946,PASS,774,1100,70.36,A,,83
819947,PASS,816,1100,74.18,A,,83
819948,PASS,854,1100,77.64,A,,83
819949,PASS,889,1100,80.82,A-1,,83
819950,PASS,728,1100,66.18,B,,83
819951,PASS,975,1100,88.64,A-1,,83
819952,PASS,958,1100,87.09,A-1,,83
819953,PASS,972,1100,88.36,A-1,,83
819954,PASS,995,1100,90.45,A-1,,83
819955,PASS,966,1100,87.82,A-1,,83
819956,PASS,892,1100,81.09,A-1,,83
819957,PASS,932,1100,84.73,A-1,,83
819958,PASS,1006,1100,91.45,A-1,AYESHA RASHID,83
819959,PASS,960,1100,87.27,A-1,,83
819960,PASS,859,1100,78.09,A,,83
819961,PASS,995,1100,90.45,A-1,,83
819962,PASS,933,1100,84.82,A-1,,83
819963,PASS,976,1100,88.73,A-1,,83
819964,PASS,1000,1100,90.91,A-1,IFRA,83
819965,PASS,888,1100,80.73,A-1,,83
819966,PASS,999,1100,90.82,A-1,JAVERIA JAMIL,83
819967,PASS,943,1100,85.73,A-1,,83
819968,PASS,976,1100,88.73,A-1,,83
819969,PASS,894,1100,81.27,A-1,,83
819970,PASS,1000,1100,90.91,A-1,QIRAT FATIMA,83
819971,PASS,983,1100,89.36,A-1,,83
819972,PASS,948,1100,86.18,A-1,,83
819973,PASS,989,1100,89.91,A-1,,83
819974,PASS,944,1100,85.82,A-1,,83
819975,PASS,963,1100,87.55,A-1,,83
819976,PASS,987,1100,89.73,A-1,,83
819991,PASS,753,1100,68.45,B,,84
819992,PASS,727,1100,66.09,B,,84
819993,PASS,701,1100,63.73,B,,84
819994,PASS,847,1100,77.0,A,,84
819995,PASS,683,1100,62.09,B,,84
819996,PASS,594,1100,54.0,C,,84
819997,PASS,671,1100,61.0,B,,84
820001,PASS,941,1100,85.55,A-1,,85
820002,PASS,842,1100,76.55,A,,85
820003,PASS,846,1100,76.91,A,,85
820013,PASS,622,1100,56.55,C,,133
820015,PASS,756,1100,68.73,B,,133
820016,PASS,671,1100,61.0,B,,133
820017,PASS,727,1100,66.09,B,,133
820018,PASS,549,1100,49.91,D,,133
820022,PASS,659,1100,59.91,C,,133
820023,PASS,535,1100,48.64,D,,133
820026,PASS,731,1100,66.45,B,,133
820030,PASS,570,1100,51.82,C,,133
820031,PASS,539,1100,49.0,D,,133
820035,PASS,850,1100,77.27,A,,133
820036,PASS,631,1100,57.36,C,,133
820037,PASS,639,1100,58.09,C,,133
820038,PASS,657,1100,59.73,C,,133
820039,PASS,686,1100,62.36,B,,133
820040,PASS,575,1100,52.27,C,,133
820041,PASS,729,1100,66.27,B,,133
820042,PASS,791,1100,71.91,A,,133
820043,PASS,874,1100,79.45,A,,133
820045,PASS,527,1100,47.91,D,,133
820052,WITHHELD — COMPUTERIZED ENROLMENT CARD,,,,,,124
820066,PASS,685,1100,62.27,B,,134
820070,PASS,503,1100,45.73,D,,134
820072,PASS,516,1100,46.91,D,,134
820073,PASS,721,1100,65.55,B,,134
820074,PASS,734,1100,66.73,B,,134
820076,PASS,679,1100,61.73,B,,134
820078,PASS,546,1100,49.64,D,,134
820081,PASS,609,1100,55.36,C,,134
820082,WITHHELD — COMPUTERIZED ENROLMENT CARD,,,,,,124
820086,PASS,529,1100,48.09,D,,134
820095,PASS,661,1100,60.09,B,,134
820098,PASS,654,1100,59.45,C,,134
820099,PASS,675,1100,61.36,B,,134
820100,PASS,738,1100,67.09,B,,134
820101,PASS,551,1100,50.09,C,,134
820102,WITHHELD — VERIFICATION OF ENROLMENT CARD,,,,,,125
820103,WITHHELD — COMPUTERIZED ENROLMENT CARD,,,,,,124
820105,PASS,521,1100,47.36,D,,134
820111,PASS,762,1100,69.27,B,,134
820112,PASS,726,1100,66.0,B,,134
820114,PASS,606,1100,55.09,C,,134
820115,PASS,727,1100,66.09,B,,134
820116,PASS,608,1100,55.27,C,,134
820117,WITHHELD — COMPUTERIZED ENROLMENT CARD,,,,,,124
820118,PASS,619,1100,56.27,C,,134
820125,PASS,606,1100,55.09,C,,134
820127,PASS,584,1100,53.09,C,,134
820130,PASS,560,1100,50.91,C,,134
820133,PASS,601,1100,54.64,C,,134
820185,PASS,786,1100,71.45,A,,134
820187,PASS,507,1100,46.09,D,,134
820189,PASS,538,1100,48.91,D,,134
820191,PASS,684,1100,62.18,B,,134
820194,PASS,558,1100,50.73,C,,134
820195,PASS,869,1100,79.0,A,,134
820211,PASS,576,1100,52.36,C,,135
820212,PASS,782,1100,71.09,A,,134
820213,PASS,578,1100,52.55,C,,135
820214,PASS,621,1100,56.45,C,,135
820215,PASS,727,1100,66.09,B,,134
820216,PASS,591,1100,53.73,C,,135
820217,PASS,691,1100,62.82,B,,134
820218,PASS,595,1100,54.09,C,,135
820219,PASS,537,1100,48.82,D,,135
820220,PASS,671,1100,61.0,B,,134
820221,PASS,619,1100,56.27,C,,135
820222,PASS,989,1100,89.91,A-1,,134
820223,PASS,860,1100,78.18,A,,134
820224,PASS,602,1100,54.73,C,,135
820227,PASS,598,1100,54.36,C,,135
820228,PASS,784,1100,71.27,A,,134
820230,PASS,564,1100,51.27,C,,135
820231,PASS,735,1100,66.82,B,,134
820232,PASS,897,1100,81.55,A-1,,134
820233,PASS,577,1100,52.45,C,,135
820234,PASS,711,1100,64.64,B,,134
820235,PASS,793,1100,72.09,A,,134
820236,PASS,578,1100,52.55,C,,135
820237,PASS,647,1100,58.82,C,,135
820238,PASS,893,1100,81.18,A-1,,134
820239,PASS,823,1100,74.82,A,,134
820240,PASS,717,1100,65.18,B,,134
820241,PASS,722,1100,65.64,B,,134
820243,PASS,970,1100,88.18,A-1,,134
820244,PASS,870,1100,79.09,A,,134
820247,PASS,598,1100,54.36,C,,135
820248,PASS,594,1100,54.0,C,,135
820249,PASS,679,1100,61.73,B,,134
820250,PASS,962,1100,87.45,A-1,,134
820251,PASS,633,1100,57.55,C,,135
820252,PASS,763,1100,69.36,B,,134
820253,PASS,646,1100,58.73,C,,135
820254,PASS,751,1100,68.27,B,,134
820255,PASS,906,1100,82.36,A-1,,134
820256,PASS,636,1100,57.82,C,,135
820257,PASS,655,1100,59.55,C,,134
820258,PASS,703,1100,63.91,B,,134
820259,PASS,804,1100,73.09,A,,134
820260,PASS,747,1100,67.91,B,,134
820261,PASS,718,1100,65.27,B,,134
820262,PASS,739,1100,67.18,B,,134
820263,PASS,620,1100,56.36,C,,135
820264,PASS,869,1100,79.0,A,,134
820265,PASS,721,1100,65.55,B,,135
820266,PASS,663,1100,60.27,B,,135
820267,PASS,583,1100,53.0,C,,135
820268,PASS,548,1100,49.82,D,,135
820269,PASS,677,1100,61.55,B,,135
820271,PASS,573,1100,52.09,C,,135
820272,PASS,555,1100,50.45,C,,135
820273,PASS,541,1100,49.18,D,,135
820275,PASS,659,1100,59.91,C,,135
820276,PASS,614,1100,55.82,C,,135
820279,PASS,903,1100,82.09,A-1,,134
820280,PASS,486,1100,44.18,D,,135
820281,PASS,568,1100,51.64,C,,135
820282,PASS,530,1100,48.18,D,,135
820283,PASS,638,1100,58.0,C,,135
820284,PASS,693,1100,63.0,B,,135
820285,PASS,643,1100,58.45,C,,135
820286,PASS,556,1100,50.55,C,,135
820288,PASS,532,1100,48.36,D,,135
820289,PASS,867,1100,78.82,A,,134
820290,PASS,663,1100,60.27,B,,135
820291,PASS,721,1100,65.55,B,,135
820292,PASS,675,1100,61.36,B,,135
820293,PASS,666,1100,60.55,B,,135
820294,PASS,795,1100,72.27,A,,134
820295,PASS,679,1100,61.73,B,,135
820296,PASS,758,1100,68.91,B,,135
820297,PASS,700,1100,63.64,B,,135
820299,PASS,566,1100,51.45,C,,135
820300,PASS,915,1100,83.18,A-1,,134
820301,PASS,702,1100,63.82,B,,135
820302,PASS,877,1100,79.73,A,,134
820303,PASS,532,1100,48.36,D,,135
820304,PASS,890,1100,80.91,A-1,,134
820305,PASS,825,1100,75.0,A,,134
820308,PASS,738,1100,67.09,B,,135
820309,PASS,624,1100,56.73,C,,135
820310,PASS,739,1100,67.18,B,,135
820311,PASS,577,1100,52.45,C,,135
820313,PASS,824,1100,74.91,A,,134
820314,PASS,559,1100,50.82,C,,135
820315,PASS,618,1100,56.18,C,,135
820316,PASS,683,1100,62.09,B,,135
820317,PASS,654,1100,59.45,C,,135
820318,PASS,528,1100,48.0,D,,135
820321,PASS,569,1100,51.73,C,,135
820322,PASS,518,1100,47.09,D,,135
820323,PASS,819,1100,74.45,A,,134
820325,PASS,672,1100,61.09,B,,135
820326,PASS,792,1100,72.0,A,,134
820327,PASS,825,1100,75.0,A,,134
820329,PASS,689,1100,62.64,B,,135
820332,PASS,591,1100,53.73,C,,135
820333,PASS,727,1100,66.09,B,,135
820334,PASS,583,1100,53.0,C,,135
820335,PASS,740,1100,67.27,B,,135
820336,PASS,907,1100,82.45,A-1,,134
820337,PASS,700,1100,63.64,B,,135
820338,PASS,667,1100,60.64,B,,135
820339,PASS,849,1100,77.18,A,,134
820341,PASS,836,1100,76.0,A,,134
820342,PASS,666,1100,60.55,B,,135
820343,PASS,816,1100,74.18,A,,134
820344,PASS,794,1100,72.18,A,,134
820345,PASS,625,1100,56.82,C,,135
820346,PASS,670,1100,60.91,B,,135
820347,PASS,724,1100,65.82,B,,135
820348,PASS,557,1100,50.64,C,,135
820349,PASS,571,1100,51.91,C,,135
820351,PASS,689,1100,62.64,B,,135
820352,PASS,649,1100,59.0,C,,135
820353,PASS,683,1100,62.09,B,,135
820355,PASS,668,1100,60.73,B,,135
820358,PASS,733,1100,66.64,B,,135
820359,PASS,784,1100,71.27,A,,134
820360,PASS,629,1100,57.18,C,,135
820361,PASS,816,1100,74.18,A,,134
820362,PASS,677,1100,61.55,B,,135
820363,PASS,607,1100,55.18,C,,135
820364,PASS,573,1100,52.09,C,,135
820367,PASS,637,1100,57.91,C,,135
820368,PASS,653,1100,59.36,C,,135
820369,PASS,485,1100,44.09,D,,135
820374,PASS,786,1100,71.45,A,,134
820375,PASS,688,1100,62.55,B,,135
820411,PASS,601,1100,54.64,C,,135
820421,PASS,895,1100,81.36,A-1,,86
820422,PASS,824,1100,74.91,A,,86
820423,PASS,655,1100,59.55,C,,86
820424,PASS,637,1100,57.91,C,,86
820426,PASS,668,1100,60.73,B,,86
820427,PASS,713,1100,64.82,B,,86
820428,PASS,760,1100,69.09,B,,86
820429,PASS,611,1100,55.55,C,,86
820430,PASS,698,1100,63.45,B,,86
820431,PASS,685,1100,62.27,B,,86
820441,PASS,688,1100,62.55,B,,86
820442,PASS,710,1100,64.55,B,,86
820443,PASS,817,1100,74.27,A,,86
820444,PASS,778,1100,70.73,A,,86
820445,PASS,577,1100,52.45,C,,86
820462,PASS,699,1100,63.55,B,,87
820465,PASS,676,1100,61.45,B,,87
820471,PASS,678,1100,61.64,B,,88
820481,PASS,882,1100,80.18,A-1,,88
820482,PASS,768,1100,69.82,B,,88
820483,PASS,672,1100,61.09,B,,88
820484,PASS,740,1100,67.27,B,,88
820491,PASS,680,1100,61.82,B,,88
820492,PASS,780,1100,70.91,A,,88
820502,PASS,580,1100,52.73,C,,88
820521,PASS,572,1100,52.0,C,,136
820526,PASS,585,1100,53.18,C,,136
820529,PASS,606,1100,55.09,C,,136
820535,PASS,575,1100,52.27,C,,136
820537,PASS,508,1100,46.18,D,,136
820538,PASS,493,1100,44.82,D,,136
820539,PASS,471,1100,42.82,D,,136
820542,PASS,551,1100,50.09,C,,136
820543,PASS,474,1100,43.09,D,,136
820545,PASS,610,1100,55.45,C,,136
820552,PASS,797,1100,72.45,A,,135
820553,PASS,725,1100,65.91,B,,136
820554,PASS,717,1100,65.18,B,,136
820555,PASS,549,1100,49.91,D,,136
820556,PASS,499,1100,45.36,D,,136
820559,PASS,582,1100,52.91,C,,136
820562,PASS,543,1100,49.36,D,,136
820564,PASS,735,1100,66.82,B,,136
820565,PASS,709,1100,64.45,B,,136
820568,PASS,531,1100,48.27,D,,136
820569,PASS,717,1100,65.18,B,,136
820570,PASS,788,1100,71.64,A,,135
820571,PASS,584,1100,53.09,C,,136
820585,PASS,558,1100,50.73,C,,136
820600,PASS,657,1100,59.73,C,,136
820603,PASS,672,1100,61.09,B,,136
820604,PASS,784,1100,71.27,A,,135
820605,PASS,548,1100,49.82,D,,136
820606,PASS,684,1100,62.18,B,,136
820607,PASS,761,1100,69.18,B,,136
820613,PASS,594,1100,54.0,C,,136
820615,PASS,690,1100,62.73,B,,136
820616,PASS,622,1100,56.55,C,,136
820617,PASS,660,1100,60.0,B,,136
820628,PASS,574,1100,52.18,C,,136
820635,PASS,633,1100,57.55,C,,136
820636,PASS,559,1100,50.82,C,,136
820637,PASS,706,1100,64.18,B,,136
820641,PASS,728,1100,66.18,B,,136
820642,PASS,484,1100,44.0,D,,136
820649,PASS,565,1100,51.36,C,,136
820652,PASS,637,1100,57.91,C,,136
820659,PASS,543,1100,49.36,D,,136
820662,PASS,689,1100,62.64,B,,136
820666,PASS,537,1100,48.82,D,,136
820671,PASS,626,1100,56.91,C,,136
820673,PASS,499,1100,45.36,D,,136
820678,PASS,710,1100,64.55,B,,136
820686,PASS,853,1100,77.55,A,,135
820688,PASS,540,1100,49.09,D,,136
820692,PASS,552,1100,50.18,C,,136
820694,WITHHELD — COMPUTERIZED ENROLMENT CARD,,,,,,124
820751,PASS,674,1100,61.27,B,,91
820752,PASS,769,1100,69.91,B,,90
820753,PASS,840,1100,76.36,A,,90
820754,PASS,708,1100,64.36,B,,91
820755,PASS,927,1100,84.27,A-1,,90
820757,PASS,898,1100,81.64,A-1,,90
820758,PASS,897,1100,81.55,A-1,,90
820759,PASS,821,1100,74.64,A,,90
820760,PASS,851,1100,77.36,A,,90
820761,PASS,716,1100,65.09,B,,91
820764,PASS,750,1100,68.18,B,,91
820765,PASS,772,1100,70.18,A,,90
820766,PASS,670,1100,60.91,B,,91
820767,PASS,671,1100,61.0,B,,91
820768,PASS,877,1100,79.73,A,,90
820769,PASS,601,1100,54.64,C,,91
820770,PASS,529,1100,48.09,D,,91
820772,PASS,851,1100,77.36,A,,90
820773,PASS,757,1100,68.82,B,,91
820774,PASS,871,1100,79.18,A,,90
820775,PASS,598,1100,54.36,C,,91
820776,PASS,736,1100,66.91,B,,91
820777,PASS,661,1100,60.09,B,,91
820778,PASS,620,1100,56.36,C,,91
820779,PASS,828,1100,75.27,A,,90
820780,PASS,719,1100,65.36,B,,91
820781,PASS,607,1100,55.18,C,,91
820782,PASS,547,1100,49.73,D,,91
820783,PASS,702,1100,63.82,B,,91
820784,PASS,726,1100,66.0,B,,91
820785,PASS,940,1100,85.45,A-1,,90
820786,PASS,831,1100,75.55,A,,90
820787,PASS,714,1100,64.91,B,,91
820788,PASS,663,1100,60.27,B,,91
820789,PASS,805,1100,73.18,A,,90
820790,PASS,847,1100,77.0,A,,90
820791,PASS,913,1100,83.0,A-1,,90
820792,PASS,886,1100,80.55,A-1,,90
820794,PASS,640,1100,58.18,C,,91
820796,PASS,598,1100,54.36,C,,91
820798,PASS,605,1100,55.0,C,,91
820799,PASS,890,1100,80.91,A-1,,90
820800,PASS,613,1100,55.73,C,,91
820801,PASS,640,1100,58.18,C,,91
820802,PASS,620,1100,56.36,C,,91
820803,PASS,785,1100,71.36,A,,90
820804,PASS,830,1100,75.45,A,,90
820806,PASS,581,1100,52.82,C,,91
820807,PASS,567,1100,51.55,C,,91
820808,PASS,599,1100,54.45,C,,91
820809,PASS,558,1100,50.73,C,,91
820810,PASS,523,1100,47.55,D,,91
820811,PASS,879,1100,79.91,A,,90
820812,PASS,754,1100,68.55,B,,91
820814,PASS,719,1100,65.36,B,,91
820815,PASS,751,1100,68.27,B,,91
820816,PASS,680,1100,61.82,B,,91
820819,PASS,646,1100,58.73,C,,91
820820,PASS,726,1100,66.0,B,,91
820821,PASS,796,1100,72.36,A,,90
820822,PASS,831,1100,75.55,A,,90
820823,PASS,755,1100,68.64,B,,91
820824,PASS,759,1100,69.0,B,,91
820825,PASS,622,1100,56.55,C,,91
820826,PASS,623,1100,56.64,C,,91
820827,PASS,771,1100,70.09,A,,90
820828,PASS,814,1100,74.0,A,,90
820829,PASS,760,1100,69.09,B,,91
820830,PASS,857,1100,77.91,A,,90
820831,PASS,610,1100,55.45,C,,91
820833,PASS,850,1100,77.27,A,,90
820834,PASS,833,1100,75.73,A,,90
820835,PASS,852,1100,77.45,A,,90
820836,PASS,765,1100,69.55,B,,90
820837,PASS,856,1100,77.82,A,,90
820838,PASS,789,1100,71.73,A,,90
820839,PASS,624,1100,56.73,C,,91
820840,PASS,798,1100,72.55,A,,90
820841,PASS,918,1100,83.45,A-1,,90
820842,PASS,538,1100,48.91,D,,91
820843,PASS,767,1100,69.73,B,,90
820844,PASS,637,1100,57.91,C,,91
820845,PASS,769,1100,69.91,B,,90
820847,PASS,901,1100,81.91,A-1,,90
820848,PASS,842,1100,76.55,A,,90
820849,PASS,825,1100,75.0,A,,90
820850,PASS,775,1100,70.45,A,,90
820851,PASS,580,1100,52.73,C,,91
820852,PASS,711,1100,64.64,B,,91
820853,PASS,802,1100,72.91,A,,90
820854,PASS,791,1100,71.91,A,,90
820855,PASS,839,1100,76.27,A,,91
820859,PASS,584,1100,53.09,C,,91
820860,PASS,841,1100,76.45,A,,91
820861,PASS,869,1100,79.0,A,,91
820864,PASS,711,1100,64.64,B,,91
820865,PASS,663,1100,60.27,B,,91
820866,PASS,561,1100,51.0,C,,91
820867,PASS,594,1100,54.0,C,,91
820868,PASS,701,1100,63.73,B,,91
820885,WITHHELD — VERIFICATION OF ENROLMENT CARD,,,,,,125
820891,PASS,833,1100,75.73,A,,136
820892,PASS,661,1100,60.09,B,,136
820901,PASS,689,1100,62.64,B,,137
820902,PASS,535,1100,48.64,D,,137
820904,PASS,555,1100,50.45,C,,137
820914,PASS,729,1100,66.27,B,,137
820919,PASS,582,1100,52.91,C,,137
820921,PASS,872,1100,79.27,A,,137
820924,PASS,731,1100,66.45,B,,137
820925,PASS,551,1100,50.09,C,,137
820927,PASS,529,1100,48.09,D,,137
820928,PASS,889,1100,80.82,A-1,,137
820931,PASS,521,1100,47.36,D,,137
820933,PASS,516,1100,46.91,D,,137
820934,PASS,548,1100,49.82,D,,137
820938,PASS,527,1100,47.91,D,,137
820942,PASS,613,1100,55.73,C,,137
820945,PASS,520,1100,47.27,D,,137
820948,PASS,818,1100,74.36,A,,137
820960,PASS,516,1100,46.91,D,,137
820962,PASS,613,1100,55.73,C,,137
820965,PASS,588,1100,53.45,C,,137
820966,PASS,522,1100,47.45,D,,137
820971,PASS,600,1100,54.55,C,,137
820974,PASS,687,1100,62.45,B,,137
820977,PASS,589,1100,53.55,C,,137
820978,PASS,503,1100,45.73,D,,137
820981,PASS,580,1100,52.73,C,,137
820986,PASS,840,1100,76.36,A,,137
820987,PASS,599,1100,54.45,C,,137
820998,PASS,927,1100,84.27,A-1,,137
821061,PASS,769,1100,69.91,B,,137
821063,PASS,730,1100,66.36,B,,137
821084,PASS,543,1100,49.36,D,,92
821091,PASS,768,1100,69.82,B,,92
821092,PASS,660,1100,60.0,B,,92
821093,PASS,750,1100,68.18,B,,92
821094,PASS,669,1100,60.82,B,,92
821095,PASS,849,1100,77.18,A,,92
821096,PASS,816,1100,74.18,A,,92
821097,PASS,742,1100,67.45,B,,92
821101,PASS,666,1100,60.55,B,,93
821102,PASS,549,1100,49.91,D,,93
821103,PASS,808,1100,73.45,A,,93
821104,PASS,627,1100,57.0,C,,93
821105,PASS,641,1100,58.27,C,,93
821106,PASS,772,1100,70.18,A,,93
821107,PASS,588,1100,53.45,C,,93
821111,PASS,719,1100,65.36,B,,138
821112,PASS,672,1100,61.09,B,,138
821121,PASS,850,1100,77.27,A,,138
821122,PASS,592,1100,53.82,C,,138
821123,PASS,571,1100,51.91,C,,138
821124,PASS,632,1100,57.45,C,,138
821125,PASS,704,1100,64.0,B,,138
821126,PASS,715,1100,65.0,B,,138
821127,PASS,633,1100,57.55,C,,138
821128,PASS,605,1100,55.0,C,,138
821129,PASS,657,1100,59.73,C,,138
821130,PASS,739,1100,67.18,B,,138
821141,PASS,704,1100,64.0,B,,138
821142,PASS,638,1100,58.0,C,,138
821143,PASS,774,1100,70.36,A,,138
821149,PASS,551,1100,50.09,C,,138
821151,PASS,809,1100,73.55,A,,138
821155,PASS,798,1100,72.55,A,,138
821156,PASS,666,1100,60.55,B,,138
821159,PASS,776,1100,70.55,A,,138
821165,PASS,741,1100,67.36,B,,138
821166,PASS,799,1100,72.64,A,,138
821167,PASS,596,1100,54.18,C,,138
821168,PASS,711,1100,64.64,B,,138
821169,PASS,955,1100,86.82,A-1,,138
821171,PASS,598,1100,54.36,C,,138
821173,PASS,554,1100,50.36,C,,138
821174,PASS,601,1100,54.64,C,,138
821177,PASS,627,1100,57.0,C,,138
821178,PASS,478,1100,43.45,D,,139
821179,PASS,522,1100,47.45,D,,139
821180,PASS,779,1100,70.82,A,,138
821183,PASS,513,1100,46.64,D,,139
821185,PASS,796,1100,72.36,A,,138
821186,PASS,735,1100,66.82,B,,138
821187,PASS,844,1100,76.73,A,,138
821188,PASS,837,1100,76.09,A,,138
821189,PASS,902,1100,82.0,A-1,,138
821190,PASS,919,1100,83.55,A-1,,138
821192,PASS,692,1100,62.91,B,,138
821193,PASS,679,1100,61.73,B,,138
821194,PASS,725,1100,65.91,B,,138
821195,PASS,992,1100,90.18,A-1,,138
821196,PASS,732,1100,66.55,B,,138
821197,PASS,621,1100,56.45,C,,138
821198,PASS,742,1100,67.45,B,,138
821199,PASS,588,1100,53.45,C,,138
821201,PASS,893,1100,81.18,A-1,,138
821202,PASS,971,1100,88.27,A-1,,138
821203,PASS,879,1100,79.91,A,,138
821205,PASS,770,1100,70.0,A,,138
821206,PASS,617,1100,56.09,C,,138
821207,PASS,718,1100,65.27,B,,138
821208,PASS,530,1100,48.18,D,,139
821210,PASS,593,1100,53.91,C,,138
821212,PASS,757,1100,68.82,B,,138
821213,PASS,935,1100,85.0,A-1,,138
821215,PASS,579,1100,52.64,C,,138
821216,PASS,660,1100,60.0,B,,138
821218,PASS,566,1100,51.45,C,,138
821219,PASS,535,1100,48.64,D,,139
821220,PASS,497,1100,45.18,D,,139
821221,PASS,724,1100,65.82,B,,138
821222,PASS,692,1100,62.91,B,,138
821226,PASS,835,1100,75.91,A,,138
821227,PASS,693,1100,63.0,B,,138
821228,PASS,774,1100,70.36,A,,138
821231,PASS,673,1100,61.18,B,,138
821232,PASS,775,1100,70.45,A,,138
821233,PASS,752,1100,68.36,B,,138
821234,PASS,514,1100,46.73,D,,139
821237,PASS,714,1100,64.91,B,,138
821238,PASS,688,1100,62.55,B,,138
821239,PASS,780,1100,70.91,A,,138
821241,PASS,882,1100,80.18,A-1,,138
821242,PASS,779,1100,70.82,A,,138
821243,PASS,521,1100,47.36,D,,139
821245,PASS,660,1100,60.0,B,,138
821281,PASS,584,1100,53.09,C,,139
821282,PASS,888,1100,80.73,A-1,,139
821287,PASS,565,1100,51.36,C,,139
821288,PASS,705,1100,64.09,B,,139
821291,PASS,566,1100,51.45,C,,139
821292,PASS,692,1100,62.91,B,,139
821296,PASS,684,1100,62.18,B,,139
821299,PASS,650,1100,59.09,C,,139
821300,PASS,476,1100,43.27,D,,139
821304,PASS,619,1100,56.27,C,,139
821305,PASS,498,1100,45.27,D,,139
821306,PASS,542,1100,49.27,D,,139
821307,PASS,598,1100,54.36,C,,139
821308,PASS,515,1100,46.82,D,,139
821313,PASS,627,1100,57.0,C,,139
821314,PASS,537,1100,48.82,D,,139
821315,PASS,598,1100,54.36,C,,139
821316,PASS,863,1100,78.45,A,,139
821321,PASS,502,1100,45.64,D,,139
821351,PASS,698,1100,63.45,B,,139
821356,PASS,474,1100,43.09,D,,139
821359,PASS,758,1100,68.91,B,,139
821424,PASS,774,1100,70.36,A,,139
821436,PASS,854,1100,77.64,A,,139
821440,WITHHELD — COMPUTERIZED ENROLMENT CARD,,,,,,124
821469,PASS,893,1100,81.18,A-1,,139
821472,WITHHELD — COMPUTERIZED ENROLMENT CARD,,,,,,124
821476,PASS,470,1100,42.73,D,,140
821488,PASS,609,1100,55.36,C,,140
821498,PASS,696,1100,63.27,B,,139
821501,PASS,514,1100,46.73,D,,140
821503,PASS,536,1100,48.73,D,,140
821507,PASS,503,1100,45.73,D,,140
821510,PASS,559,1100,50.82,C,,140
821515,PASS,635,1100,57.73,C,,140
821525,PASS,491,1100,44.64,D,,140
821528,PASS,488,1100,44.36,D,,140
821541,PASS,599,1100,54.45,C,,140
821542,PASS,569,1100,51.73,C,,140
821552,PASS,444,1100,40.36,D,,140
821557,PASS,712,1100,64.73,B,,139
821561,PASS,694,1100,63.09,B,,139
821562,PASS,539,1100,49.0,D,,140
821565,PASS,587,1100,53.36,C,,140
821566,PASS,481,1100,43.73,D,,140
821581,WITHHELD — VERIFICATION OF ENROLMENT CARD,,,,,,125
821584,PASS,596,1100,54.18,C,,140
821596,WITHHELD — COMPUTERIZED ENROLMENT CARD,,,,,,124
821672,PASS,605,1100,55.0,C,,140
821673,PASS,658,1100,59.82,C,,140
821674,PASS,723,1100,65.73,B,,140
821675,PASS,615,1100,55.91,C,,140
821676,PASS,704,1100,64.0,B,,140
821677,PASS,650,1100,59.09,C,,140
821678,PASS,727,1100,66.09,B,,140
821679,PASS,778,1100,70.73,A,,140
821680,PASS,765,1100,69.55,B,,140
821681,PASS,792,1100,72.0,A,,140
821682,PASS,786,1100,71.45,A,,140
821683,PASS,777,1100,70.64,A,,140
821691,PASS,646,1100,58.73,C,,140
821706,PASS,555,1100,50.45,C,,141
821714,PASS,521,1100,47.36,D,,141
821715,PASS,490,1100,44.55,D,,141
821719,PASS,474,1100,43.09,D,,141
821720,PASS,620,1100,56.36,C,,141
821727,PASS,480,1100,43.64,D,,141
821728,PASS,432,1100,39.27,E,,141
821730,PASS,706,1100,64.18,B,,141
821731,PASS,575,1100,52.27,C,,141
821732,PASS,609,1100,55.36,C,,141
821733,PASS,525,1100,47.73,D,,141
821736,PASS,837,1100,76.09,A,,141
821742,PASS,515,1100,46.82,D,,141
821743,PASS,622,1100,56.55,C,,141
821747,PASS,707,1100,64.27,B,,141
821748,PASS,582,1100,52.91,C,,141
821749,PASS,610,1100,55.45,C,,141
821751,PASS,519,1100,47.18,D,,141
821759,PASS,651,1100,59.18,C,,141
821760,PASS,578,1100,52.55,C,,141
821768,PASS,479,1100,43.55,D,,141
821769,PASS,463,1100,42.09,D,,141
821776,PASS,588,1100,53.45,C,,141
821777,PASS,572,1100,52.0,C,,141
821778,PASS,516,1100,46.91,D,,141
821783,PASS,578,1100,52.55,C,,141
821786,PASS,505,1100,45.91,D,,141
821788,PASS,512,1100,46.55,D,,141
821792,PASS,521,1100,47.36,D,,141
821793,PASS,766,1100,69.64,B,,141
821794,PASS,741,1100,67.36,B,,141
821795,PASS,534,1100,48.55,D,,141
821796,PASS,515,1100,46.82,D,,141
821800,PASS,464,1100,42.18,D,,141
821801,PASS,494,1100,44.91,D,,141
821802,PASS,522,1100,47.45,D,,141
821809,PASS,576,1100,52.36,C,,141
821812,PASS,631,1100,57.36,C,,141
821821,PASS,559,1100,50.82,C,,141
821825,PASS,667,1100,60.64,B,,141
821826,PASS,654,1100,59.45,C,,141
821827,PASS,553,1100,50.27,C,,141
821828,PASS,580,1100,52.73,C,,141
821829,PASS,636,1100,57.82,C,,141
821835,PASS,570,1100,51.82,C,,141
821839,WITHHELD — COMPUTERIZED ENROLMENT CARD,,,,,,124
821901,PASS,559,1100,50.82,C,,141
821902,WITHHELD — COMPUTERIZED ENROLMENT CARD,,,,,,124
821910,WITHHELD — COMPUTERIZED ENROLMENT CARD,,,,,,124
821914,PASS,652,1100,59.27,C,,141
821916,PASS,503,1100,45.73,D,,141
821941,PASS,508,1100,46.18,D,,96
821943,PASS,690,1100,62.73,B,,96
821944,PASS,619,1100,56.27,C,,96
821945,PASS,922,1100,83.82,A-1,,96
821946,PASS,660,1100,60.0,B,,96
821947,PASS,653,1100,59.36,C,,96
821948,PASS,712,1100,64.73,B,,96
821949,PASS,858,1100,78.0,A,,96
821950,PASS,733,1100,66.64,B,,96
821951,PASS,794,1100,72.18,A,,96
821952,PASS,904,1100,82.18,A-1,,96
821953,PASS,765,1100,69.55,B,,97
821954,PASS,807,1100,73.36,A,,97
821955,PASS,695,1100,63.18,B,,97
821956,PASS,611,1100,55.55,C,,97
821957,PASS,735,1100,66.82,B,,97
821958,PASS,789,1100,71.73,A,,97
821959,PASS,618,1100,56.18,C,,97
821960,PASS,685,1100,62.27,B,,97
821961,PASS,796,1100,72.36,A,,97
821962,PASS,689,1100,62.64,B,,97
821963,PASS,926,1100,84.18,A-1,,96
821964,PASS,868,1100,78.91,A,,97
821965,PASS,751,1100,68.27,B,,97
821967,PASS,858,1100,78.0,A,,97
821981,PASS,828,1100,75.27,A,,142
821983,PASS,815,1100,74.09,A,,142
821984,PASS,535,1100,48.64,D,,142
821985,PASS,567,1100,51.55,C,,142
821987,PASS,817,1100,74.27,A,,142
821988,PASS,886,1100,80.55,A-1,,142
821989,PASS,712,1100,64.73,B,,142
821991,PASS,511,1100,46.45,D,,142
821993,PASS,634,1100,57.64,C,,142
821994,PASS,594,1100,54.0,C,,142
821995,PASS,582,1100,52.91,C,,142
821996,PASS,550,1100,50.0,C,,142
821998,PASS,568,1100,51.64,C,,142
822000,PASS,578,1100,52.55,C,,142
822001,PASS,557,1100,50.64,C,,142
822002,PASS,576,1100,52.36,C,,142
822003,PASS,673,1100,61.18,B,,142
822022,PASS,533,1100,48.45,D,,142
822032,PASS,946,1100,86.0,A-1,,97
822033,PASS,612,1100,55.64,C,,97
822034,PASS,630,1100,57.27,C,,97
822035,PASS,762,1100,69.27,B,,97
822036,PASS,994,1100,90.36,A-1,,97
822037,PASS,844,1100,76.73,A,,97
822038,PASS,715,1100,65.0,B,,97
822039,PASS,702,1100,63.82,B,,97
822040,PASS,731,1100,66.45,B,,97
822041,PASS,858,1100,78.0,A,,97
822042,PASS,680,1100,61.82,B,,97
822043,PASS,784,1100,71.27,A,,97
822044,PASS,632,1100,57.45,C,,97
822045,PASS,913,1100,83.0,A-1,,97
822046,PASS,851,1100,77.36,A,,97
822047,PASS,838,1100,76.18,A,,97
822048,PASS,820,1100,74.55,A,,97
822051,PASS,579,1100,52.64,C,,98
822061,PASS,751,1100,68.27,B,,98
822062,PASS,631,1100,57.36,C,,98
822071,PASS,715,1100,65.0,B,,98
822072,PASS,559,1100,50.82,C,,98
822073,PASS,538,1100,48.91,D,,98
822081,PASS,606,1100,55.09,C,,143
822083,PASS,600,1100,54.55,C,,143
822086,PASS,625,1100,56.82,C,,143
822088,PASS,558,1100,50.73,C,,143
822089,PASS,799,1100,72.64,A,,142
822090,PASS,591,1100,53.73,C,,143
822091,PASS,613,1100,55.73,C,,143
822092,PASS,669,1100,60.82,B,,142
822093,PASS,584,1100,53.09,C,,143
822095,PASS,607,1100,55.18,C,,143
822096,PASS,587,1100,53.36,C,,143
822097,PASS,710,1100,64.55,B,,142
822098,PASS,790,1100,71.82,A,,142
822099,PASS,676,1100,61.45,B,,142
822100,PASS,864,1100,78.55,A,,142
822102,PASS,637,1100,57.91,C,,143
822103,PASS,619,1100,56.27,C,,143
822111,PASS,608,1100,55.27,C,,99
822112,PASS,617,1100,56.09,C,,99
822113,PASS,650,1100,59.09,C,,99
822114,PASS,716,1100,65.09,B,,99
822115,PASS,646,1100,58.73,C,,99
822116,PASS,799,1100,72.64,A,,99
822117,PASS,661,1100,60.09,B,,99
822131,PASS,823,1100,74.82,A,,99
822132,PASS,814,1100,74.0,A,,99
822133,PASS,731,1100,66.45,B,,99
822134,PASS,741,1100,67.36,B,,99
822135,PASS,639,1100,58.09,C,,100
822141,PASS,598,1100,54.36,C,,143
822142,PASS,524,1100,47.64,D,,143
822148,PASS,633,1100,57.55,C,,143
822149,PASS,792,1100,72.0,A,,143
822151,PASS,694,1100,63.09,B,,143
822152,PASS,781,1100,71.0,A,,143
822153,PASS,764,1100,69.45,B,,143
822156,PASS,631,1100,57.36,C,,143
822159,WITHHELD — COMPUTERIZED ENROLMENT CARD,,,,,,124
822160,WITHHELD — COMPUTERIZED ENROLMENT CARD,,,,,,124
822171,PASS,872,1100,79.27,A,,143
822172,PASS,853,1100,77.55,A,,143
822181,PASS,545,1100,49.55,D,,143
822183,PASS,535,1100,48.64,D,,144
822201,PASS,520,1100,47.27,D,,102
823102,PASS,434,1100,39.45,E,,29
823104,PASS,410,1100,37.27,E,,29
823105,PASS,466,1100,42.36,D,,29
823106,PASS,447,1100,40.64,D,,29
823107,PASS,430,1100,39.09,E,,29
823108,PASS,459,1100,41.73,D,,29
823109,PASS,418,1100,38.0,E,,29
823110,PASS,438,1100,39.82,E,,29
823114,PASS,484,1100,44.0,D,,29
823119,PASS,417,1100,37.91,E,,29
823121,PASS,469,1100,42.64,D,,29
823123,PASS,449,1100,40.82,D,,29
823203,PASS,516,1100,46.91,D,,30
823212,PASS,455,1100,41.36,D,,30
823213,PASS,431,1100,39.18,E,,30
823214,PASS,466,1100,42.36,D,,30
823215,PASS,494,1100,44.91,D,,30
823216,PASS,527,1100,47.91,D,,30
823217,PASS,513,1100,46.64,D,,30
823220,PASS,460,1100,41.82,D,,30
823221,PASS,459,1100,41.73,D,,30
823225,PASS,456,1100,41.45,D,,30
823227,PASS,551,1100,50.09,C,,30
823228,PASS,446,1100,40.55,D,,30
823229,PASS,430,1100,39.09,E,,30
823231,PASS,484,1100,44.0,D,,30
823232,PASS,525,1100,47.73,D,,30
823233,PASS,652,1100,59.27,C,,30
823236,PASS,453,1100,41.18,D,,30
823238,PASS,532,1100,48.36,D,,30
823241,PASS,389,1100,35.36,E,,30
823243,PASS,560,1100,50.91,C,,30
824301,PASS,624,1100,56.73,C,,31
824302,PASS,942,1100,85.64,A-1,,31
825101,PASS,460,1100,41.82,D,,33
825102,PASS,458,1100,41.64,D,,33
825103,PASS,443,1100,40.27,D,,33
825107,PASS,481,1100,43.73,D,,33
825109,PASS,445,1100,40.45,D,,33
825111,PASS,428,1100,38.91,E,,33
825112,PASS,424,1100,38.55,E,,33
825113,PASS,379,1100,34.45,E,,33
825114,PASS,416,1100,37.82,E,,33
825115,PASS,482,1100,43.82,D,,33
825116,PASS,388,1100,35.27,E,,33
825119,PASS,433,1100,39.36,E,,33
825120,PASS,441,1100,40.09,D,,33
825121,PASS,470,1100,42.73,D,,33
825122,PASS,426,1100,38.73,E,,33
825123,PASS,402,1100,36.55,E,,33
825126,PASS,411,1100,37.36,E,,33
825127,PASS,432,1100,39.27,E,,33
825128,PASS,570,1100,51.82,C,,33
825130,PASS,491,1100,44.64,D,,33
825131,PASS,696,1100,63.27,B,,33
825134,PASS,450,1100,40.91,D,,33
825135,PASS,447,1100,40.64,D,,33
825136,PASS,460,1100,41.82,D,,33
825137,PASS,440,1100,40.0,D,,33
825138,PASS,472,1100,42.91,D,,33
825141,PASS,867,1100,78.82,A,,33
825145,PASS,503,1100,45.73,D,,33
825146,PASS,448,1100,40.73,D,,33
825147,PASS,479,1100,43.55,D,,33
825148,PASS,452,1100,41.09,D,,33
825153,PASS,444,1100,40.36,D,,33
825154,PASS,422,1100,38.36,E,,33
825155,PASS,385,1100,35.0,E,,33
825156,PASS,454,1100,41.27,D,,33
825158,PASS,476,1100,43.27,D,,33
825160,PASS,495,1100,45.0,D,,33
825451,PASS,476,1100,43.27,D,,34
825454,PASS,408,1100,37.09,E,,34
825455,PASS,464,1100,42.18,D,,34
825456,PASS,488,1100,44.36,D,,34
825458,PASS,468,1100,42.55,D,,34
825459,PASS,424,1100,38.55,E,,34
825462,PASS,460,1100,41.82,D,,34
825463,PASS,535,1100,48.64,D,,34
825464,PASS,463,1100,42.09,D,,34
825465,PASS,495,1100,45.0,D,,34
825467,PASS,457,1100,41.55,D,,34
825468,PASS,437,1100,39.73,E,,34
825473,PASS,480,1100,43.64,D,,34
825474,PASS,445,1100,40.45,D,,34
825476,PASS,406,1100,36.91,E,,34
825477,PASS,543,1100,49.36,D,,34
825478,PASS,500,1100,45.45,D,,34
825480,PASS,530,1100,48.18,D,,34
825484,PASS,509,1100,46.27,D,,34
825485,PASS,542,1100,49.27,D,,34
825487,PASS,487,1100,44.27,D,,34
825492,PASS,423,1100,38.45,E,,34
825802,PASS,520,1100,47.27,D,,35
825807,PASS,414,1100,37.64,E,,35
825811,PASS,463,1100,42.09,D,,35
825816,PASS,730,1100,66.36,B,,35
825817,PASS,475,1100,43.18,D,,35
825819,PASS,443,1100,40.27,D,,35
825820,PASS,461,1100,41.91,D,,35
825821,PASS,524,1100,47.64,D,,35
825824,PASS,529,1100,48.09,D,,35
825825,PASS,487,1100,44.27,D,,35
825827,PASS,483,1100,43.91,D,,35
825828,PASS,483,1100,43.91,D,,35
825829,WITHHELD — COMPUTERIZED ENROLMENT CARD,,,,,,124
825830,WITHHELD — U.F.M. CASE,,,,,,124
825832,PASS,409,1100,37.18,E,,35
825837,PASS,443,1100,40.27,D,,35
825839,PASS,423,1100,38.45,E,,35
826254,PASS,514,1100,46.73,D,,36
826257,PASS,759,1100,69.0,B,,36
826258,PASS,589,1100,53.55,C,,36
826263,PASS,415,1100,37.73,E,,36
826266,PASS,443,1100,40.27,D,,36
826267,PASS,450,1100,40.91,D,,36
826268,PASS,542,1100,49.27,D,,36
826269,PASS,627,1100,57.0,C,,36
826270,PASS,568,1100,51.64,C,,36
826273,PASS,431,1100,39.18,E,,36
826274,PASS,437,1100,39.73,E,,36
826276,PASS,572,1100,52.0,C,,36
826277,PASS,523,1100,47.55,D,,36
826278,PASS,505,1100,45.91,D,,36
826279,PASS,511,1100,46.45,D,,36
826280,PASS,484,1100,44.0,D,,36
826282,PASS,428,1100,38.91,E,,36
826283,PASS,421,1100,38.27,E,,36
826284,PASS,415,1100,37.73,E,,36
826287,PASS,440,1100,40.0,D,,36
826288,PASS,393,1100,35.73,E,,36
826289,PASS,462,1100,42.0,D,,36
826290,PASS,437,1100,39.73,E,,36
826291,PASS,448,1100,40.73,D,,36
826292,PASS,403,1100,36.64,E,,36
826293,PASS,449,1100,40.82,D,,36
826294,PASS,505,1100,45.91,D,,36
826295,PASS,419,1100,38.09,E,,36
826296,PASS,485,1100,44.09,D,,36
826297,PASS,470,1100,42.73,D,,36
826298,PASS,481,1100,43.73,D,,36
826299,PASS,448,1100,40.73,D,,36
826300,PASS,458,1100,41.64,D,,36
826305,PASS,540,1100,49.09,D,,36
826306,PASS,435,1100,39.55,E,,36
826307,PASS,440,1100,40.0,D,,36
826309,PASS,474,1100,43.09,D,,36
826315,PASS,494,1100,44.91,D,,36
826316,PASS,433,1100,39.36,E,,36
826317,PASS,406,1100,36.91,E,,36
826318,PASS,426,1100,38.73,E,,36
826320,PASS,396,1100,36.0,E,,36
826321,PASS,496,1100,45.09,D,,36
826322,PASS,443,1100,40.27,D,,36
826328,PASS,519,1100,47.18,D,,36
826329,PASS,572,1100,52.0,C,,36
826331,PASS,579,1100,52.64,C,,36
826335,PASS,469,1100,42.64,D,,36
826336,PASS,418,1100,38.0,E,,36
826341,PASS,446,1100,40.55,D,,36
826345,PASS,508,1100,46.18,D,,36
826346,PASS,495,1100,45.0,D,,36
826347,PASS,510,1100,46.36,D,,36
826348,PASS,456,1100,41.45,D,,36
826350,PASS,499,1100,45.36,D,,36
826353,PASS,471,1100,42.82,D,,36
826601,PASS,453,1100,41.18,D,,37
826603,PASS,442,1100,40.18,D,,37
826604,PASS,473,1100,43.0,D,,37
826606,PASS,443,1100,40.27,D,,37
826608,PASS,415,1100,37.73,E,,37
826611,PASS,471,1100,42.82,D,,37
826612,PASS,377,1100,34.27,E,,37
826614,PASS,479,1100,43.55,D,,37
826615,PASS,467,1100,42.45,D,,37
826616,PASS,470,1100,42.73,D,,37
826618,PASS,520,1100,47.27,D,,37
826619,PASS,601,1100,54.64,C,,37
826622,PASS,437,1100,39.73,E,,37
826623,PASS,419,1100,38.09,E,,37
826625,PASS,417,1100,37.91,E,,37
826626,PASS,463,1100,42.09,D,,37
826627,PASS,502,1100,45.64,D,,37
826629,PASS,484,1100,44.0,D,,37
826630,PASS,491,1100,44.64,D,,37
826631,PASS,447,1100,40.64,D,,37
826632,PASS,582,1100,52.91,C,,37
826633,PASS,411,1100,37.36,E,,37
827781,PASS,420,1100,38.18,E,,37
828542,PASS,495,1100,45.0,D,,38
828641,PASS,595,1100,54.09,C,,39
828741,PASS,444,1100,40.36,D,,39
828842,PASS,540,1100,49.09,D,,39
828941,PASS,462,1100,42.0,D,,40
829291,PASS,454,1100,41.27,D,,40
829292,PASS,482,1100,43.82,D,,40
829293,PASS,508,1100,46.18,D,,40
829297,PASS,428,1100,38.91,E,,41
829299,PASS,542,1100,49.27,D,,40
829302,PASS,656,1100,59.64,C,,40
829961,PASS,434,1100,39.45,E,,41
830163,PASS,425,1100,38.64,E,,42
830165,PASS,389,1100,35.36,E,,42
830167,PASS,446,1100,40.55,D,,42
830168,PASS,398,1100,36.18,E,,42
830169,PASS,413,1100,37.55,E,,42
830171,PASS,429,1100,39.0,E,,42
830173,PASS,462,1100,42.0,D,,42
830174,PASS,467,1100,42.45,D,,42
830175,PASS,452,1100,41.09,D,,42
831221,PASS,500,1100,45.45,D,,43
831222,PASS,648,1100,58.91,C,,43
831431,PASS,607,1100,55.18,C,,43
831432,PASS,595,1100,54.09,C,,43
831433,PASS,506,1100,46.0,D,,43
831435,PASS,478,1100,43.45,D,,43
831721,PASS,580,1100,52.73,C,,44
831722,PASS,658,1100,59.82,C,,44
831723,PASS,529,1100,48.09,D,,44
831725,PASS,690,1100,62.73,B,,44
831872,PASS,578,1100,52.55,C,,45
831873,PASS,466,1100,42.36,D,,46
831874,PASS,554,1100,50.36,C,,45
831875,PASS,512,1100,46.55,D,,46
831877,PASS,582,1100,52.91,C,,45
831879,PASS,467,1100,42.45,D,,46
832121,PASS,665,1100,60.45,B,,46
832125,PASS,489,1100,44.45,D,,46
832127,PASS,523,1100,47.55,D,,46
832128,PASS,512,1100,46.55,D,,46
832379,PASS,476,1100,43.27,D,,46
832380,PASS,411,1100,37.36,E,,46
832381,PASS,390,1100,35.45,E,,46
832389,PASS,433,1100,39.36,E,,46
832390,PASS,424,1100,38.55,E,,46
832391,PASS,463,1100,42.09,D,,46
832392,PASS,402,1100,36.55,E,,46
832394,PASS,422,1100,38.36,E,,46
832395,PASS,509,1100,46.27,D,,46
832399,PASS,575,1100,52.27,C,,46
832405,PASS,424,1100,38.55,E,,46
832407,WITHHELD — COMPUTERIZED ENROLMENT CARD,,,,,,124
832413,WITHHELD — COMPUTERIZED ENROLMENT CARD,,,,,,124
832416,PASS,764,1100,69.45,B,,46
832418,WITHHELD — U.F.M. CASE,,,,,,124
832423,PASS,425,1100,38.64,E,,46
832424,PASS,484,1100,44.0,D,,46
832425,PASS,453,1100,41.18,D,,46
832427,PASS,497,1100,45.18,D,,46
832951,PASS,483,1100,43.91,D,,47
832952,PASS,458,1100,41.64,D,,47
832953,WITHHELD — COMPUTERIZED ENROLMENT CARD,,,,,,124
833151,PASS,592,1100,53.82,C,,48
833152,PASS,457,1100,41.55,D,,48
833153,PASS,462,1100,42.0,D,,48
833155,PASS,554,1100,50.36,C,,48
833159,PASS,645,1100,58.64,C,,48
833160,PASS,453,1100,41.18,D,,48
833163,PASS,441,1100,40.09,D,,48
833164,PASS,521,1100,47.36,D,,48
833165,PASS,427,1100,38.82,E,,48
833166,PASS,436,1100,39.64,E,,48
833167,PASS,520,1100,47.27,D,,48
833168,PASS,469,1100,42.64,D,,48
833170,PASS,545,1100,49.55,D,,48
833171,PASS,433,1100,39.36,E,,48
833172,PASS,431,1100,39.18,E,,48
833173,PASS,472,1100,42.91,D,,48
833176,PASS,495,1100,45.0,D,,48
833179,PASS,534,1100,48.55,D,,48
833180,PASS,485,1100,44.09,D,,48
833182,PASS,493,1100,44.82,D,,48
833183,PASS,457,1100,41.55,D,,48
833184,PASS,456,1100,41.45,D,,48
833402,PASS,442,1100,40.18,D,,49
833403,PASS,452,1100,41.09,D,,49
833409,PASS,471,1100,42.82,D,,49
833410,PASS,423,1100,38.45,E,,49
833412,PASS,559,1100,50.82,C,,48
833413,PASS,447,1100,40.64,D,,49
833416,PASS,447,1100,40.64,D,,49
833418,PASS,432,1100,39.27,E,,49
833420,PASS,494,1100,44.91,D,,49
833421,PASS,498,1100,45.27,D,,49
833423,PASS,521,1100,47.36,D,,49
833424,PASS,478,1100,43.45,D,,49
833428,PASS,550,1100,50.0,C,,48
833429,PASS,551,1100,50.09,C,,48
833430,PASS,495,1100,45.0,D,,49
833431,PASS,463,1100,42.09,D,,49
833434,PASS,464,1100,42.18,D,,49
833651,PASS,727,1100,66.09,B,,49
833653,PASS,444,1100,40.36,D,,49
833751,PASS,434,1100,39.45,E,,50
833753,PASS,464,1100,42.18,D,,50
833755,PASS,449,1100,40.82,D,,50
833758,PASS,393,1100,35.73,E,,50
833759,PASS,408,1100,37.09,E,,50
833760,PASS,433,1100,39.36,E,,50
833763,PASS,440,1100,40.0,D,,50
833764,PASS,407,1100,37.0,E,,50
833765,PASS,424,1100,38.55,E,,50
833766,PASS,500,1100,45.45,D,,50
833767,PASS,429,1100,39.0,E,,50
833769,PASS,581,1100,52.82,C,,49
833770,PASS,420,1100,38.18,E,,50
833771,PASS,423,1100,38.45,E,,50
833772,PASS,438,1100,39.82,E,,50
833773,PASS,459,1100,41.73,D,,50
833774,PASS,480,1100,43.64,D,,50
833775,PASS,417,1100,37.91,E,,50
833776,PASS,456,1100,41.45,D,,50
833777,PASS,463,1100,42.09,D,,50
833778,PASS,435,1100,39.55,E,,50
833779,PASS,446,1100,40.55,D,,50
833780,PASS,437,1100,39.73,E,,50
833782,PASS,515,1100,46.82,D,,50
833784,PASS,448,1100,40.73,D,,50
833786,PASS,428,1100,38.91,E,,50
833788,PASS,475,1100,43.18,D,,50
833789,PASS,523,1100,47.55,D,,50
833793,PASS,479,1100,43.55,D,,50
833794,PASS,420,1100,38.18,E,,50
833795,PASS,407,1100,37.0,E,,50
833799,PASS,440,1100,40.0,D,,50
833800,PASS,435,1100,39.55,E,,50
833803,PASS,448,1100,40.73,D,,50
833806,PASS,483,1100,43.91,D,,50
834352,PASS,508,1100,46.18,D,,51
834354,PASS,498,1100,45.27,D,,51
834355,PASS,483,1100,43.91,D,,51
834356,PASS,502,1100,45.64,D,,51
834357,PASS,541,1100,49.18,D,,51
834358,PASS,463,1100,42.09,D,,51
834359,PASS,476,1100,43.27,D,,51
834360,PASS,564,1100,51.27,C,,50
834362,PASS,463,1100,42.09,D,,51
834363,PASS,493,1100,44.82,D,,51
834364,PASS,485,1100,44.09,D,,51
834365,PASS,484,1100,44.0,D,,51
834368,PASS,528,1100,48.0,D,,51
834375,PASS,515,1100,46.82,D,,51
834501,PASS,559,1100,50.82,C,,51
834801,PASS,509,1100,46.27,D,,52
834902,PASS,737,1100,67.0,B,,52
834903,PASS,498,1100,45.27,D,,52
836103,PASS,622,1100,56.55,C,,55
836104,PASS,666,1100,60.55,B,,55
836105,PASS,468,1100,42.55,D,,56
836106,PASS,530,1100,48.18,D,,56
836107,PASS,637,1100,57.91,C,,55
836108,PASS,613,1100,55.73,C,,55
836110,PASS,519,1100,47.18,D,,56
836112,PASS,829,1100,75.36,A,,55
836502,PASS,490,1100,44.55,D,,57
836506,PASS,400,1100,36.36,E,,57
836508,PASS,403,1100,36.64,E,,57
836509,PASS,435,1100,39.55,E,,57
836510,PASS,485,1100,44.09,D,,57
836511,PASS,499,1100,45.36,D,,57
836512,PASS,500,1100,45.45,D,,57
836513,PASS,598,1100,54.36,C,,56
836514,PASS,522,1100,47.45,D,,57
836515,PASS,534,1100,48.55,D,,57
836516,PASS,477,1100,43.36,D,,57
836524,PASS,428,1100,38.91,E,,57
836525,PASS,417,1100,37.91,E,,57
836526,PASS,436,1100,39.64,E,,57
836528,PASS,539,1100,49.0,D,,57
836529,PASS,639,1100,58.09,C,,56
836532,PASS,461,1100,41.91,D,,57
836533,WITHHELD — COMPUTERIZED ENROLMENT CARD,,,,,,124
836660,PASS,479,1100,43.55,D,,57
836665,PASS,581,1100,52.82,C,,57
836667,PASS,566,1100,51.45,C,,57
836677,PASS,444,1100,40.36,D,,57
836680,PASS,550,1100,50.0,C,,57
836681,PASS,614,1100,55.82,C,,57
836682,PASS,504,1100,45.82,D,,57
836686,PASS,511,1100,46.45,D,,57
836689,PASS,484,1100,44.0,D,,57
836690,PASS,442,1100,40.18,D,,57
836692,PASS,422,1100,38.36,E,,58
836698,PASS,431,1100,39.18,E,,58
836700,PASS,588,1100,53.45,C,,57
836703,PASS,465,1100,42.27,D,,57
836706,PASS,559,1100,50.82,C,,57
836707,PASS,482,1100,43.82,D,,57
836708,PASS,458,1100,41.64,D,,57
836710,PASS,428,1100,38.91,E,,58
836711,PASS,432,1100,39.27,E,,58
836714,PASS,556,1100,50.55,C,,57
836716,PASS,447,1100,40.64,D,,57
836717,PASS,421,1100,38.27,E,,58
836719,PASS,537,1100,48.82,D,,57
836721,PASS,504,1100,45.82,D,,57
836726,PASS,463,1100,42.09,D,,57
836727,PASS,427,1100,38.82,E,,58
836729,PASS,435,1100,39.55,E,,57
836731,PASS,431,1100,39.18,E,,58
836732,PASS,481,1100,43.73,D,,57
836735,PASS,490,1100,44.55,D,,57
836736,PASS,483,1100,43.91,D,,57
836739,PASS,436,1100,39.64,E,,57
836740,PASS,432,1100,39.27,E,,58
836742,PASS,481,1100,43.73,D,,57
836744,PASS,522,1100,47.45,D,,57
836757,PASS,439,1100,39.91,E,,57
836758,PASS,419,1100,38.09,E,,58
836759,PASS,430,1100,39.09,E,,58
836760,PASS,478,1100,43.45,D,,57
836761,PASS,474,1100,43.09,D,,57
836767,PASS,488,1100,44.36,D,,57
836769,PASS,495,1100,45.0,D,,57
836771,PASS,498,1100,45.27,D,,57
836779,PASS,447,1100,40.64,D,,57
836781,PASS,495,1100,45.0,D,,57
836786,PASS,442,1100,40.18,D,,57
836788,PASS,426,1100,38.73,E,,58
836789,PASS,446,1100,40.55,D,,57
836791,PASS,513,1100,46.64,D,,57
836792,PASS,524,1100,47.64,D,,57
836794,PASS,520,1100,47.27,D,,57
837001,PASS,612,1100,55.64,C,,58
837003,PASS,493,1100,44.82,D,,58
837101,PASS,667,1100,60.64,B,,58
837104,PASS,433,1100,39.36,E,,59
837105,PASS,467,1100,42.45,D,,59
837108,PASS,516,1100,46.91,D,,59
837109,PASS,541,1100,49.18,D,,59
837110,PASS,479,1100,43.55,D,,59
837111,PASS,536,1100,48.73,D,,59
837112,PASS,538,1100,48.91,D,,59
837113,PASS,518,1100,47.09,D,,59
837114,PASS,585,1100,53.18,C,,58
837115,PASS,445,1100,40.45,D,,59
837116,PASS,503,1100,45.73,D,,59
837120,PASS,428,1100,38.91,E,,59
837121,PASS,493,1100,44.82,D,,59
837125,PASS,583,1100,53.0,C,,58
837128,PASS,470,1100,42.73,D,,59
837130,PASS,470,1100,42.73,D,,59
837132,PASS,521,1100,47.36,D,,59
837133,PASS,550,1100,50.0,C,,58
837134,PASS,539,1100,49.0,D,,59
837135,PASS,523,1100,47.55,D,,59
837138,PASS,553,1100,50.27,C,,58
837140,PASS,468,1100,42.55,D,,59
837141,PASS,491,1100,44.64,D,,59
837143,PASS,517,1100,47.0,D,,59
837891,PASS,479,1100,43.55,D,,60
837991,PASS,595,1100,54.09,C,,60
837992,PASS,495,1100,45.0,D,,60
838291,PASS,505,1100,45.91,D,,60
838292,PASS,516,1100,46.91,D,,60
838293,PASS,456,1100,41.45,D,,60
838294,PASS,923,1100,83.91,A-1,,60
838295,PASS,933,1100,84.82,A-1,,60
838391,PASS,510,1100,46.36,D,,61
838393,PASS,529,1100,48.09,D,,61
838395,PASS,615,1100,55.91,C,,61
838491,PASS,568,1100,51.64,C,,61
838492,PASS,514,1100,46.73,D,,61
838493,PASS,597,1100,54.27,C,,61
838592,PASS,628,1100,57.09,C,,62
839091,PASS,490,1100,44.55,D,,63
839291,PASS,441,1100,40.09,D,,65
839292,PASS,560,1100,50.91,C,,65
839294,PASS,575,1100,52.27,C,,65
839295,PASS,463,1100,42.09,D,,65
839300,PASS,515,1100,46.82,D,,65
839301,PASS,542,1100,49.27,D,,65
839302,PASS,522,1100,47.45,D,,65
839303,PASS,471,1100,42.82,D,,65
839304,PASS,439,1100,39.91,E,,65
839305,PASS,653,1100,59.36,C,,65
839310,PASS,618,1100,56.18,C,,65
839313,PASS,644,1100,58.55,C,,65
839315,WITHHELD — COMPUTERIZED ENROLMENT CARD,,,,,,124
839541,PASS,672,1100,61.09,B,,144
839641,PASS,498,1100,45.27,D,,65
839642,PASS,496,1100,45.09,D,,65
839742,PASS,488,1100,44.36,D,,66
839743,PASS,457,1100,41.55,D,,66
839745,PASS,443,1100,40.27,D,,66
839746,PASS,470,1100,42.73,D,,66
839750,PASS,533,1100,48.45,D,,66
839751,PASS,479,1100,43.55,D,,66
839754,PASS,518,1100,47.09,D,,66
839755,PASS,520,1100,47.27,D,,66
839757,PASS,400,1100,36.36,E,,66
840149,PASS,446,1100,40.55,D,,67
840150,PASS,423,1100,38.45,E,,67
840151,PASS,445,1100,40.45,D,,67
840152,PASS,614,1100,55.82,C,,67
840154,PASS,486,1100,44.18,D,,67
840155,PASS,444,1100,40.36,D,,67
840158,PASS,460,1100,41.82,D,,67
840159,PASS,454,1100,41.27,D,,67
840160,PASS,461,1100,41.91,D,,67
840161,PASS,462,1100,42.0,D,,67
840162,PASS,580,1100,52.73,C,,67
840163,PASS,490,1100,44.55,D,,67
840165,PASS,430,1100,39.09,E,,67
840169,PASS,482,1100,43.82,D,,67
840170,PASS,587,1100,53.36,C,,67
840171,PASS,454,1100,41.27,D,,67
840172,PASS,501,1100,45.55,D,,67
840176,PASS,419,1100,38.09,E,,67
840177,PASS,483,1100,43.91,D,,67
840178,PASS,442,1100,40.18,D,,67
840180,PASS,495,1100,45.0,D,,67
840183,PASS,529,1100,48.09,D,,67
840186,PASS,582,1100,52.91,C,,67
840187,PASS,535,1100,48.64,D,,67
840188,PASS,570,1100,51.82,C,,67
840193,PASS,450,1100,40.91,D,,67
840198,PASS,548,1100,49.82,D,,67
840199,PASS,500,1100,45.45,D,,67
840200,PASS,508,1100,46.18,D,,67
840201,PASS,428,1100,38.91,E,,67
840205,PASS,464,1100,42.18,D,,67
840206,PASS,505,1100,45.91,D,,67
840209,PASS,516,1100,46.91,D,,67
840210,PASS,505,1100,45.91,D,,67
840211,PASS,516,1100,46.91,D,,67
840498,PASS,481,1100,43.73,D,,68
840501,PASS,554,1100,50.36,C,,68
840508,PASS,413,1100,37.55,E,,68
840509,PASS,402,1100,36.55,E,,68
840511,PASS,567,1100,51.55,C,,68
840512,PASS,438,1100,39.82,E,,68
840515,PASS,510,1100,46.36,D,,68
840516,PASS,505,1100,45.91,D,,68
840517,PASS,508,1100,46.18,D,,68
840519,PASS,800,1100,72.73,A,,67
840521,PASS,558,1100,50.73,C,,68
840522,PASS,445,1100,40.45,D,,68
840523,PASS,503,1100,45.73,D,,68
840981,PASS,450,1100,40.91,D,,68
841181,PASS,531,1100,48.27,D,,102
841182,PASS,436,1100,39.64,E,,102
841185,PASS,486,1100,44.18,D,,102
841186,PASS,471,1100,42.82,D,,102
841187,PASS,433,1100,39.36,E,,102
841189,PASS,477,1100,43.36,D,,102
841190,PASS,424,1100,38.55,E,,102
841191,PASS,415,1100,37.73,E,,102
841192,PASS,436,1100,39.64,E,,102
841195,PASS,435,1100,39.55,E,,102
841196,PASS,562,1100,51.09,C,,102
841197,PASS,457,1100,41.55,D,,102
841200,PASS,451,1100,41.0,D,,102
841201,PASS,534,1100,48.55,D,,102
841202,PASS,471,1100,42.82,D,,102
841203,PASS,432,1100,39.27,E,,102
841209,PASS,397,1100,36.09,E,,102
841210,PASS,438,1100,39.82,E,,102
841213,PASS,580,1100,52.73,C,,102
841214,PASS,487,1100,44.27,D,,102
841216,PASS,504,1100,45.82,D,,102
841282,PASS,467,1100,42.45,D,,69
841284,PASS,425,1100,38.64,E,,69
841291,PASS,448,1100,40.73,D,,69
841294,PASS,591,1100,53.73,C,,68
841386,PASS,524,1100,47.64,D,,69
841387,PASS,457,1100,41.55,D,,69
841388,PASS,505,1100,45.91,D,,69
841389,PASS,480,1100,43.64,D,,69
841390,PASS,494,1100,44.91,D,,69
841391,PASS,445,1100,40.45,D,,69
841392,PASS,525,1100,47.73,D,,69
841393,PASS,418,1100,38.0,E,,69
841395,PASS,546,1100,49.64,D,,69
841396,PASS,424,1100,38.55,E,,69
841397,PASS,444,1100,40.36,D,,69
841831,WITHHELD — COMPUTERIZED ENROLMENT CARD,,,,,,124
841832,WITHHELD — COMPUTERIZED ENROLMENT CARD,,,,,,124
841932,PASS,506,1100,46.0,D,,70
841933,PASS,531,1100,48.27,D,,70
841934,PASS,597,1100,54.27,C,,70
841935,PASS,518,1100,47.09,D,,70
841937,PASS,489,1100,44.45,D,,70
842031,PASS,600,1100,54.55,C,,70
842331,PASS,500,1100,45.45,D,,71
842332,PASS,501,1100,45.55,D,,71
842335,PASS,497,1100,45.18,D,,71
842336,PASS,486,1100,44.18,D,,71
842337,PASS,432,1100,39.27,E,,71
842338,PASS,525,1100,47.73,D,,71
842339,PASS,490,1100,44.55,D,,71
842340,PASS,458,1100,41.64,D,,71
842901,PASS,807,1100,73.36,A,,71
843102,PASS,491,1100,44.64,D,,72
843201,PASS,594,1100,54.0,C,,145
843301,PASS,566,1100,51.45,C,,73
843601,PASS,519,1100,47.18,D,,74
843903,PASS,510,1100,46.36,D,,76
843905,PASS,506,1100,46.0,D,,76
843906,PASS,538,1100,48.91,D,,76
843907,PASS,542,1100,49.27,D,,76
843908,PASS,484,1100,44.0,D,,76
843909,PASS,663,1100,60.27,B,,76
843910,PASS,577,1100,52.45,C,,76
843911,PASS,465,1100,42.27,D,,76
844051,PASS,884,1100,80.36,A-1,,76
844052,PASS,910,1100,82.73,A-1,,76
844054,PASS,480,1100,43.64,D,,78
844055,PASS,549,1100,49.91,D,,77
844056,PASS,449,1100,40.82,D,,78
844057,PASS,438,1100,39.82,E,,78
844058,PASS,532,1100,48.36,D,,78
844059,PASS,531,1100,48.27,D,,78
844060,PASS,722,1100,65.64,B,,77
844062,PASS,781,1100,71.0,A,,77
844066,PASS,465,1100,42.27,D,,78
844067,PASS,524,1100,47.64,D,,78
844068,PASS,583,1100,53.0,C,,77
844069,PASS,442,1100,40.18,D,,78
844071,PASS,476,1100,43.27,D,,78
844072,PASS,461,1100,41.91,D,,78
844074,WITHHELD — COMPUTERIZED ENROLMENT CARD,,,,,,124
844075,WITHHELD — VERIFICATION OF ENROLMENT CARD,,,,,,125
844076,PASS,484,1100,44.0,D,,78
844077,PASS,522,1100,47.45,D,,78
844078,PASS,727,1100,66.09,B,,77
844079,PASS,545,1100,49.55,D,,77
844080,PASS,671,1100,61.0,B,,77
844081,PASS,923,1100,83.91,A-1,,76
844084,PASS,481,1100,43.73,D,,78
844085,PASS,560,1100,50.91,C,,77
844086,WITHHELD — VERIFICATION OF ENROLMENT CARD,,,,,,125
845801,PASS,623,1100,56.64,C,,79
845802,PASS,485,1100,44.09,D,,79
845803,PASS,495,1100,45.0,D,,79
845806,PASS,562,1100,51.09,C,,79
845807,PASS,486,1100,44.18,D,,79
845810,PASS,510,1100,46.36,D,,79
845811,PASS,520,1100,47.27,D,,79
845813,PASS,476,1100,43.27,D,,79
845814,PASS,524,1100,47.64,D,,79
845815,PASS,416,1100,37.82,E,,79
845902,PASS,511,1100,46.45,D,,81
845904,PASS,609,1100,55.36,C,,80
845908,PASS,660,1100,60.0,B,,80
845911,PASS,448,1100,40.73,D,,81
845913,PASS,615,1100,55.91,C,,80
845915,PASS,541,1100,49.18,D,,81
845916,PASS,455,1100,41.36,D,,81
845917,PASS,471,1100,42.82,D,,81
845918,PASS,458,1100,41.64,D,,81
845919,PASS,563,1100,51.18,C,,80
845920,PASS,561,1100,51.0,C,,81
845921,PASS,523,1100,47.55,D,,81
845922,PASS,530,1100,48.18,D,,81
845923,PASS,432,1100,39.27,E,,81
845926,PASS,453,1100,41.18,D,,81
845927,PASS,451,1100,41.0,D,,81
845928,PASS,598,1100,54.36,C,,81
845929,PASS,526,1100,47.82,D,,81
845930,PASS,461,1100,41.91,D,,81
845932,PASS,491,1100,44.64,D,,81
845934,PASS,403,1100,36.64,E,,81
845935,PASS,454,1100,41.27,D,,81
845937,PASS,491,1100,44.64,D,,81
845940,PASS,685,1100,62.27,B,,80
845948,PASS,533,1100,48.45,D,,81
845951,PASS,491,1100,44.64,D,,81
845952,PASS,429,1100,39.0,E,,81
845954,PASS,407,1100,37.0,E,,81
845956,PASS,436,1100,39.64,E,,81
846391,PASS,561,1100,51.0,C,,145
846841,WITHHELD — COMPUTERIZED ENROLMENT CARD,,,,,,124
847642,PASS,447,1100,40.64,D,,86
847650,PASS,493,1100,44.82,D,,86
847651,PASS,440,1100,40.0,D,,86
847652,PASS,422,1100,38.36,E,,86
847655,PASS,543,1100,49.36,D,,86
847658,PASS,447,1100,40.64,D,,86
847660,PASS,511,1100,46.45,D,,86
847661,PASS,431,1100,39.18,E,,86
847662,PASS,501,1100,45.55,D,,86
847663,PASS,522,1100,47.45,D,,86
847664,PASS,455,1100,41.36,D,,86
847666,PASS,698,1100,63.45,B,,85
847668,PASS,456,1100,41.45,D,,86
847669,PASS,506,1100,46.0,D,,86
847671,PASS,448,1100,40.73,D,,86
847675,PASS,505,1100,45.91,D,,86
847677,PASS,459,1100,41.73,D,,86
847679,PASS,539,1100,49.0,D,,86
847680,PASS,432,1100,39.27,E,,86
847681,PASS,513,1100,46.64,D,,86
847682,PASS,536,1100,48.73,D,,86
847683,PASS,497,1100,45.18,D,,86
847684,PASS,635,1100,57.73,C,,86
847685,PASS,459,1100,41.73,D,,86
847686,PASS,545,1100,49.55,D,,86
847687,PASS,544,1100,49.45,D,,86
847688,PASS,561,1100,51.0,C,,86
848301,PASS,509,1100,46.27,D,,86
848302,PASS,490,1100,44.55,D,,86
848901,WITHHELD — COMPUTERIZED ENROLMENT CARD,,,,,,124
848903,PASS,488,1100,44.36,D,,87
848904,PASS,501,1100,45.55,D,,87
849001,PASS,483,1100,43.91,D,,87
849006,PASS,438,1100,39.82,E,,87
849011,PASS,408,1100,37.09,E,,87
849012,PASS,576,1100,52.36,C,,87
849251,PASS,927,1100,84.27,A-1,,87
849252,PASS,792,1100,72.0,A,,87
849253,PASS,605,1100,55.0,C,,88
849254,PASS,644,1100,58.55,C,,88
849255,PASS,735,1100,66.82,B,,88
849256,PASS,581,1100,52.82,C,,88
849257,PASS,616,1100,56.0,C,,88
849258,PASS,637,1100,57.91,C,,88
849259,PASS,459,1100,41.73,D,,88
849260,PASS,693,1100,63.0,B,,88
849351,PASS,605,1100,55.0,C,,88
849651,PASS,427,1100,38.82,E,,89
849652,PASS,429,1100,39.0,E,,89
849653,PASS,428,1100,38.91,E,,89
849656,PASS,458,1100,41.64,D,,89
849660,PASS,411,1100,37.36,E,,89
849662,PASS,555,1100,50.45,C,,146
849802,PASS,456,1100,41.45,D,,89
849804,PASS,457,1100,41.55,D,,89
849806,PASS,473,1100,43.0,D,,89
849808,PASS,445,1100,40.45,D,,89
849810,PASS,429,1100,39.0,E,,89
849812,PASS,504,1100,45.82,D,,89
849813,PASS,452,1100,41.09,D,,89
849814,PASS,404,1100,36.73,E,,89
849816,PASS,438,1100,39.82,E,,89
849818,PASS,429,1100,39.0,E,,89
849821,PASS,425,1100,38.64,E,,89
849825,PASS,615,1100,55.91,C,,89
849827,PASS,436,1100,39.64,E,,89
849830,PASS,421,1100,38.27,E,,89
849831,PASS,477,1100,43.36,D,,89
849832,PASS,631,1100,57.36,C,,89
849833,PASS,425,1100,38.64,E,,89
849835,PASS,552,1100,50.18,C,,89
849836,PASS,542,1100,49.27,D,,89
849837,PASS,431,1100,39.18,E,,89
849838,PASS,441,1100,40.09,D,,89
849839,PASS,428,1100,38.91,E,,89
849840,PASS,495,1100,45.0,D,,89
849842,PASS,430,1100,39.09,E,,89
849843,PASS,500,1100,45.45,D,,89
849844,PASS,524,1100,47.64,D,,89
850055,PASS,641,1100,58.27,C,,90
850057,PASS,416,1100,37.82,E,,90
850065,PASS,464,1100,42.18,D,,90
850074,PASS,402,1100,36.55,E,,90
850077,PASS,484,1100,44.0,D,,90
850081,PASS,437,1100,39.73,E,,90
850082,WITHHELD — COMPUTERIZED ENROLMENT CARD,,,,,,124
850084,WITHHELD — U.F.M. CASE,,,,,,124
850085,WITHHELD — U.F.M. CASE,,,,,,124
850087,PASS,451,1100,41.0,D,,90
850088,PASS,425,1100,38.64,E,,90
850095,PASS,498,1100,45.27,D,,90
850096,PASS,419,1100,38.09,E,,90
850097,PASS,543,1100,49.36,D,,90
850203,PASS,520,1100,47.27,D,,91
850302,PASS,420,1100,38.18,E,,92
850303,PASS,439,1100,39.91,E,,92
850304,PASS,678,1100,61.64,B,,91
850305,PASS,472,1100,42.91,D,,92
850309,PASS,440,1100,40.0,D,,92
850311,PASS,592,1100,53.82,C,,91
850313,PASS,448,1100,40.73,D,,92
850316,PASS,413,1100,37.55,E,,92
850317,PASS,478,1100,43.45,D,,92
850804,PASS,418,1100,38.0,E,,92
850805,PASS,472,1100,42.91,D,,92
850807,PASS,482,1100,43.82,D,,92
850808,PASS,410,1100,37.27,E,,147
850813,PASS,425,1100,38.64,E,,147
851501,PASS,418,1100,38.0,E,,93
851906,PASS,484,1100,44.0,D,,93
851914,PASS,764,1100,69.45,B,,93
852001,PASS,512,1100,46.55,D,,94
852002,PASS,521,1100,47.36,D,,94
852005,PASS,426,1100,38.73,E,,94
852007,PASS,469,1100,42.64,D,,94
852009,PASS,459,1100,41.73,D,,94
852011,PASS,498,1100,45.27,D,,94
852015,PASS,576,1100,52.36,C,,94
852018,PASS,508,1100,46.18,D,,94
852020,WITHHELD — COMPUTERIZED ENROLMENT CARD,,,,,,124
852024,PASS,416,1100,37.82,E,,94
852026,PASS,449,1100,40.82,D,,94
852101,PASS,520,1100,47.27,D,,94
852108,PASS,546,1100,49.64,D,,94
852110,PASS,456,1100,41.45,D,,94
852111,PASS,451,1100,41.0,D,,94
852112,PASS,432,1100,39.27,E,,94
852113,PASS,443,1100,40.27,D,,94
852119,PASS,485,1100,44.09,D,,94
852122,PASS,444,1100,40.36,D,,94
852129,PASS,464,1100,42.18,D,,94
852131,PASS,433,1100,39.36,E,,94
852884,PASS,516,1100,46.91,D,,95
852886,PASS,419,1100,38.09,E,,95
852888,PASS,507,1100,46.09,D,,95
852890,PASS,421,1100,38.27,E,,95
852892,PASS,465,1100,42.27,D,,95
852893,PASS,482,1100,43.82,D,,95
852894,WITHHELD — COMPUTERIZED ENROLMENT CARD,,,,,,124
852896,PASS,431,1100,39.18,E,,95
852900,PASS,436,1100,39.64,E,,95
852901,PASS,411,1100,37.36,E,,95
852902,PASS,419,1100,38.09,E,,95
852905,PASS,452,1100,41.09,D,,95
852906,PASS,470,1100,42.73,D,,95
853040,PASS,431,1100,39.18,E,,95
853049,PASS,445,1100,40.45,D,,95
853050,PASS,506,1100,46.0,D,,95
853051,PASS,461,1100,41.91,D,,95
853052,PASS,479,1100,43.55,D,,95
853053,PASS,461,1100,41.91,D,,95
853054,PASS,447,1100,40.64,D,,95
853055,PASS,479,1100,43.55,D,,95
853068,PASS,466,1100,42.36,D,,95
853069,PASS,432,1100,39.27,E,,95
853075,PASS,435,1100,39.55,E,,95
853079,PASS,435,1100,39.55,E,,95
853080,PASS,499,1100,45.36,D,,95
853081,PASS,443,1100,40.27,D,,95
854131,PASS,449,1100,40.82,D,,147
854531,PASS,763,1100,69.36,B,,97
855279,PASS,437,1100,39.73,E,,99
855284,PASS,495,1100,45.0,D,,99
855286,PASS,414,1100,37.64,E,,99
855289,PASS,430,1100,39.09,E,,99
855290,WITHHELD — COMPUTERIZED ENROLMENT CARD,,,,,,124
855296,PASS,466,1100,42.36,D,,99
855421,PASS,489,1100,44.45,D,,99
855422,PASS,498,1100,45.27,D,,99
855424,PASS,493,1100,44.82,D,,99
855425,PASS,541,1100,49.18,D,,99
855721,PASS,499,1100,45.36,D,,100
856621,PASS,520,1100,47.27,D,,101
857202,PASS,670,1100,60.91,B,,103
858751,PASS,457,1100,41.55,D,,104
858752,PASS,713,1100,64.82,B,,103
858753,PASS,500,1100,45.45,D,,104
858755,PASS,500,1100,45.45,D,,104
858759,PASS,487,1100,44.27,D,,104
858767,PASS,475,1100,43.18,D,,104
858772,PASS,432,1100,39.27,E,,104
858773,PASS,472,1100,42.91,D,,104
858774,PASS,568,1100,51.64,C,,104
858904,PASS,556,1100,50.55,C,,104
858906,PASS,628,1100,57.09,C,,104
858907,PASS,566,1100,51.45,C,,104
859002,PASS,686,1100,62.36,B,,105
859005,PASS,523,1100,47.55,D,,105
859013,PASS,467,1100,42.45,D,,105
859015,PASS,531,1100,48.27,D,,105
859016,PASS,623,1100,56.64,C,,105
859017,PASS,521,1100,47.36,D,,105
859018,PASS,441,1100,40.09,D,,105
859019,PASS,523,1100,47.55,D,,105
859020,PASS,462,1100,42.0,D,,105
859021,PASS,519,1100,47.18,D,,105
859023,PASS,499,1100,45.36,D,,105
859024,PASS,392,1100,35.64,E,,105
859029,PASS,498,1100,45.27,D,,105
859032,PASS,664,1100,60.36,B,,105
859033,PASS,690,1100,62.73,B,,105
859037,PASS,439,1100,39.91,E,,105
859041,PASS,490,1100,44.55,D,,105
859044,PASS,518,1100,47.09,D,,105
859048,PASS,457,1100,41.55,D,,105
859254,PASS,555,1100,50.45,C,,106
859261,PASS,587,1100,53.36,C,,106
859406,PASS,461,1100,41.91,D,,106
859408,PASS,612,1100,55.64,C,,106
859409,PASS,519,1100,47.18,D,,106
859416,PASS,497,1100,45.18,D,,106
859417,PASS,474,1100,43.09,D,,106
859423,PASS,453,1100,41.18,D,,106
859425,PASS,507,1100,46.09,D,,106
859426,PASS,391,1100,35.55,E,,106
859427,PASS,565,1100,51.36,C,,106
859552,PASS,600,1100,54.55,C,,107
859554,PASS,465,1100,42.27,D,,107
859557,PASS,568,1100,51.64,C,,107
859558,PASS,489,1100,44.45,D,,107
859705,PASS,530,1100,48.18,D,,108
859711,PASS,454,1100,41.27,D,,108
859717,PASS,454,1100,41.27,D,,108
859723,PASS,455,1100,41.36,D,,108
859724,PASS,778,1100,70.73,A,,107
859726,PASS,464,1100,42.18,D,,108
859730,PASS,436,1100,39.64,E,,108
859734,PASS,456,1100,41.45,D,,108
859735,PASS,614,1100,55.82,C,,107
859851,PASS,495,1100,45.0,D,,108
859852,PASS,568,1100,51.64,C,,108
859853,PASS,443,1100,40.27,D,,108
859859,PASS,452,1100,41.09,D,,108
859860,PASS,568,1100,51.64,C,,108
859863,PASS,676,1100,61.45,B,,108
862172,PASS,535,1100,48.64,D,,110
863895,PASS,508,1100,46.18,D,,111
863896,PASS,448,1100,40.73,D,,111
863905,PASS,577,1100,52.45,C,,111
863915,PASS,571,1100,51.91,C,,111
863916,PASS,514,1100,46.73,D,,111
863917,PASS,455,1100,41.36,D,,111
863918,PASS,496,1100,45.09,D,,111
863920,PASS,565,1100,51.36,C,,111
863923,PASS,437,1100,39.73,E,,111
863925,PASS,487,1100,44.27,D,,111
863928,PASS,556,1100,50.55,C,,111
864052,PASS,434,1100,39.45,E,,112
864192,PASS,578,1100,52.55,C,,112
864193,PASS,412,1100,37.45,E,,112
864196,PASS,440,1100,40.0,D,,112
864198,PASS,572,1100,52.0,C,,112
864199,PASS,609,1100,55.36,C,,112
864200,PASS,416,1100,37.82,E,,112
864201,PASS,446,1100,40.55,D,,112
864203,PASS,538,1100,48.91,D,,112
864204,PASS,528,1100,48.0,D,,112
864205,PASS,477,1100,43.36,D,,112
864207,PASS,939,1100,85.36,A-1,,112
864208,PASS,602,1100,54.73,C,,112
864212,PASS,474,1100,43.09,D,,112
864213,PASS,649,1100,59.0,C,,112
864744,PASS,582,1100,52.91,C,,114
864747,PASS,520,1100,47.27,D,,114
864751,PASS,554,1100,50.36,C,,114
864754,PASS,629,1100,57.18,C,,114
865564,PASS,444,1100,40.36,D,,115
865565,PASS,439,1100,39.91,E,,115
865712,PASS,493,1100,44.82,D,,116
865713,PASS,469,1100,42.64,D,,116
865811,PASS,553,1100,50.27,C,,116
865812,PASS,383,1100,34.82,E,,116
865815,PASS,637,1100,57.91,C,,116
865816,PASS,415,1100,37.73,E,,116
865912,PASS,491,1100,44.64,D,,117
865915,PASS,439,1100,39.91,E,,117
865916,PASS,473,1100,43.0,D,,117
865920,PASS,440,1100,40.0,D,,117
865924,PASS,479,1100,43.55,D,,117
865928,PASS,449,1100,40.82,D,,117
866061,PASS,481,1100,43.73,D,,118
866067,PASS,529,1100,48.09,D,,118
866068,PASS,547,1100,49.73,D,,118
866069,PASS,580,1100,52.73,C,,118
866070,PASS,570,1100,51.82,C,,118
866072,PASS,602,1100,54.73,C,,118
866074,PASS,527,1100,47.91,D,,118
866076,PASS,523,1100,47.55,D,,118
866077,PASS,474,1100,43.09,D,,118
866661,PASS,563,1100,51.18,C,,51
868061,PASS,651,1100,59.18,C,,120
868311,PASS,527,1100,47.91,D,,120
868313,PASS,491,1100,44.64,D,,120
868316,PASS,506,1100,46.0,D,,120
868411,PASS,462,1100,42.0,D,,121
868416,PASS,511,1100,46.45,D,,121
868561,PASS,673,1100,61.18,B,,121
868562,PASS,502,1100,45.64,D,,121
868961,PASS,484,1100,44.0,D,,122
868969,PASS,532,1100,48.36,D,,122
868970,PASS,432,1100,39.27,E,,122
868971,PASS,513,1100,46.64,D,,122
868972,PASS,448,1100,40.73,D,,122
868975,PASS,524,1100,47.64,D,,122
868977,PASS,481,1100,43.73,D,,122
869112,PASS,489,1100,44.45,D,,122
870241,PASS,588,1100,53.45,C,,123
870541,PASS,551,1100,50.09,C,,61
871142,PASS,435,1100,39.55,E,,124
871143,PASS,481,1100,43.73,D,,124
871145,PASS,498,1100,45.27,D,,124
871146,PASS,504,1100,45.82,D,,124
871147,PASS,641,1100,58.27,C,,124
871150,PASS,418,1100,38.0,E,,124
871157,PASS,471,1100,42.82,D,,124
871160,PASS,427,1100,38.82,E,,124
871161,PASS,492,1100,44.73,D,,124
871165,PASS,442,1100,40.18,D,,124
871167,PASS,507,1100,46.09,D,,124
871391,PASS,649,1100,59.0,C,,125
871392,PASS,487,1100,44.27,D,,125
871491,PASS,454,1100,41.27,D,,125
871494,PASS,420,1100,38.18,E,,125
871500,PASS,524,1100,47.64,D,,125
871501,PASS,468,1100,42.55,D,,125
871503,PASS,492,1100,44.73,D,,125
871504,PASS,473,1100,43.0,D,,125
871644,PASS,477,1100,43.36,D,,126
871645,PASS,586,1100,53.27,C,,126
872441,PASS,605,1100,55.0,C,,127
873231,PASS,451,1100,41.0,D,,128
873232,PASS,536,1100,48.73,D,,128
873431,PASS,504,1100,45.82,D,,128
873531,PASS,485,1100,44.09,D,,129
873532,PASS,464,1100,42.18,D,,129
874931,PASS,512,1100,46.55,D,,72
875332,PASS,582,1100,52.91,C,,74
875732,PASS,456,1100,41.45,D,,76
875733,PASS,506,1100,46.0,D,,76
875881,PASS,566,1100,51.45,C,,77
875882,PASS,553,1100,50.27,C,,77
875883,PASS,591,1100,53.73,C,,77
875884,PASS,565,1100,51.36,C,,77
875885,PASS,632,1100,57.45,C,,77
875887,PASS,496,1100,45.09,D,,78
875889,PASS,631,1100,57.36,C,,77
875891,PASS,600,1100,54.55,C,,77
875892,PASS,526,1100,47.82,D,,78
875894,PASS,543,1100,49.36,D,,78
875898,PASS,509,1100,46.27,D,,78
875899,PASS,429,1100,39.0,E,,78
876931,PASS,648,1100,58.91,C,,78
877631,PASS,863,1100,78.45,A,,129
877637,PASS,438,1100,39.82,E,,129
877644,PASS,521,1100,47.36,D,,129
877647,PASS,497,1100,45.18,D,,129
877649,PASS,499,1100,45.36,D,,129
877650,PASS,458,1100,41.64,D,,129
877656,PASS,497,1100,45.18,D,,129
877789,PASS,625,1100,56.82,C,,130
877795,PASS,585,1100,53.18,C,,130
877937,PASS,588,1100,53.45,C,,131
877939,PASS,488,1100,44.36,D,,131
877953,PASS,470,1100,42.73,D,,131
877957,PASS,641,1100,58.27,C,,131
877958,PASS,519,1100,47.18,D,,131
877960,PASS,489,1100,44.45,D,,131
877964,PASS,484,1100,44.0,D,,131
878081,PASS,623,1100,56.64,C,,131
878181,PASS,753,1100,68.45,B,,132
878282,PASS,561,1100,51.0,C,,132
878284,PASS,498,1100,45.27,D,,132
878287,PASS,522,1100,47.45,D,,132
878288,PASS,682,1100,62.0,B,,132
878732,PASS,455,1100,41.36,D,,133
878733,PASS,440,1100,40.0,D,,133
879471,PASS,690,1100,62.73,B,,83
879472,PASS,762,1100,69.27,B,,83
880174,PASS,555,1100,50.45,C,,133
880175,PASS,534,1100,48.55,D,,133
880177,PASS,538,1100,48.91,D,,133
880180,PASS,497,1100,45.18,D,,133
880272,PASS,579,1100,52.64,C,,134
880273,PASS,556,1100,50.55,C,,134
880276,PASS,557,1100,50.64,C,,134
880422,PASS,547,1100,49.73,D,,134
880575,PASS,568,1100,51.64,C,,135
880578,PASS,524,1100,47.64,D,,135
880580,PASS,488,1100,44.36,D,,135
880584,PASS,532,1100,48.36,D,,135
880586,PASS,586,1100,53.27,C,,135
880587,PASS,473,1100,43.0,D,,135
880588,PASS,556,1100,50.55,C,,135
880590,PASS,484,1100,44.0,D,,135
880592,PASS,497,1100,45.18,D,,135
880593,PASS,533,1100,48.45,D,,135
880595,PASS,502,1100,45.64,D,,135
880596,PASS,476,1100,43.27,D,,135
880597,PASS,522,1100,47.45,D,,135
880599,PASS,550,1100,50.0,C,,135
882171,PASS,649,1100,59.0,C,,88
882472,PASS,392,1100,35.64,E,,149
882574,PASS,448,1100,40.73,D,,136
882579,PASS,457,1100,41.55,D,,136
882580,PASS,577,1100,52.45,C,,136
882582,PASS,517,1100,47.0,D,,136
882583,PASS,534,1100,48.55,D,,136
882585,PASS,782,1100,71.09,A,,135
882586,WITHHELD — COMPUTERIZED ENROLMENT CARD,,,,,,124
882587,PASS,494,1100,44.91,D,,136
882589,PASS,466,1100,42.36,D,,136
882590,PASS,578,1100,52.55,C,,136
882593,PASS,482,1100,43.82,D,,136
882721,PASS,554,1100,50.36,C,,149
882924,PASS,558,1100,50.73,C,,91
883272,PASS,459,1100,41.73,D,,137
883273,PASS,456,1100,41.45,D,,137
883275,PASS,432,1100,39.27,E,,137
883871,PASS,524,1100,47.64,D,,92
885071,PASS,496,1100,45.09,D,,139
885072,PASS,506,1100,46.0,D,,139
885073,PASS,531,1100,48.27,D,,139
885078,PASS,508,1100,46.18,D,,139
885079,PASS,449,1100,40.82,D,,139
885081,PASS,648,1100,58.91,C,,138
885086,PASS,535,1100,48.64,D,,139
885087,PASS,563,1100,51.18,C,,138
885089,PASS,484,1100,44.0,D,,139
885092,PASS,549,1100,49.91,D,,139
885093,PASS,448,1100,40.73,D,,139
885097,PASS,615,1100,55.91,C,,139
885471,PASS,591,1100,53.73,C,,140
885475,PASS,495,1100,45.0,D,,140
885476,PASS,540,1100,49.09,D,,140
886241,PASS,493,1100,44.82,D,,140
886242,PASS,470,1100,42.73,D,,140
887241,WITHHELD — COMPUTERIZED ENROLMENT CARD,,,,,,124
887741,PASS,560,1100,50.91,C,,149
888681,PASS,538,1100,48.91,D,,98
888787,PASS,485,1100,44.09,D,,143
888789,PASS,438,1100,39.82,E,,143
888931,PASS,621,1100,56.45,C,,99
888932,PASS,592,1100,53.82,C,,99
889531,PASS,507,1100,46.09,D,,143
891031,PASS,691,1100,62.82,B,,150
891032,WITHHELD — COMPUTERIZED ENROLMENT CARD,,,,,,124
891033,WITHHELD — COMPUTERIZED ENROLMENT CARD,,,,,,124
891034,PASS,564,1100,51.27,C,,150
891035,PASS,635,1100,57.73,C,,150
891036,PASS,546,1100,49.64,D,,150
891041,PASS — PRIVATE / COMPONENT MARKS,82,200,41.0,,,123
891183,PASS,532,1100,48.36,D,,150
891184,PASS,692,1100,62.91,B,,150
891187,WITHHELD — COMPUTERIZED ENROLMENT CARD,,,,,,124
891188,PASS,661,1100,60.09,B,,150
891189,PASS,706,1100,64.18,B,,150
891190,PASS,515,1100,46.82,D,,150
891201,WITHHELD — COMPUTERIZED ENROLMENT CARD,,,,,,124
891202,PASS,770,1100,70.0,A,,149
891204,PASS,651,1100,59.18,C,,150
891205,PASS,461,1100,41.91,D,,150
891208,PASS,792,1100,72.0,A,,149
891210,PASS,472,1100,42.91,D,,150
891211,PASS,700,1100,63.64,B,,150
891214,PASS,728,1100,66.18,B,,150
891216,WITHHELD — COMPUTERIZED ENROLMENT CARD,,,,,,124
891217,WITHHELD — COMPUTERIZED ENROLMENT CARD,,,,,,124
891218,PASS,509,1100,46.27,D,,150
891219,WITHHELD — COMPUTERIZED ENROLMENT CARD,,,,,,124
891220,PASS,726,1100,66.0,B,,150
891221,PASS,523,1100,47.55,D,,150
891222,PASS,700,1100,63.64,B,,150
891223,PASS,647,1100,58.82,C,,150
891224,WITHHELD — COMPUTERIZED ENROLMENT CARD,,,,,,124
891225,PASS,730,1100,66.36,B,,150
891231,WITHHELD — COMPUTERIZED ENROLMENT CARD,,,,,,124
891233,WITHHELD — COMPUTERIZED ENROLMENT CARD,,,,,,124
891234,WITHHELD — COMPUTERIZED ENROLMENT CARD,,,,,,124
891238,WITHHELD — COMPUTERIZED ENROLMENT CARD,,,,,,124
891239,WITHHELD — COMPUTERIZED ENROLMENT CARD,,,,,,124
891240,WITHHELD — U.F.M. CASE,,,,,,124
891241,WITHHELD — COMPUTERIZED ENROLMENT CARD,,,,,,124
891251,PASS,556,1100,50.55,C,,150
891253,PASS,641,1100,58.27,C,,150
891254,PASS,590,1100,53.64,C,,150
891255,PASS,493,1100,44.82,D,,150
891256,WITHHELD — COMPUTERIZED ENROLMENT CARD,,,,,,124
891257,PASS,451,1100,41.0,D,,150
891258,PASS,702,1100,63.82,B,,150
891259,PASS,683,1100,62.09,B,,150
891261,PASS,682,1100,62.0,B,,150
891262,PASS,446,1100,40.55,D,,150
891263,WITHHELD — COMPUTERIZED ENROLMENT CARD,,,,,,124
891264,PASS,539,1100,49.0,D,,150
891266,PASS,490,1100,44.55,D,,150
891268,WITHHELD — COMPUTERIZED ENROLMENT CARD,,,,,,124
891269,PASS,457,1100,41.55,D,,150
891270,WITHHELD — COMPUTERIZED ENROLMENT CARD,,,,,,124
891273,PASS,625,1100,56.82,C,,150
891275,WITHHELD — COMPUTERIZED ENROLMENT CARD,,,,,,124
891277,WITHHELD — COMPUTERIZED ENROLMENT CARD,,,,,,124
891278,WITHHELD — COMPUTERIZED ENROLMENT CARD,,,,,,124
891279,PASS,513,1100,46.64,D,,150
891280,PASS,442,1100,40.18,D,,150
891281,PASS,487,1100,44.27,D,,150
891282,PASS,502,1100,45.64,D,,150
891283,PASS,414,1100,37.64,E,,150
891284,PASS,627,1100,57.0,C,,150
891285,WITHHELD — COMPUTERIZED ENROLMENT CARD,,,,,,124
891286,WITHHELD — COMPUTERIZED ENROLMENT CARD,,,,,,124
891288,WITHHELD — COMPUTERIZED ENROLMENT CARD,,,,,,124
891291,PASS — PRIVATE / COMPONENT MARKS,169,200,84.5,,,123
891292,WITHHELD — COMPUTERIZED ENROLMENT CARD,,,,,,124
891293,WITHHELD — COMPUTERIZED ENROLMENT CARD,,,,,,124
891294,WITHHELD — COMPUTERIZED ENROLMENT CARD,,,,,,124
891295,PASS — PRIVATE / COMPONENT MARKS,238,600,39.67,,,123
891296,PASS — PRIVATE / COMPONENT MARKS,129,200,64.5,,,123
891441,PASS,505,1100,45.91,D,,150
891631,WITHHELD — COMPUTERIZED ENROLMENT CARD,,,,,,124
891821,WITHHELD — COMPUTERIZED ENROLMENT CARD,,,,,,124
891822,WITHHELD — COMPUTERIZED ENROLMENT CARD,,,,,,124
891981,PASS,558,1100,50.73,C,,150
891982,WITHHELD — COMPUTERIZED ENROLMENT CARD,,,,,,124
891983,PASS,568,1100,51.64,C,,150
891985,WITHHELD — COMPUTERIZED ENROLMENT CARD,,,,,,124
891986,WITHHELD — COMPUTERIZED ENROLMENT CARD,,,,,,124
892001,PASS,552,1100,50.18,C,,150
892002,PASS,510,1100,46.36,D,,150
892003,PASS,728,1100,66.18,B,,150
892004,WITHHELD — COMPUTERIZED ENROLMENT CARD,,,,,,124
892005,PASS,475,1100,43.18,D,,150
892011,WITHHELD — COMPUTERIZED ENROLMENT CARD,,,,,,124
892021,PASS,517,1100,47.0,D,,150
892022,PASS,744,1100,67.64,B,,150
892023,WITHHELD — COMPUTERIZED ENROLMENT CARD,,,,,,124
892024,PASS,578,1100,52.55,C,,150
892025,PASS,530,1100,48.18,D,,150
892026,WITHHELD — COMPUTERIZED ENROLMENT CARD,,,,,,124
892041,PASS — PRIVATE / COMPONENT MARKS,112,200,56.0,,,123
892042,PASS — PRIVATE / COMPONENT MARKS,168,200,84.0,,,123
892182,PASS,695,1100,63.18,B,,150
892192,PASS,804,1100,73.09,A,,149
892195,PASS,595,1100,54.09,C,,150
892197,WITHHELD — COMPUTERIZED ENROLMENT CARD,,,,,,124
892198,WITHHELD — COMPUTERIZED ENROLMENT CARD,,,,,,124
892200,WITHHELD — COMPUTERIZED ENROLMENT CARD,,,,,,124
892201,PASS,557,1100,50.64,C,,150
892202,PASS,565,1100,51.36,C,,150
892203,PASS,585,1100,53.18,C,,150
892211,PASS,896,1100,81.45,A-1,,149
892222,PASS,649,1100,59.0,C,,150
892223,PASS,436,1100,39.64,E,,150
892224,PASS,521,1100,47.36,D,,150
892225,PASS,453,1100,41.18,D,,150
892226,PASS,500,1100,45.45,D,,150
892227,PASS,515,1100,46.82,D,,150
892228,PASS,584,1100,53.09,C,,150
892231,PASS — PRIVATE / COMPONENT MARKS,71,200,35.5,,,123
892372,PASS,787,1100,71.55,A,,149
892376,PASS,791,1100,71.91,A,,149
892378,PASS,700,1100,63.64,B,,150
892381,PASS,687,1100,62.45,B,,150
892384,WITHHELD — COMPUTERIZED ENROLMENT CARD,,,,,,124
892403,PASS,772,1100,70.18,A,,149
892405,PASS,546,1100,49.64,D,,150
892406,PASS,457,1100,41.55,D,,150
892408,PASS,532,1100,48.36,D,,150
892410,PASS,661,1100,60.09,B,,150
892411,PASS,487,1100,44.27,D,,150
892413,PASS,586,1100,53.27,C,,150
892414,PASS,595,1100,54.09,C,,150
892415,PASS,639,1100,58.09,C,,150
892416,PASS,807,1100,73.36,A,,149
892417,WITHHELD — COMPUTERIZED ENROLMENT CARD,,,,,,124
892418,WITHHELD — COMPUTERIZED ENROLMENT CARD,,,,,,124
892419,WITHHELD — COMPUTERIZED ENROLMENT CARD,,,,,,124
892421,PASS,724,1100,65.82,B,,150
892423,PASS,627,1100,57.0,C,,150
892424,WITHHELD — COMPUTERIZED ENROLMENT CARD,,,,,,124
892426,WITHHELD — COMPUTERIZED ENROLMENT CARD,,,,,,124
892431,PASS,711,1100,64.64,B,,150
892432,PASS,676,1100,61.45,B,,150
892433,PASS,490,1100,44.55,D,,150
892434,PASS,696,1100,63.27,B,,150
892435,PASS,494,1100,44.91,D,,150
892436,PASS,631,1100,57.36,C,,150
892437,PASS,596,1100,54.18,C,,150
892438,PASS,475,1100,43.18,D,,150
892440,PASS,558,1100,50.73,C,,150
892441,PASS,608,1100,55.27,C,,150
892442,PASS,536,1100,48.73,D,,150
892443,PASS,609,1100,55.36,C,,150
892446,PASS,510,1100,46.36,D,,150
892447,PASS,543,1100,49.36,D,,150
892448,PASS,688,1100,62.55,B,,150
892449,WITHHELD — COMPUTERIZED ENROLMENT CARD,,,,,,124
892450,WITHHELD — COMPUTERIZED ENROLMENT CARD,,,,,,124
892451,PASS,698,1100,63.45,B,,150
892452,PASS,713,1100,64.82,B,,150
892453,WITHHELD — COMPUTERIZED ENROLMENT CARD,,,,,,124
892461,PASS — PRIVATE / COMPONENT MARKS,146,200,73.0,,,123
892462,PASS — PRIVATE / COMPONENT MARKS,84,200,42.0,,,123
892463,PASS — PRIVATE / COMPONENT MARKS,181,200,90.5,,,123
892491,PASS,758,1100,68.91,B,,150
892601,PASS,582,1100,52.91,C,,150
892602,PASS,706,1100,64.18,B,,150
892606,PASS,835,1100,75.91,A,,149
892607,WITHHELD — COMPUTERIZED ENROLMENT CARD,,,,,,124
892621,PASS,556,1100,50.55,C,,150
892622,WITHHELD — COMPUTERIZED ENROLMENT CARD,,,,,,124
892623,PASS,937,1100,85.18,A-1,,149
892625,PASS,522,1100,47.45,D,,150
892626,PASS,672,1100,61.09,B,,150
892627,PASS,635,1100,57.73,C,,150
892632,PASS,627,1100,57.0,C,,150
892634,PASS,811,1100,73.73,A,,149
892635,WITHHELD — COMPUTERIZED ENROLMENT CARD,,,,,,124
892636,PASS,479,1100,43.55,D,,150
892637,PASS,628,1100,57.09,C,,150
892638,PASS,749,1100,68.09,B,,150
892639,WITHHELD — COMPUTERIZED ENROLMENT CARD,,,,,,124
892640,WITHHELD — COMPUTERIZED ENROLMENT CARD,,,,,,124
892641,PASS,671,1100,61.0,B,,150
892642,PASS,504,1100,45.82,D,,150
892643,WITHHELD — COMPUTERIZED ENROLMENT CARD,,,,,,124
892644,PASS,564,1100,51.27,C,,150
892646,WITHHELD — COMPUTERIZED ENROLMENT CARD,,,,,,124
892647,PASS,794,1100,72.18,A,,149
892648,PASS,766,1100,69.64,B,,149
892649,WITHHELD — COMPUTERIZED ENROLMENT CARD,,,,,,124
892651,PASS,900,1100,81.82,A-1,,149
892652,PASS,788,1100,71.64,A,,149
892653,PASS,603,1100,54.82,C,,150
892655,PASS,921,1100,83.73,A-1,,149
892657,PASS,602,1100,54.73,C,,150
892658,PASS,933,1100,84.82,A-1,,149
892659,PASS,917,1100,83.36,A-1,,149
892671,WITHHELD — COMPUTERIZED ENROLMENT CARD,,,,,,124
892673,PASS,555,1100,50.45,C,,150
892674,PASS,562,1100,51.09,C,,150
892675,PASS,558,1100,50.73,C,,150
892676,PASS,620,1100,56.36,C,,150
892677,PASS,615,1100,55.91,C,,150
892678,PASS,648,1100,58.91,C,,150
892679,PASS,519,1100,47.18,D,,150
892681,WITHHELD — COMPUTERIZED ENROLMENT CARD,,,,,,124
892682,PASS,732,1100,66.55,B,,150
892683,PASS,668,1100,60.73,B,,150
892684,PASS,622,1100,56.55,C,,150
892685,PASS,533,1100,48.45,D,,150
892686,PASS,572,1100,52.0,C,,150
892687,PASS,738,1100,67.09,B,,150
892689,PASS,489,1100,44.45,D,,150
892690,PASS,458,1100,41.64,D,,150
892691,WITHHELD — COMPUTERIZED ENROLMENT CARD,,,,,,124
892692,PASS,612,1100,55.64,C,,150
892701,PASS — PRIVATE / COMPONENT MARKS,157,200,78.5,,,123
892703,WITHHELD — COMPUTERIZED ENROLMENT CARD,,,,,,124
892705,PASS — PRIVATE / COMPONENT MARKS,139,200,69.5,,,123
892706,WITHHELD — COMPUTERIZED ENROLMENT CARD,,,,,,124
892707,PASS — PRIVATE / COMPONENT MARKS,97,200,48.5,,,123
892708,PASS — PRIVATE / COMPONENT MARKS,103,200,51.5,,,123
892709,PASS — PRIVATE / COMPONENT MARKS,85,200,42.5,,,123
892710,PASS — PRIVATE / COMPONENT MARKS,95,200,47.5,,,123
892881,PASS,597,1100,54.27,C,,150
893041,PASS,764,1100,69.45,B,,150
893211,PASS,614,1100,55.82,C,,150
893213,WITHHELD — COMPUTERIZED ENROLMENT CARD,,,,,,124
893217,WITHHELD — COMPUTERIZED ENROLMENT CARD,,,,,,124
893219,WITHHELD — COMPUTERIZED ENROLMENT CARD,,,,,,124
893220,WITHHELD — COMPUTERIZED ENROLMENT CARD,,,,,,124
893221,WITHHELD — COMPUTERIZED ENROLMENT CARD,,,,,,124
893222,WITHHELD — COMPUTERIZED ENROLMENT CARD,,,,,,124
893223,WITHHELD — COMPUTERIZED ENROLMENT CARD,,,,,,124
893231,PASS,634,1100,57.64,C,,150
893232,WITHHELD — COMPUTERIZED ENROLMENT CARD,,,,,,124
893233,PASS,723,1100,65.73,B,,150
893235,WITHHELD — COMPUTERIZED ENROLMENT CARD,,,,,,124
893236,PASS,661,1100,60.09,B,,150
893237,WITHHELD — COMPUTERIZED ENROLMENT CARD,,,,,,124
893239,PASS,459,1100,41.73,D,,150
893240,PASS,763,1100,69.36,B,,150
893241,WITHHELD — COMPUTERIZED ENROLMENT CARD,,,,,,124
893242,PASS,544,1100,49.45,D,,150
893243,WITHHELD — COMPUTERIZED ENROLMENT CARD,,,,,,124
893245,WITHHELD — U.F.M. CASE,,,,,,124
893246,PASS,624,1100,56.73,C,,150
893247,PASS,753,1100,68.45,B,,150
893248,PASS,698,1100,63.45,B,,150
893251,PASS,550,1100,50.0,C,,150
893255,PASS,775,1100,70.45,A,,149
893272,PASS,522,1100,47.45,D,,150
893273,WITHHELD — COMPUTERIZED ENROLMENT CARD,,,,,,124
893274,PASS,568,1100,51.64,C,,150
893275,PASS,460,1100,41.82,D,,150
893276,PASS,688,1100,62.55,B,,150
893277,PASS,671,1100,61.0,B,,150
893279,PASS,702,1100,63.82,B,,150
893281,PASS,536,1100,48.73,D,,150
893282,PASS,593,1100,53.91,C,,150
893283,PASS,561,1100,51.0,C,,150
893284,PASS,705,1100,64.09,B,,150
893285,PASS,563,1100,51.18,C,,150
893286,PASS,557,1100,50.64,C,,150
893287,PASS,560,1100,50.91,C,,150
893288,PASS,470,1100,42.73,D,,150
893289,PASS,598,1100,54.36,C,,150
893290,PASS,622,1100,56.55,C,,150
893291,PASS,752,1100,68.36,B,,150
893293,PASS,536,1100,48.73,D,,150
893295,WITHHELD — COMPUTERIZED ENROLMENT CARD,,,,,,124
893296,WITHHELD — COMPUTERIZED ENROLMENT CARD,,,,,,124
893297,PASS,571,1100,51.91,C,,150
893299,PASS,494,1100,44.91,D,,150
893300,PASS,457,1100,41.55,D,,150
893301,WITHHELD — COMPUTERIZED ENROLMENT CARD,,,,,,124
893302,WITHHELD — COMPUTERIZED ENROLMENT CARD,,,,,,124
893303,WITHHELD — COMPUTERIZED ENROLMENT CARD,,,,,,124
893304,PASS,498,1100,45.27,D,,150
893305,WITHHELD — COMPUTERIZED ENROLMENT CARD,,,,,,124
893311,PASS — PRIVATE / COMPONENT MARKS,111,200,55.5,,,123
893313,PASS — PRIVATE / COMPONENT MARKS,84,200,42.0,,,123
893314,PASS — PRIVATE / COMPONENT MARKS,141,200,70.5,,,123
893315,PASS — PRIVATE / COMPONENT MARKS,82,200,41.0,,,123
893316,PASS — PRIVATE / COMPONENT MARKS,169,200,84.5,,,123
893317,WITHHELD — COMPUTERIZED ENROLMENT CARD,,,,,,124
893461,PASS,755,1100,68.64,B,,150
893475,WITHHELD — COMPUTERIZED ENROLMENT CARD,,,,,,124
893502,PASS,546,1100,49.64,D,,150
893503,WITHHELD — COMPUTERIZED ENROLMENT CARD,,,,,,124
893504,WITHHELD — COMPUTERIZED ENROLMENT CARD,,,,,,124
893511,PASS — PRIVATE / COMPONENT MARKS,97,200,48.5,,,123
893512,PASS — PRIVATE / COMPONENT MARKS,66,200,33.0,,,123
893652,PASS,648,1100,58.91,C,,150
893653,PASS,670,1100,60.91,B,,150
893654,PASS,780,1100,70.91,A,,149
893656,PASS,836,1100,76.0,A,,149
893657,PASS,767,1100,69.73,B,,149
893658,PASS,706,1100,64.18,B,,150
893659,PASS,780,1100,70.91,A,,149
893673,WITHHELD — COMPUTERIZED ENROLMENT CARD,,,,,,124
893674,PASS,619,1100,56.27,C,,150
893675,PASS,699,1100,63.55,B,,150
893676,PASS,791,1100,71.91,A,,149
893691,PASS,546,1100,49.64,D,,150
893693,PASS,473,1100,43.0,D,,150
893694,WITHHELD — COMPUTERIZED ENROLMENT CARD,,,,,,124
893701,PASS — PRIVATE / COMPONENT MARKS,68,200,34.0,,,123
893702,PASS — PRIVATE / COMPONENT MARKS,98,200,49.0,,,123
893703,PASS — PRIVATE / COMPONENT MARKS,497,600,82.83,,,123
893704,PASS — PRIVATE / COMPONENT MARKS,70,200,35.0,,,123
893841,PASS,538,1100,48.91,D,,150
893851,PASS,613,1100,55.73,C,,150
893853,PASS,489,1100,44.45,D,,150
893872,PASS,724,1100,65.82,B,,150
893873,WITHHELD — COMPUTERIZED ENROLMENT CARD,,,,,,124
893881,PASS,642,1100,58.36,C,,150
893882,PASS,616,1100,56.0,C,,150
893883,PASS,610,1100,55.45,C,,150
893901,PASS — PRIVATE / COMPONENT MARKS,78,200,39.0,,,123
894051,WITHHELD — COMPUTERIZED ENROLMENT CARD,,,,,,124
894052,PASS,529,1100,48.09,D,,150
894054,WITHHELD — COMPUTERIZED ENROLMENT CARD,,,,,,124
894055,PASS,677,1100,61.55,B,,150
894056,WITHHELD — COMPUTERIZED ENROLMENT CARD,,,,,,124
894057,PASS,799,1100,72.64,A,,149
894062,PASS,760,1100,69.09,B,,150
894063,WITHHELD — COMPUTERIZED ENROLMENT CARD,,,,,,124
894071,PASS,566,1100,51.45,C,,150
894072,PASS,519,1100,47.18,D,,150
894081,WITHHELD — COMPUTERIZED ENROLMENT CARD,,,,,,124
894261,WITHHELD — COMPUTERIZED ENROLMENT CARD,,,,,,124
894401,WITHHELD — COMPUTERIZED ENROLMENT CARD,,,,,,124
894402,WITHHELD — COMPUTERIZED ENROLMENT CARD,,,,,,124
894403,WITHHELD — COMPUTERIZED ENROLMENT CARD,,,,,,124
894411,PASS,568,1100,51.64,C,,150
894412,PASS,754,1100,68.55,B,,150
894413,WITHHELD — COMPUTERIZED ENROLMENT CARD,,,,,,124
894431,WITHHELD — COMPUTERIZED ENROLMENT CARD,,,,,,124
894433,WITHHELD — COMPUTERIZED ENROLMENT CARD,,,,,,124
894441,WITHHELD — COMPUTERIZED ENROLMENT CARD,,,,,,124
894442,WITHHELD — COMPUTERIZED ENROLMENT CARD,,,,,,124
895181,PASS,601,1100,54.64,C,,151
895182,WITHHELD — COMPUTERIZED ENROLMENT CARD,,,,,,124
895192,PASS,720,1100,65.45,B,,151
895213,PASS,588,1100,53.45,C,,151
895221,PASS — PRIVATE / COMPONENT MARKS,79,200,39.5,,,123
895222,PASS — PRIVATE / COMPONENT MARKS,90,200,45.0,,,123
895224,PASS — PRIVATE / COMPONENT MARKS,68,200,34.0,,,123
895401,PASS — PRIVATE / COMPONENT MARKS,520,600,86.67,,,123
895571,PASS,675,1100,61.36,B,,151
895901,PASS,584,1100,53.09,C,,151
895911,PASS,761,1100,69.18,B,,151
895912,WITHHELD — COMPUTERIZED ENROLMENT CARD,,,,,,124
895913,WITHHELD — COMPUTERIZED ENROLMENT CARD,,,,,,124
895914,PASS,611,1100,55.55,C,,151
895921,PASS,660,1100,60.0,B,,151
895922,PASS,584,1100,53.09,C,,151
895931,PASS,563,1100,51.18,C,,151
895933,PASS,450,1100,40.91,D,,151
895934,WITHHELD — COMPUTERIZED ENROLMENT CARD,,,,,,124
895941,PASS — PRIVATE / COMPONENT MARKS,153,200,76.5,,,123
895942,PASS — PRIVATE / COMPONENT MARKS,99,200,49.5,,,123
895943,PASS — PRIVATE / COMPONENT MARKS,99,200,49.5,,,123
896092,PASS,812,1100,73.82,A,,151
896093,WITHHELD — COMPUTERIZED ENROLMENT CARD,,,,,,124
896111,PASS,523,1100,47.55,D,,151
896113,WITHHELD — COMPUTERIZED ENROLMENT CARD,,,,,,124
896121,PASS — PRIVATE / COMPONENT MARKS,66,200,33.0,,,123
896122,PASS — PRIVATE / COMPONENT MARKS,106,200,53.0,,,123
896123,PASS — PRIVATE / COMPONENT MARKS,159,200,79.5,,,123
896272,PASS,640,1100,58.18,C,,151
896274,PASS,783,1100,71.18,A,,151
896275,PASS,572,1100,52.0,C,,151
896291,PASS,525,1100,47.73,D,,151
896292,PASS,695,1100,63.18,B,,151
896293,WITHHELD — COMPUTERIZED ENROLMENT CARD,,,,,,124
896301,PASS — PRIVATE / COMPONENT MARKS,123,200,61.5,,,123
896302,PASS — PRIVATE / COMPONENT MARKS,102,200,51.0,,,123
896303,PASS — PRIVATE / COMPONENT MARKS,95,200,47.5,,,123
896451,PASS,541,1100,49.18,D,,151
896452,WITHHELD — COMPUTERIZED ENROLMENT CARD,,,,,,124
896462,PASS,933,1100,84.82,A-1,,151
896471,PASS,678,1100,61.64,B,,151
896472,PASS,456,1100,41.45,D,,151
896474,WITHHELD — COMPUTERIZED ENROLMENT CARD,,,,,,124
896475,PASS,661,1100,60.09,B,,151
896476,PASS,641,1100,58.27,C,,151
896482,PASS — PRIVATE / COMPONENT MARKS,114,200,57.0,,,123
896483,PASS — PRIVATE / COMPONENT MARKS,84,200,42.0,,,123
896484,PASS — PRIVATE / COMPONENT MARKS,140,200,70.0,,,123
896485,WITHHELD — COMPUTERIZED ENROLMENT CARD,,,,,,124
896486,PASS — PRIVATE / COMPONENT MARKS,168,200,84.0,,,123
896487,PASS — PRIVATE / COMPONENT MARKS,96,200,48.0,,,123
896661,PASS — PRIVATE / COMPONENT MARKS,186,200,93.0,,,123
896981,PASS,712,1100,64.73,B,,151
896982,PASS,580,1100,52.73,C,,151
896983,PASS,689,1100,62.64,B,,151
896986,PASS,659,1100,59.91,C,,151
897001,PASS,757,1100,68.82,B,,151
897011,WITHHELD — COMPUTERIZED ENROLMENT CARD,,,,,,124
897012,PASS,801,1100,72.82,A,,151
897021,WITHHELD — COMPUTERIZED ENROLMENT CARD,,,,,,124
897022,WITHHELD — COMPUTERIZED ENROLMENT CARD,,,,,,124
897023,PASS,475,1100,43.18,D,,151
897024,PASS,513,1100,46.64,D,,151
897026,PASS,771,1100,70.09,A,,151
897027,PASS,652,1100,59.27,C,,151
897028,WITHHELD — COMPUTERIZED ENROLMENT CARD,,,,,,124
897029,PASS,443,1100,40.27,D,,151
897030,WITHHELD — COMPUTERIZED ENROLMENT CARD,,,,,,124
897031,WITHHELD — COMPUTERIZED ENROLMENT CARD,,,,,,124
897041,PASS — PRIVATE / COMPONENT MARKS,71,200,35.5,,,123
897042,PASS — PRIVATE / COMPONENT MARKS,107,200,53.5,,,123
897043,PASS — PRIVATE / COMPONENT MARKS,151,200,75.5,,,123
897044,WITHHELD — COMPUTERIZED ENROLMENT CARD,,,,,,124
897045,PASS — PRIVATE / COMPONENT MARKS,169,200,84.5,,,123
897046,PASS — PRIVATE / COMPONENT MARKS,97,200,48.5,,,123
897047,PASS — PRIVATE / COMPONENT MARKS,100,200,50.0,,,123
897048,PASS — PRIVATE / COMPONENT MARKS,88,200,44.0,,,123
897049,PASS — PRIVATE / COMPONENT MARKS,114,200,57.0,,,123
897201,WITHHELD — COMPUTERIZED ENROLMENT CARD,,,,,,124
897211,PASS,645,1100,58.64,C,,151
897221,PASS — PRIVATE / COMPONENT MARKS,74,200,37.0,,,123
897222,PASS — PRIVATE / COMPONENT MARKS,150,200,75.0,,,123
897223,PASS — PRIVATE / COMPONENT MARKS,122,200,61.0,,,123
897361,PASS,875,1100,79.55,A,,151
897371,WITHHELD — COMPUTERIZED ENROLMENT CARD,,,,,,124
897391,PASS,468,1100,42.55,D,,151
897392,PASS,537,1100,48.82,D,,151
897393,WITHHELD — COMPUTERIZED ENROLMENT CARD,,,,,,124
897394,WITHHELD — COMPUTERIZED ENROLMENT CARD,,,,,,124
897395,WITHHELD — COMPUTERIZED ENROLMENT CARD,,,,,,124
897401,PASS — PRIVATE / COMPONENT MARKS,108,200,54.0,,,123
897402,WITHHELD — COMPUTERIZED ENROLMENT CARD,,,,,,124
897403,WITHHELD — COMPUTERIZED ENROLMENT CARD,,,,,,124
897541,PASS,646,1100,58.73,C,,151
897551,WITHHELD — COMPUTERIZED ENROLMENT CARD,,,,,,124
897571,PASS,514,1100,46.73,D,,151
897572,PASS,480,1100,43.64,D,,151
897573,PASS,498,1100,45.27,D,,151
897575,PASS,482,1100,43.82,D,,151
897591,PASS — PRIVATE / COMPONENT MARKS,86,200,43.0,,,123
898101,PASS,617,1100,56.09,C,,151
